Timing Analyzer report for fec_saylinx_board_top
Wed Dec 10 17:15:42 2025
Quartus Prime Version 21.1.1 Build 850 06/23/2022 SJ Lite Edition


---------------------
; Table of Contents ;
---------------------
  1. Legal Notice
  2. Timing Analyzer Summary
  3. Parallel Compilation
  4. SDC File List
  5. Clocks
  6. Slow 1200mV 85C Model Fmax Summary
  7. Timing Closure Recommendations
  8. Slow 1200mV 85C Model Setup Summary
  9. Slow 1200mV 85C Model Hold Summary
 10. Slow 1200mV 85C Model Recovery Summary
 11. Slow 1200mV 85C Model Removal Summary
 12. Slow 1200mV 85C Model Minimum Pulse Width Summary
 13. Slow 1200mV 85C Model Setup: 'CLK'
 14. Slow 1200mV 85C Model Hold: 'CLK'
 15. Slow 1200mV 85C Model Metastability Summary
 16. Slow 1200mV 0C Model Fmax Summary
 17. Slow 1200mV 0C Model Setup Summary
 18. Slow 1200mV 0C Model Hold Summary
 19. Slow 1200mV 0C Model Recovery Summary
 20. Slow 1200mV 0C Model Removal Summary
 21. Slow 1200mV 0C Model Minimum Pulse Width Summary
 22. Slow 1200mV 0C Model Setup: 'CLK'
 23. Slow 1200mV 0C Model Hold: 'CLK'
 24. Slow 1200mV 0C Model Metastability Summary
 25. Fast 1200mV 0C Model Setup Summary
 26. Fast 1200mV 0C Model Hold Summary
 27. Fast 1200mV 0C Model Recovery Summary
 28. Fast 1200mV 0C Model Removal Summary
 29. Fast 1200mV 0C Model Minimum Pulse Width Summary
 30. Fast 1200mV 0C Model Setup: 'CLK'
 31. Fast 1200mV 0C Model Hold: 'CLK'
 32. Fast 1200mV 0C Model Metastability Summary
 33. Multicorner Timing Analysis Summary
 34. Board Trace Model Assignments
 35. Input Transition Times
 36. Signal Integrity Metrics (Slow 1200mv 0c Model)
 37. Signal Integrity Metrics (Slow 1200mv 85c Model)
 38. Signal Integrity Metrics (Fast 1200mv 0c Model)
 39. Setup Transfers
 40. Hold Transfers
 41. Recovery Transfers
 42. Removal Transfers
 43. Report TCCS
 44. Report RSKM
 45. Unconstrained Paths Summary
 46. Clock Status Summary
 47. Timing Analyzer Messages



----------------
; Legal Notice ;
----------------
Copyright (C) 2022  Intel Corporation. All rights reserved.
Your use of Intel Corporation's design tools, logic functions 
and other software and tools, and any partner logic 
functions, and any output files from any of the foregoing 
(including device programming or simulation files), and any 
associated documentation or information are expressly subject 
to the terms and conditions of the Intel Program License 
Subscription Agreement, the Intel Quartus Prime License Agreement,
the Intel FPGA IP License Agreement, or other applicable license
agreement, including, without limitation, that your use is for
the sole purpose of programming logic devices manufactured by
Intel and sold by Intel or its authorized distributors.  Please
refer to the applicable agreement for further details, at
https://fpgasoftware.intel.com/eula.



+-----------------------------------------------------------------------------+
; Timing Analyzer Summary                                                     ;
+-----------------------+-----------------------------------------------------+
; Quartus Prime Version ; Version 21.1.1 Build 850 06/23/2022 SJ Lite Edition ;
; Timing Analyzer       ; Legacy Timing Analyzer                              ;
; Revision Name         ; fec_saylinx_board_top                               ;
; Device Family         ; Cyclone IV E                                        ;
; Device Name           ; EP4CE6F17C8                                         ;
; Timing Models         ; Final                                               ;
; Delay Model           ; Combined                                            ;
; Rise/Fall Delays      ; Enabled                                             ;
+-----------------------+-----------------------------------------------------+


+------------------------------------------+
; Parallel Compilation                     ;
+----------------------------+-------------+
; Processors                 ; Number      ;
+----------------------------+-------------+
; Number detected on machine ; 16          ;
; Maximum allowed            ; 16          ;
;                            ;             ;
; Average used               ; 1.27        ;
; Maximum used               ; 16          ;
;                            ;             ;
; Usage by Processor         ; % Time Used ;
;     Processor 1            ; 100.0%      ;
;     Processor 2            ;   4.8%      ;
;     Processor 3            ;   2.8%      ;
;     Processor 4            ;   1.8%      ;
;     Processors 5-16        ;   1.5%      ;
+----------------------------+-------------+


+---------------------------------------------------------------+
; SDC File List                                                 ;
+---------------------------+--------+--------------------------+
; SDC File Path             ; Status ; Read at                  ;
+---------------------------+--------+--------------------------+
; fec_saylinx_board_top.sdc ; OK     ; Wed Dec 10 17:15:40 2025 ;
+---------------------------+--------+--------------------------+


+---------------------------------------------------------------------------------------------------------------------------------------------------------------------------------+
; Clocks                                                                                                                                                                          ;
+------------+------+--------+-----------+-------+--------+------------+-----------+-------------+-------+--------+-----------+------------+----------+--------+--------+---------+
; Clock Name ; Type ; Period ; Frequency ; Rise  ; Fall   ; Duty Cycle ; Divide by ; Multiply by ; Phase ; Offset ; Edge List ; Edge Shift ; Inverted ; Master ; Source ; Targets ;
+------------+------+--------+-----------+-------+--------+------------+-----------+-------------+-------+--------+-----------+------------+----------+--------+--------+---------+
; CLK        ; Base ; 20.000 ; 50.0 MHz  ; 0.000 ; 10.000 ;            ;           ;             ;       ;        ;           ;            ;          ;        ;        ; { CLK } ;
+------------+------+--------+-----------+-------+--------+------------+-----------+-------------+-------+--------+-----------+------------+----------+--------+--------+---------+


+-------------------------------------------------+
; Slow 1200mV 85C Model Fmax Summary              ;
+-----------+-----------------+------------+------+
; Fmax      ; Restricted Fmax ; Clock Name ; Note ;
+-----------+-----------------+------------+------+
; 68.06 MHz ; 68.06 MHz       ; CLK        ;      ;
+-----------+-----------------+------------+------+
This panel reports FMAX for every clock in the design, regardless of the user-specified clock periods.  FMAX is only computed for paths where the source and destination registers or ports are driven by the same clock.  Paths of different clocks, including generated clocks, are ignored.  For paths between a clock and its inversion, FMAX is computed as if the rising and falling edges are scaled along with FMAX, such that the duty cycle (in terms of a percentage) is maintained. Altera recommends that you always use clock constraints and other slack reports for sign-off analysis.


----------------------------------
; Timing Closure Recommendations ;
----------------------------------
HTML report is unavailable in plain text report export.


+-------------------------------------+
; Slow 1200mV 85C Model Setup Summary ;
+-------+-------+---------------------+
; Clock ; Slack ; End Point TNS       ;
+-------+-------+---------------------+
; CLK   ; 5.308 ; 0.000               ;
+-------+-------+---------------------+


+------------------------------------+
; Slow 1200mV 85C Model Hold Summary ;
+-------+-------+--------------------+
; Clock ; Slack ; End Point TNS      ;
+-------+-------+--------------------+
; CLK   ; 0.453 ; 0.000              ;
+-------+-------+--------------------+


------------------------------------------
; Slow 1200mV 85C Model Recovery Summary ;
------------------------------------------
No paths to report.


-----------------------------------------
; Slow 1200mV 85C Model Removal Summary ;
-----------------------------------------
No paths to report.


+---------------------------------------------------+
; Slow 1200mV 85C Model Minimum Pulse Width Summary ;
+-------+-------+-----------------------------------+
; Clock ; Slack ; End Point TNS                     ;
+-------+-------+-----------------------------------+
; CLK   ; 9.406 ; 0.000                             ;
+-------+-------+-----------------------------------+


+------------------------------------------------------------------------------------------------------------------------------------+
; Slow 1200mV 85C Model Setup: 'CLK'                                                                                                 ;
+-------+----------------------------------------+-------------+--------------+-------------+--------------+------------+------------+
; Slack ; From Node                              ; To Node     ; Launch Clock ; Latch Clock ; Relationship ; Clock Skew ; Data Delay ;
+-------+----------------------------------------+-------------+--------------+-------------+--------------+------------+------------+
; 5.308 ; seg_display_ctrl:seg_ctrl|digit_idx[0] ; SEG_DATA[5] ; CLK          ; CLK         ; 20.000       ; -2.579     ; 10.093     ;
; 5.335 ; seg_display_ctrl:seg_ctrl|digit_idx[0] ; SEG_DATA[3] ; CLK          ; CLK         ; 20.000       ; -2.579     ; 10.066     ;
; 5.353 ; seg_display_ctrl:seg_ctrl|digit_idx[0] ; SEG_DATA[7] ; CLK          ; CLK         ; 20.000       ; -2.579     ; 10.048     ;
; 5.381 ; seg_display_ctrl:seg_ctrl|digit_idx[1] ; SEG_DATA[5] ; CLK          ; CLK         ; 20.000       ; -2.582     ; 10.017     ;
; 5.393 ; seg_display_ctrl:seg_ctrl|digit_idx[0] ; SEG_DATA[1] ; CLK          ; CLK         ; 20.000       ; -2.579     ; 10.008     ;
; 5.434 ; seg_display_ctrl:seg_ctrl|digit_idx[1] ; SEG_DATA[3] ; CLK          ; CLK         ; 20.000       ; -2.582     ; 9.964      ;
; 5.451 ; seg_display_ctrl:seg_ctrl|digit_idx[0] ; SEG_DATA[4] ; CLK          ; CLK         ; 20.000       ; -2.579     ; 9.950      ;
; 5.460 ; seg_display_ctrl:seg_ctrl|digit_idx[1] ; SEG_DATA[7] ; CLK          ; CLK         ; 20.000       ; -2.582     ; 9.938      ;
; 5.513 ; seg_display_ctrl:seg_ctrl|digit_idx[1] ; SEG_DATA[1] ; CLK          ; CLK         ; 20.000       ; -2.582     ; 9.885      ;
; 5.552 ; seg_display_ctrl:seg_ctrl|digit_idx[1] ; SEG_DATA[4] ; CLK          ; CLK         ; 20.000       ; -2.582     ; 9.846      ;
; 5.555 ; seg_display_ctrl:seg_ctrl|digit_idx[0] ; SEG_DATA[2] ; CLK          ; CLK         ; 20.000       ; -2.579     ; 9.846      ;
; 5.579 ; display_value[12]                      ; SEG_DATA[3] ; CLK          ; CLK         ; 20.000       ; -2.566     ; 9.835      ;
; 5.597 ; display_value[12]                      ; SEG_DATA[7] ; CLK          ; CLK         ; 20.000       ; -2.566     ; 9.817      ;
; 5.599 ; seg_display_ctrl:seg_ctrl|digit_idx[0] ; SEG_DATA[6] ; CLK          ; CLK         ; 20.000       ; -2.579     ; 9.802      ;
; 5.634 ; display_value[12]                      ; SEG_DATA[5] ; CLK          ; CLK         ; 20.000       ; -2.566     ; 9.780      ;
; 5.634 ; display_value[2]                       ; SEG_DATA[5] ; CLK          ; CLK         ; 20.000       ; -2.579     ; 9.767      ;
; 5.659 ; display_value[4]                       ; SEG_DATA[5] ; CLK          ; CLK         ; 20.000       ; -2.582     ; 9.739      ;
; 5.679 ; display_value[4]                       ; SEG_DATA[3] ; CLK          ; CLK         ; 20.000       ; -2.582     ; 9.719      ;
; 5.687 ; display_value[2]                       ; SEG_DATA[3] ; CLK          ; CLK         ; 20.000       ; -2.579     ; 9.714      ;
; 5.694 ; display_value[12]                      ; SEG_DATA[1] ; CLK          ; CLK         ; 20.000       ; -2.566     ; 9.720      ;
; 5.695 ; display_value[12]                      ; SEG_DATA[4] ; CLK          ; CLK         ; 20.000       ; -2.566     ; 9.719      ;
; 5.697 ; display_value[4]                       ; SEG_DATA[7] ; CLK          ; CLK         ; 20.000       ; -2.582     ; 9.701      ;
; 5.713 ; display_value[2]                       ; SEG_DATA[7] ; CLK          ; CLK         ; 20.000       ; -2.579     ; 9.688      ;
; 5.717 ; seg_display_ctrl:seg_ctrl|digit_idx[1] ; SEG_DATA[6] ; CLK          ; CLK         ; 20.000       ; -2.582     ; 9.681      ;
; 5.744 ; display_value[4]                       ; SEG_DATA[1] ; CLK          ; CLK         ; 20.000       ; -2.582     ; 9.654      ;
; 5.766 ; display_value[2]                       ; SEG_DATA[1] ; CLK          ; CLK         ; 20.000       ; -2.579     ; 9.635      ;
; 5.775 ; display_value[9]                       ; SEG_DATA[5] ; CLK          ; CLK         ; 20.000       ; -2.574     ; 9.631      ;
; 5.793 ; display_value[10]                      ; SEG_DATA[5] ; CLK          ; CLK         ; 20.000       ; -2.579     ; 9.608      ;
; 5.795 ; display_value[4]                       ; SEG_DATA[4] ; CLK          ; CLK         ; 20.000       ; -2.582     ; 9.603      ;
; 5.805 ; display_value[2]                       ; SEG_DATA[4] ; CLK          ; CLK         ; 20.000       ; -2.579     ; 9.596      ;
; 5.826 ; seg_display_ctrl:seg_ctrl|digit_idx[1] ; SEG_DATA[2] ; CLK          ; CLK         ; 20.000       ; -2.582     ; 9.572      ;
; 5.843 ; display_value[12]                      ; SEG_DATA[6] ; CLK          ; CLK         ; 20.000       ; -2.566     ; 9.571      ;
; 5.846 ; display_value[10]                      ; SEG_DATA[3] ; CLK          ; CLK         ; 20.000       ; -2.579     ; 9.555      ;
; 5.872 ; display_value[10]                      ; SEG_DATA[7] ; CLK          ; CLK         ; 20.000       ; -2.579     ; 9.529      ;
; 5.877 ; display_value[9]                       ; SEG_DATA[7] ; CLK          ; CLK         ; 20.000       ; -2.574     ; 9.529      ;
; 5.881 ; display_value[12]                      ; SEG_DATA[2] ; CLK          ; CLK         ; 20.000       ; -2.566     ; 9.533      ;
; 5.900 ; display_value[9]                       ; SEG_DATA[3] ; CLK          ; CLK         ; 20.000       ; -2.574     ; 9.506      ;
; 5.906 ; display_value[4]                       ; SEG_DATA[2] ; CLK          ; CLK         ; 20.000       ; -2.582     ; 9.492      ;
; 5.925 ; display_value[10]                      ; SEG_DATA[1] ; CLK          ; CLK         ; 20.000       ; -2.579     ; 9.476      ;
; 5.943 ; display_value[4]                       ; SEG_DATA[6] ; CLK          ; CLK         ; 20.000       ; -2.582     ; 9.455      ;
; 5.960 ; display_value[9]                       ; SEG_DATA[1] ; CLK          ; CLK         ; 20.000       ; -2.574     ; 9.446      ;
; 5.964 ; display_value[10]                      ; SEG_DATA[4] ; CLK          ; CLK         ; 20.000       ; -2.579     ; 9.437      ;
; 5.968 ; display_value[9]                       ; SEG_DATA[4] ; CLK          ; CLK         ; 20.000       ; -2.574     ; 9.438      ;
; 5.970 ; display_value[2]                       ; SEG_DATA[6] ; CLK          ; CLK         ; 20.000       ; -2.579     ; 9.431      ;
; 5.981 ; display_value[14]                      ; SEG_DATA[5] ; CLK          ; CLK         ; 20.000       ; -2.566     ; 9.433      ;
; 5.986 ; display_value[0]                       ; SEG_DATA[5] ; CLK          ; CLK         ; 20.000       ; -2.582     ; 9.412      ;
; 5.997 ; display_value[11]                      ; SEG_DATA[5] ; CLK          ; CLK         ; 20.000       ; -2.574     ; 9.409      ;
; 6.013 ; display_value[0]                       ; SEG_DATA[3] ; CLK          ; CLK         ; 20.000       ; -2.582     ; 9.385      ;
; 6.031 ; display_value[0]                       ; SEG_DATA[7] ; CLK          ; CLK         ; 20.000       ; -2.582     ; 9.367      ;
; 6.034 ; display_value[14]                      ; SEG_DATA[3] ; CLK          ; CLK         ; 20.000       ; -2.566     ; 9.380      ;
; 6.060 ; display_value[14]                      ; SEG_DATA[7] ; CLK          ; CLK         ; 20.000       ; -2.566     ; 9.354      ;
; 6.071 ; display_value[0]                       ; SEG_DATA[1] ; CLK          ; CLK         ; 20.000       ; -2.582     ; 9.327      ;
; 6.075 ; display_value[11]                      ; SEG_DATA[3] ; CLK          ; CLK         ; 20.000       ; -2.574     ; 9.331      ;
; 6.103 ; display_value[11]                      ; SEG_DATA[7] ; CLK          ; CLK         ; 20.000       ; -2.574     ; 9.303      ;
; 6.113 ; display_value[14]                      ; SEG_DATA[1] ; CLK          ; CLK         ; 20.000       ; -2.566     ; 9.301      ;
; 6.116 ; display_value[9]                       ; SEG_DATA[6] ; CLK          ; CLK         ; 20.000       ; -2.574     ; 9.290      ;
; 6.122 ; display_value[9]                       ; SEG_DATA[2] ; CLK          ; CLK         ; 20.000       ; -2.574     ; 9.284      ;
; 6.129 ; display_value[11]                      ; SEG_DATA[1] ; CLK          ; CLK         ; 20.000       ; -2.574     ; 9.277      ;
; 6.129 ; display_value[0]                       ; SEG_DATA[4] ; CLK          ; CLK         ; 20.000       ; -2.582     ; 9.269      ;
; 6.129 ; display_value[10]                      ; SEG_DATA[6] ; CLK          ; CLK         ; 20.000       ; -2.579     ; 9.272      ;
; 6.152 ; display_value[14]                      ; SEG_DATA[4] ; CLK          ; CLK         ; 20.000       ; -2.566     ; 9.262      ;
; 6.194 ; display_value[11]                      ; SEG_DATA[4] ; CLK          ; CLK         ; 20.000       ; -2.574     ; 9.212      ;
; 6.210 ; display_value[15]                      ; SEG_DATA[5] ; CLK          ; CLK         ; 20.000       ; -2.566     ; 9.204      ;
; 6.233 ; display_value[0]                       ; SEG_DATA[2] ; CLK          ; CLK         ; 20.000       ; -2.582     ; 9.165      ;
; 6.277 ; display_value[0]                       ; SEG_DATA[6] ; CLK          ; CLK         ; 20.000       ; -2.582     ; 9.121      ;
; 6.317 ; display_value[14]                      ; SEG_DATA[6] ; CLK          ; CLK         ; 20.000       ; -2.566     ; 9.097      ;
; 6.321 ; display_value[15]                      ; SEG_DATA[3] ; CLK          ; CLK         ; 20.000       ; -2.566     ; 9.093      ;
; 6.329 ; display_value[15]                      ; SEG_DATA[7] ; CLK          ; CLK         ; 20.000       ; -2.566     ; 9.085      ;
; 6.338 ; display_value[11]                      ; SEG_DATA[6] ; CLK          ; CLK         ; 20.000       ; -2.574     ; 9.068      ;
; 6.342 ; display_value[15]                      ; SEG_DATA[1] ; CLK          ; CLK         ; 20.000       ; -2.566     ; 9.072      ;
; 6.345 ; display_value[7]                       ; SEG_DATA[5] ; CLK          ; CLK         ; 20.000       ; -2.582     ; 9.053      ;
; 6.399 ; display_value[8]                       ; SEG_DATA[3] ; CLK          ; CLK         ; 20.000       ; -2.569     ; 9.012      ;
; 6.416 ; display_value[2]                       ; SEG_DATA[2] ; CLK          ; CLK         ; 20.000       ; -2.579     ; 8.985      ;
; 6.424 ; display_value[1]                       ; SEG_DATA[5] ; CLK          ; CLK         ; 20.000       ; -2.582     ; 8.974      ;
; 6.428 ; display_value[7]                       ; SEG_DATA[3] ; CLK          ; CLK         ; 20.000       ; -2.582     ; 8.970      ;
; 6.440 ; display_value[15]                      ; SEG_DATA[4] ; CLK          ; CLK         ; 20.000       ; -2.566     ; 8.974      ;
; 6.456 ; display_value[7]                       ; SEG_DATA[7] ; CLK          ; CLK         ; 20.000       ; -2.582     ; 8.942      ;
; 6.477 ; display_value[7]                       ; SEG_DATA[1] ; CLK          ; CLK         ; 20.000       ; -2.582     ; 8.921      ;
; 6.503 ; display_value[1]                       ; SEG_DATA[3] ; CLK          ; CLK         ; 20.000       ; -2.582     ; 8.895      ;
; 6.515 ; display_value[8]                       ; SEG_DATA[4] ; CLK          ; CLK         ; 20.000       ; -2.569     ; 8.896      ;
; 6.522 ; display_value[13]                      ; SEG_DATA[5] ; CLK          ; CLK         ; 20.000       ; -2.566     ; 8.892      ;
; 6.526 ; display_value[1]                       ; SEG_DATA[7] ; CLK          ; CLK         ; 20.000       ; -2.582     ; 8.872      ;
; 6.547 ; display_value[7]                       ; SEG_DATA[4] ; CLK          ; CLK         ; 20.000       ; -2.582     ; 8.851      ;
; 6.551 ; display_value[15]                      ; SEG_DATA[6] ; CLK          ; CLK         ; 20.000       ; -2.566     ; 8.863      ;
; 6.556 ; display_value[3]                       ; SEG_DATA[5] ; CLK          ; CLK         ; 20.000       ; -2.582     ; 8.842      ;
; 6.563 ; display_value[1]                       ; SEG_DATA[1] ; CLK          ; CLK         ; 20.000       ; -2.582     ; 8.835      ;
; 6.569 ; display_value[8]                       ; SEG_DATA[5] ; CLK          ; CLK         ; 20.000       ; -2.569     ; 8.842      ;
; 6.574 ; display_value[11]                      ; SEG_DATA[2] ; CLK          ; CLK         ; 20.000       ; -2.574     ; 8.832      ;
; 6.575 ; display_value[10]                      ; SEG_DATA[2] ; CLK          ; CLK         ; 20.000       ; -2.579     ; 8.826      ;
; 6.595 ; display_value[5]                       ; SEG_DATA[3] ; CLK          ; CLK         ; 20.000       ; -2.582     ; 8.803      ;
; 6.617 ; display_value[1]                       ; SEG_DATA[4] ; CLK          ; CLK         ; 20.000       ; -2.582     ; 8.781      ;
; 6.624 ; display_value[13]                      ; SEG_DATA[7] ; CLK          ; CLK         ; 20.000       ; -2.566     ; 8.790      ;
; 6.635 ; display_value[6]                       ; SEG_DATA[5] ; CLK          ; CLK         ; 20.000       ; -2.579     ; 8.766      ;
; 6.639 ; display_value[3]                       ; SEG_DATA[3] ; CLK          ; CLK         ; 20.000       ; -2.582     ; 8.759      ;
; 6.654 ; display_value[8]                       ; SEG_DATA[1] ; CLK          ; CLK         ; 20.000       ; -2.569     ; 8.757      ;
; 6.663 ; display_value[8]                       ; SEG_DATA[6] ; CLK          ; CLK         ; 20.000       ; -2.569     ; 8.748      ;
; 6.665 ; display_value[6]                       ; SEG_DATA[3] ; CLK          ; CLK         ; 20.000       ; -2.579     ; 8.736      ;
; 6.667 ; display_value[8]                       ; SEG_DATA[7] ; CLK          ; CLK         ; 20.000       ; -2.569     ; 8.744      ;
; 6.667 ; display_value[3]                       ; SEG_DATA[7] ; CLK          ; CLK         ; 20.000       ; -2.582     ; 8.731      ;
; 6.686 ; display_value[7]                       ; SEG_DATA[6] ; CLK          ; CLK         ; 20.000       ; -2.582     ; 8.712      ;
+-------+----------------------------------------+-------------+--------------+-------------+--------------+------------+------------+


+-------------------------------------------------------------------------------------------------------------------------------------------------------------------------------------------------------------------------+
; Slow 1200mV 85C Model Hold: 'CLK'                                                                                                                                                                                       ;
+-------+---------------------------------------------------------------------+---------------------------------------------------------------------+--------------+-------------+--------------+------------+------------+
; Slack ; From Node                                                           ; To Node                                                             ; Launch Clock ; Latch Clock ; Relationship ; Clock Skew ; Data Delay ;
+-------+---------------------------------------------------------------------+---------------------------------------------------------------------+--------------+-------------+--------------+------------+------------+
; 0.453 ; seg_display_ctrl:seg_ctrl|digit_idx[2]                              ; seg_display_ctrl:seg_ctrl|digit_idx[2]                              ; CLK          ; CLK         ; 0.000        ; 0.081      ; 0.746      ;
; 0.453 ; bist_wrapper:bist_inst|bist_ctrl:bist_ctrl_inst|test_count_reg[0]   ; bist_wrapper:bist_inst|bist_ctrl:bist_ctrl_inst|test_count_reg[0]   ; CLK          ; CLK         ; 0.000        ; 0.081      ; 0.746      ;
; 0.453 ; key2_stable                                                         ; key2_stable                                                         ; CLK          ; CLK         ; 0.000        ; 0.081      ; 0.746      ;
; 0.453 ; key3_pending                                                        ; key3_pending                                                        ; CLK          ; CLK         ; 0.000        ; 0.081      ; 0.746      ;
; 0.453 ; key4_stable                                                         ; key4_stable                                                         ; CLK          ; CLK         ; 0.000        ; 0.081      ; 0.746      ;
; 0.453 ; bist_wrapper:bist_inst|crc8:crc8_inst|crc_reg[0]                    ; bist_wrapper:bist_inst|crc8:crc8_inst|crc_reg[0]                    ; CLK          ; CLK         ; 0.000        ; 0.081      ; 0.746      ;
; 0.453 ; morr_l2:calc_unit|root3:root3_inst|phase.10                         ; morr_l2:calc_unit|root3:root3_inst|phase.10                         ; CLK          ; CLK         ; 0.000        ; 0.081      ; 0.746      ;
; 0.453 ; morr_l2:calc_unit|root3:root3_inst|phase.01                         ; morr_l2:calc_unit|root3:root3_inst|phase.01                         ; CLK          ; CLK         ; 0.000        ; 0.081      ; 0.746      ;
; 0.453 ; morr_l2:calc_unit|root3:root3_inst|state.ST_RUN                     ; morr_l2:calc_unit|root3:root3_inst|state.ST_RUN                     ; CLK          ; CLK         ; 0.000        ; 0.081      ; 0.746      ;
; 0.453 ; morr_l2:calc_unit|root3:root3_inst|busy_r                           ; morr_l2:calc_unit|root3:root3_inst|busy_r                           ; CLK          ; CLK         ; 0.000        ; 0.081      ; 0.746      ;
; 0.454 ; seg_display_ctrl:seg_ctrl|digit_idx[1]                              ; seg_display_ctrl:seg_ctrl|digit_idx[1]                              ; CLK          ; CLK         ; 0.000        ; 0.080      ; 0.746      ;
; 0.454 ; seg_display_ctrl:seg_ctrl|digit_idx[0]                              ; seg_display_ctrl:seg_ctrl|digit_idx[0]                              ; CLK          ; CLK         ; 0.000        ; 0.080      ; 0.746      ;
; 0.454 ; key4_pending                                                        ; key4_pending                                                        ; CLK          ; CLK         ; 0.000        ; 0.080      ; 0.746      ;
; 0.454 ; key2_pending                                                        ; key2_pending                                                        ; CLK          ; CLK         ; 0.000        ; 0.080      ; 0.746      ;
; 0.454 ; bist_wrapper:bist_inst|bist_ctrl:bist_ctrl_inst|state.ST_TEST_DELAY ; bist_wrapper:bist_inst|bist_ctrl:bist_ctrl_inst|state.ST_TEST_DELAY ; CLK          ; CLK         ; 0.000        ; 0.080      ; 0.746      ;
; 0.454 ; bist_wrapper:bist_inst|bist_ctrl:bist_ctrl_inst|state.ST_TEST_WAIT  ; bist_wrapper:bist_inst|bist_ctrl:bist_ctrl_inst|state.ST_TEST_WAIT  ; CLK          ; CLK         ; 0.000        ; 0.080      ; 0.746      ;
; 0.454 ; bist_wrapper:bist_inst|bist_ctrl:bist_ctrl_inst|state.ST_TEST_DONE  ; bist_wrapper:bist_inst|bist_ctrl:bist_ctrl_inst|state.ST_TEST_DONE  ; CLK          ; CLK         ; 0.000        ; 0.080      ; 0.746      ;
; 0.454 ; bist_wrapper:bist_inst|debounce:debounce_inst|btn_stable            ; bist_wrapper:bist_inst|debounce:debounce_inst|btn_stable            ; CLK          ; CLK         ; 0.000        ; 0.080      ; 0.746      ;
; 0.454 ; key3_stable                                                         ; key3_stable                                                         ; CLK          ; CLK         ; 0.000        ; 0.080      ; 0.746      ;
; 0.454 ; morr_l2:calc_unit|state.CALC_CUBRT                                  ; morr_l2:calc_unit|state.CALC_CUBRT                                  ; CLK          ; CLK         ; 0.000        ; 0.080      ; 0.746      ;
; 0.454 ; morr_l2:calc_unit|state.IDLE                                        ; morr_l2:calc_unit|state.IDLE                                        ; CLK          ; CLK         ; 0.000        ; 0.080      ; 0.746      ;
; 0.454 ; morr_l2:calc_unit|mult:mult_inst|ctr[3]                             ; morr_l2:calc_unit|mult:mult_inst|ctr[3]                             ; CLK          ; CLK         ; 0.000        ; 0.080      ; 0.746      ;
; 0.454 ; morr_l2:calc_unit|mult:mult_inst|ctr[2]                             ; morr_l2:calc_unit|mult:mult_inst|ctr[2]                             ; CLK          ; CLK         ; 0.000        ; 0.080      ; 0.746      ;
; 0.454 ; morr_l2:calc_unit|mult:mult_inst|ctr[0]                             ; morr_l2:calc_unit|mult:mult_inst|ctr[0]                             ; CLK          ; CLK         ; 0.000        ; 0.080      ; 0.746      ;
; 0.454 ; morr_l2:calc_unit|mult:mult_inst|state                              ; morr_l2:calc_unit|mult:mult_inst|state                              ; CLK          ; CLK         ; 0.000        ; 0.080      ; 0.746      ;
; 0.454 ; morr_l2:calc_unit|mult:mult_inst|ctr[1]                             ; morr_l2:calc_unit|mult:mult_inst|ctr[1]                             ; CLK          ; CLK         ; 0.000        ; 0.080      ; 0.746      ;
; 0.454 ; morr_l2:calc_unit|root3:root3_inst|prod3_r[1]                       ; morr_l2:calc_unit|root3:root3_inst|prod3_r[1]                       ; CLK          ; CLK         ; 0.000        ; 0.080      ; 0.746      ;
; 0.466 ; morr_l2:calc_unit|state.DONE_STATE                                  ; morr_l2:calc_unit|state.DONE_STATE                                  ; CLK          ; CLK         ; 0.000        ; 0.080      ; 0.758      ;
; 0.492 ; debounce_cnt2[19]                                                   ; debounce_cnt2[19]                                                   ; CLK          ; CLK         ; 0.000        ; 0.081      ; 0.785      ;
; 0.492 ; debounce_cnt4[19]                                                   ; debounce_cnt4[19]                                                   ; CLK          ; CLK         ; 0.000        ; 0.081      ; 0.785      ;
; 0.493 ; bist_wrapper:bist_inst|bist_ctrl:bist_ctrl_inst|test_count_reg[7]   ; bist_wrapper:bist_inst|bist_ctrl:bist_ctrl_inst|test_count_reg[7]   ; CLK          ; CLK         ; 0.000        ; 0.080      ; 0.785      ;
; 0.493 ; bist_wrapper:bist_inst|debounce:debounce_inst|counter[19]           ; bist_wrapper:bist_inst|debounce:debounce_inst|counter[19]           ; CLK          ; CLK         ; 0.000        ; 0.080      ; 0.785      ;
; 0.493 ; debounce_cnt3[19]                                                   ; debounce_cnt3[19]                                                   ; CLK          ; CLK         ; 0.000        ; 0.080      ; 0.785      ;
; 0.509 ; bist_wrapper:bist_inst|bist_ctrl:bist_ctrl_inst|delay_cnt[24]       ; bist_wrapper:bist_inst|bist_ctrl:bist_ctrl_inst|delay_cnt[24]       ; CLK          ; CLK         ; 0.000        ; 0.081      ; 0.802      ;
; 0.510 ; double_click_timer4[24]                                             ; double_click_timer4[24]                                             ; CLK          ; CLK         ; 0.000        ; 0.080      ; 0.802      ;
; 0.510 ; bist_wrapper:bist_inst|lfsr8:lfsr2_inst|lfsr_reg[0]                 ; bist_wrapper:bist_inst|lfsr8:lfsr2_inst|lfsr_reg[1]                 ; CLK          ; CLK         ; 0.000        ; 0.080      ; 0.802      ;
; 0.510 ; bist_wrapper:bist_inst|lfsr8:lfsr2_inst|lfsr_reg[4]                 ; bist_wrapper:bist_inst|lfsr8:lfsr2_inst|lfsr_reg[5]                 ; CLK          ; CLK         ; 0.000        ; 0.080      ; 0.802      ;
; 0.510 ; bist_wrapper:bist_inst|lfsr8:lfsr1_inst|lfsr_reg[7]                 ; bist_wrapper:bist_inst|lfsr8:lfsr1_inst|lfsr_reg[0]                 ; CLK          ; CLK         ; 0.000        ; 0.082      ; 0.804      ;
; 0.510 ; bist_wrapper:bist_inst|bist_ctrl:bist_ctrl_inst|iteration_cnt[8]    ; bist_wrapper:bist_inst|bist_ctrl:bist_ctrl_inst|iteration_cnt[8]    ; CLK          ; CLK         ; 0.000        ; 0.080      ; 0.802      ;
; 0.514 ; bist_wrapper:bist_inst|lfsr8:lfsr2_inst|lfsr_reg[1]                 ; bist_wrapper:bist_inst|lfsr8:lfsr2_inst|lfsr_reg[2]                 ; CLK          ; CLK         ; 0.000        ; 0.080      ; 0.806      ;
; 0.516 ; bist_wrapper:bist_inst|lfsr8:lfsr2_inst|lfsr_reg[2]                 ; bist_wrapper:bist_inst|lfsr8:lfsr2_inst|lfsr_reg[3]                 ; CLK          ; CLK         ; 0.000        ; 0.080      ; 0.808      ;
; 0.516 ; bist_wrapper:bist_inst|crc8:crc8_inst|crc_reg[1]                    ; bist_wrapper:bist_inst|crc8:crc8_inst|crc_reg[2]                    ; CLK          ; CLK         ; 0.000        ; 0.081      ; 0.809      ;
; 0.517 ; double_click_timer2[24]                                             ; double_click_timer2[24]                                             ; CLK          ; CLK         ; 0.000        ; 0.081      ; 0.810      ;
; 0.517 ; double_click_timer3[24]                                             ; double_click_timer3[24]                                             ; CLK          ; CLK         ; 0.000        ; 0.081      ; 0.810      ;
; 0.521 ; bist_wrapper:bist_inst|lfsr8:lfsr2_inst|lfsr_reg[5]                 ; bist_wrapper:bist_inst|lfsr8:lfsr2_inst|lfsr_reg[0]                 ; CLK          ; CLK         ; 0.000        ; 0.080      ; 0.813      ;
; 0.521 ; bist_wrapper:bist_inst|lfsr8:lfsr2_inst|lfsr_reg[5]                 ; bist_wrapper:bist_inst|lfsr8:lfsr2_inst|lfsr_reg[6]                 ; CLK          ; CLK         ; 0.000        ; 0.080      ; 0.813      ;
; 0.526 ; morr_l2:calc_unit|root3:root3_inst|y[4]                             ; morr_l2:calc_unit|root3:root3_inst|y[5]                             ; CLK          ; CLK         ; 0.000        ; 0.081      ; 0.819      ;
; 0.526 ; morr_l2:calc_unit|root3:root3_inst|y[2]                             ; morr_l2:calc_unit|root3:root3_inst|y[3]                             ; CLK          ; CLK         ; 0.000        ; 0.081      ; 0.819      ;
; 0.526 ; morr_l2:calc_unit|root3:root3_inst|y[0]                             ; morr_l2:calc_unit|root3:root3_inst|y[1]                             ; CLK          ; CLK         ; 0.000        ; 0.081      ; 0.819      ;
; 0.527 ; morr_l2:calc_unit|root3:root3_inst|y[3]                             ; morr_l2:calc_unit|root3:root3_inst|y[4]                             ; CLK          ; CLK         ; 0.000        ; 0.081      ; 0.820      ;
; 0.527 ; morr_l2:calc_unit|root3:root3_inst|y[1]                             ; morr_l2:calc_unit|root3:root3_inst|y[2]                             ; CLK          ; CLK         ; 0.000        ; 0.081      ; 0.820      ;
; 0.528 ; bist_wrapper:bist_inst|crc8:crc8_inst|crc_reg[6]                    ; bist_wrapper:bist_inst|crc8:crc8_inst|crc_reg[1]                    ; CLK          ; CLK         ; 0.000        ; 0.081      ; 0.821      ;
; 0.528 ; morr_l2:calc_unit|root3:root3_inst|prod_r[1]                        ; morr_l2:calc_unit|root3:root3_inst|prod3_r[1]                       ; CLK          ; CLK         ; 0.000        ; 0.080      ; 0.820      ;
; 0.533 ; morr_l2:calc_unit|root3:root3_inst|state.ST_DONE                    ; morr_l2:calc_unit|root3:root3_inst|state.ST_IDLE                    ; CLK          ; CLK         ; 0.000        ; 0.081      ; 0.826      ;
; 0.534 ; morr_l2:calc_unit|root3:root3_inst|s[5]                             ; morr_l2:calc_unit|root3:root3_inst|s[5]                             ; CLK          ; CLK         ; 0.000        ; 0.080      ; 0.826      ;
; 0.536 ; morr_l2:calc_unit|root3:root3_inst|phase.10                         ; morr_l2:calc_unit|root3:root3_inst|state.ST_RUN                     ; CLK          ; CLK         ; 0.000        ; 0.081      ; 0.829      ;
; 0.544 ; bist_wrapper:bist_inst|bist_ctrl:bist_ctrl_inst|state.ST_TEST_CRC   ; bist_wrapper:bist_inst|bist_ctrl:bist_ctrl_inst|state.ST_TEST_NEXT  ; CLK          ; CLK         ; 0.000        ; 0.080      ; 0.836      ;
; 0.590 ; KEY3_N                                                              ; key3_stable                                                         ; CLK          ; CLK         ; 0.000        ; 2.572      ; 2.874      ;
; 0.641 ; morr_l2:calc_unit|mult:mult_inst|b_reg[3]                           ; morr_l2:calc_unit|mult:mult_inst|b_reg[2]                           ; CLK          ; CLK         ; 0.000        ; 0.081      ; 0.934      ;
; 0.642 ; morr_l2:calc_unit|mult:mult_inst|b_reg[6]                           ; morr_l2:calc_unit|mult:mult_inst|b_reg[5]                           ; CLK          ; CLK         ; 0.000        ; 0.081      ; 0.935      ;
; 0.645 ; morr_l2:calc_unit|mult:mult_inst|b_reg[2]                           ; morr_l2:calc_unit|mult:mult_inst|b_reg[1]                           ; CLK          ; CLK         ; 0.000        ; 0.081      ; 0.938      ;
; 0.645 ; morr_l2:calc_unit|root3:root3_inst|y_bo[7]                          ; morr_l2:calc_unit|mult:mult_inst|b_reg[7]                           ; CLK          ; CLK         ; 0.000        ; 0.081      ; 0.938      ;
; 0.648 ; bist_wrapper:bist_inst|lfsr8:lfsr1_inst|lfsr_reg[4]                 ; bist_wrapper:bist_inst|lfsr8:lfsr1_inst|lfsr_reg[5]                 ; CLK          ; CLK         ; 0.000        ; 0.082      ; 0.942      ;
; 0.654 ; bist_wrapper:bist_inst|bist_ctrl:bist_ctrl_inst|test_count_reg[6]   ; display_value[14]                                                   ; CLK          ; CLK         ; 0.000        ; 0.080      ; 0.946      ;
; 0.658 ; bist_wrapper:bist_inst|lfsr8:lfsr2_inst|lfsr_reg[6]                 ; bist_wrapper:bist_inst|lfsr8:lfsr2_inst|lfsr_reg[0]                 ; CLK          ; CLK         ; 0.000        ; 0.080      ; 0.950      ;
; 0.659 ; bist_wrapper:bist_inst|lfsr8:lfsr2_inst|lfsr_reg[6]                 ; bist_wrapper:bist_inst|lfsr8:lfsr2_inst|lfsr_reg[7]                 ; CLK          ; CLK         ; 0.000        ; 0.080      ; 0.951      ;
; 0.666 ; morr_l2:calc_unit|root3:root3_inst|y[7]                             ; morr_l2:calc_unit|root3:root3_inst|y[8]                             ; CLK          ; CLK         ; 0.000        ; 0.081      ; 0.959      ;
; 0.667 ; bist_wrapper:bist_inst|lfsr8:lfsr2_inst|lfsr_reg[3]                 ; bist_wrapper:bist_inst|lfsr8:lfsr2_inst|lfsr_reg[4]                 ; CLK          ; CLK         ; 0.000        ; 0.080      ; 0.959      ;
; 0.667 ; morr_l2:calc_unit|root3:root3_inst|y[9]                             ; morr_l2:calc_unit|root3:root3_inst|y[10]                            ; CLK          ; CLK         ; 0.000        ; 0.081      ; 0.960      ;
; 0.669 ; morr_l2:calc_unit|root3:root3_inst|y[6]                             ; morr_l2:calc_unit|root3:root3_inst|y[7]                             ; CLK          ; CLK         ; 0.000        ; 0.081      ; 0.962      ;
; 0.669 ; morr_l2:calc_unit|root3:root3_inst|y[5]                             ; morr_l2:calc_unit|root3:root3_inst|y[6]                             ; CLK          ; CLK         ; 0.000        ; 0.081      ; 0.962      ;
; 0.701 ; bist_wrapper:bist_inst|debounce:debounce_inst|sync_ff1              ; bist_wrapper:bist_inst|debounce:debounce_inst|sync_ff2              ; CLK          ; CLK         ; 0.000        ; 0.080      ; 0.993      ;
; 0.703 ; KEY2_N                                                              ; bist_wrapper:bist_inst|debounce:debounce_inst|sync_ff1              ; CLK          ; CLK         ; 0.000        ; 2.569      ; 2.984      ;
; 0.705 ; morr_l2:calc_unit|root3:root3_inst|y[8]                             ; morr_l2:calc_unit|root3:root3_inst|y[9]                             ; CLK          ; CLK         ; 0.000        ; 0.081      ; 0.998      ;
; 0.706 ; morr_l2:calc_unit|mult:mult_inst|done_o                             ; morr_l2:calc_unit|state.DONE_STATE                                  ; CLK          ; CLK         ; 0.000        ; 0.080      ; 0.998      ;
; 0.717 ; KEY4_N                                                              ; key4_stable                                                         ; CLK          ; CLK         ; 0.000        ; 2.585      ; 3.014      ;
; 0.719 ; morr_l2:calc_unit|state.DONE_STATE                                  ; morr_l2:calc_unit|state.CALC_MULT                                   ; CLK          ; CLK         ; 0.000        ; 0.080      ; 1.011      ;
; 0.730 ; KEY2_N                                                              ; key2_stable                                                         ; CLK          ; CLK         ; 0.000        ; 2.581      ; 3.023      ;
; 0.736 ; double_click_timer2[1]                                              ; double_click_timer2[1]                                              ; CLK          ; CLK         ; 0.000        ; 0.081      ; 1.029      ;
; 0.737 ; double_click_timer4[1]                                              ; double_click_timer4[1]                                              ; CLK          ; CLK         ; 0.000        ; 0.080      ; 1.029      ;
; 0.737 ; double_click_timer3[1]                                              ; double_click_timer3[1]                                              ; CLK          ; CLK         ; 0.000        ; 0.080      ; 1.029      ;
; 0.737 ; bist_wrapper:bist_inst|bist_ctrl:bist_ctrl_inst|delay_cnt[1]        ; bist_wrapper:bist_inst|bist_ctrl:bist_ctrl_inst|delay_cnt[1]        ; CLK          ; CLK         ; 0.000        ; 0.080      ; 1.029      ;
; 0.738 ; double_click_timer2[2]                                              ; double_click_timer2[2]                                              ; CLK          ; CLK         ; 0.000        ; 0.081      ; 1.031      ;
; 0.738 ; double_click_timer2[3]                                              ; double_click_timer2[3]                                              ; CLK          ; CLK         ; 0.000        ; 0.081      ; 1.031      ;
; 0.738 ; double_click_timer2[5]                                              ; double_click_timer2[5]                                              ; CLK          ; CLK         ; 0.000        ; 0.081      ; 1.031      ;
; 0.739 ; double_click_timer4[2]                                              ; double_click_timer4[2]                                              ; CLK          ; CLK         ; 0.000        ; 0.080      ; 1.031      ;
; 0.739 ; double_click_timer4[3]                                              ; double_click_timer4[3]                                              ; CLK          ; CLK         ; 0.000        ; 0.080      ; 1.031      ;
; 0.739 ; double_click_timer4[5]                                              ; double_click_timer4[5]                                              ; CLK          ; CLK         ; 0.000        ; 0.080      ; 1.031      ;
; 0.739 ; double_click_timer3[2]                                              ; double_click_timer3[2]                                              ; CLK          ; CLK         ; 0.000        ; 0.080      ; 1.031      ;
; 0.739 ; double_click_timer3[3]                                              ; double_click_timer3[3]                                              ; CLK          ; CLK         ; 0.000        ; 0.080      ; 1.031      ;
; 0.739 ; double_click_timer3[5]                                              ; double_click_timer3[5]                                              ; CLK          ; CLK         ; 0.000        ; 0.080      ; 1.031      ;
; 0.739 ; bist_wrapper:bist_inst|bist_ctrl:bist_ctrl_inst|delay_cnt[5]        ; bist_wrapper:bist_inst|bist_ctrl:bist_ctrl_inst|delay_cnt[5]        ; CLK          ; CLK         ; 0.000        ; 0.080      ; 1.031      ;
; 0.739 ; bist_wrapper:bist_inst|bist_ctrl:bist_ctrl_inst|delay_cnt[3]        ; bist_wrapper:bist_inst|bist_ctrl:bist_ctrl_inst|delay_cnt[3]        ; CLK          ; CLK         ; 0.000        ; 0.080      ; 1.031      ;
; 0.739 ; bist_wrapper:bist_inst|bist_ctrl:bist_ctrl_inst|delay_cnt[2]        ; bist_wrapper:bist_inst|bist_ctrl:bist_ctrl_inst|delay_cnt[2]        ; CLK          ; CLK         ; 0.000        ; 0.080      ; 1.031      ;
; 0.740 ; double_click_timer2[4]                                              ; double_click_timer2[4]                                              ; CLK          ; CLK         ; 0.000        ; 0.081      ; 1.033      ;
; 0.740 ; morr_l2:calc_unit|mult:mult_inst|b_reg[5]                           ; morr_l2:calc_unit|mult:mult_inst|b_reg[4]                           ; CLK          ; CLK         ; 0.000        ; 0.081      ; 1.033      ;
; 0.741 ; double_click_timer4[4]                                              ; double_click_timer4[4]                                              ; CLK          ; CLK         ; 0.000        ; 0.080      ; 1.033      ;
; 0.741 ; double_click_timer3[4]                                              ; double_click_timer3[4]                                              ; CLK          ; CLK         ; 0.000        ; 0.080      ; 1.033      ;
; 0.741 ; bist_wrapper:bist_inst|bist_ctrl:bist_ctrl_inst|delay_cnt[4]        ; bist_wrapper:bist_inst|bist_ctrl:bist_ctrl_inst|delay_cnt[4]        ; CLK          ; CLK         ; 0.000        ; 0.080      ; 1.033      ;
; 0.742 ; double_click_timer2[9]                                              ; double_click_timer2[9]                                              ; CLK          ; CLK         ; 0.000        ; 0.081      ; 1.035      ;
+-------+---------------------------------------------------------------------+---------------------------------------------------------------------+--------------+-------------+--------------+------------+------------+


-----------------------------------------------
; Slow 1200mV 85C Model Metastability Summary ;
-----------------------------------------------
No synchronizer chains to report.


+-------------------------------------------------+
; Slow 1200mV 0C Model Fmax Summary               ;
+-----------+-----------------+------------+------+
; Fmax      ; Restricted Fmax ; Clock Name ; Note ;
+-----------+-----------------+------------+------+
; 72.04 MHz ; 72.04 MHz       ; CLK        ;      ;
+-----------+-----------------+------------+------+
This panel reports FMAX for every clock in the design, regardless of the user-specified clock periods.  FMAX is only computed for paths where the source and destination registers or ports are driven by the same clock.  Paths of different clocks, including generated clocks, are ignored.  For paths between a clock and its inversion, FMAX is computed as if the rising and falling edges are scaled along with FMAX, such that the duty cycle (in terms of a percentage) is maintained. Altera recommends that you always use clock constraints and other slack reports for sign-off analysis.


+------------------------------------+
; Slow 1200mV 0C Model Setup Summary ;
+-------+-------+--------------------+
; Clock ; Slack ; End Point TNS      ;
+-------+-------+--------------------+
; CLK   ; 6.118 ; 0.000              ;
+-------+-------+--------------------+


+-----------------------------------+
; Slow 1200mV 0C Model Hold Summary ;
+-------+-------+-------------------+
; Clock ; Slack ; End Point TNS     ;
+-------+-------+-------------------+
; CLK   ; 0.401 ; 0.000             ;
+-------+-------+-------------------+


-----------------------------------------
; Slow 1200mV 0C Model Recovery Summary ;
-----------------------------------------
No paths to report.


----------------------------------------
; Slow 1200mV 0C Model Removal Summary ;
----------------------------------------
No paths to report.


+--------------------------------------------------+
; Slow 1200mV 0C Model Minimum Pulse Width Summary ;
+-------+-------+----------------------------------+
; Clock ; Slack ; End Point TNS                    ;
+-------+-------+----------------------------------+
; CLK   ; 9.427 ; 0.000                            ;
+-------+-------+----------------------------------+


+------------------------------------------------------------------------------------------------------------------------------------+
; Slow 1200mV 0C Model Setup: 'CLK'                                                                                                  ;
+-------+----------------------------------------+-------------+--------------+-------------+--------------+------------+------------+
; Slack ; From Node                              ; To Node     ; Launch Clock ; Latch Clock ; Relationship ; Clock Skew ; Data Delay ;
+-------+----------------------------------------+-------------+--------------+-------------+--------------+------------+------------+
; 6.118 ; seg_display_ctrl:seg_ctrl|digit_idx[0] ; SEG_DATA[7] ; CLK          ; CLK         ; 20.000       ; -2.369     ; 9.493      ;
; 6.137 ; seg_display_ctrl:seg_ctrl|digit_idx[0] ; SEG_DATA[3] ; CLK          ; CLK         ; 20.000       ; -2.369     ; 9.474      ;
; 6.249 ; seg_display_ctrl:seg_ctrl|digit_idx[0] ; SEG_DATA[4] ; CLK          ; CLK         ; 20.000       ; -2.369     ; 9.362      ;
; 6.274 ; seg_display_ctrl:seg_ctrl|digit_idx[0] ; SEG_DATA[5] ; CLK          ; CLK         ; 20.000       ; -2.369     ; 9.337      ;
; 6.302 ; seg_display_ctrl:seg_ctrl|digit_idx[1] ; SEG_DATA[5] ; CLK          ; CLK         ; 20.000       ; -2.370     ; 9.308      ;
; 6.307 ; seg_display_ctrl:seg_ctrl|digit_idx[1] ; SEG_DATA[7] ; CLK          ; CLK         ; 20.000       ; -2.370     ; 9.303      ;
; 6.318 ; seg_display_ctrl:seg_ctrl|digit_idx[1] ; SEG_DATA[3] ; CLK          ; CLK         ; 20.000       ; -2.370     ; 9.292      ;
; 6.325 ; seg_display_ctrl:seg_ctrl|digit_idx[0] ; SEG_DATA[1] ; CLK          ; CLK         ; 20.000       ; -2.369     ; 9.286      ;
; 6.360 ; display_value[12]                      ; SEG_DATA[7] ; CLK          ; CLK         ; 20.000       ; -2.357     ; 9.263      ;
; 6.379 ; display_value[12]                      ; SEG_DATA[3] ; CLK          ; CLK         ; 20.000       ; -2.357     ; 9.244      ;
; 6.433 ; seg_display_ctrl:seg_ctrl|digit_idx[1] ; SEG_DATA[4] ; CLK          ; CLK         ; 20.000       ; -2.370     ; 9.177      ;
; 6.445 ; seg_display_ctrl:seg_ctrl|digit_idx[0] ; SEG_DATA[6] ; CLK          ; CLK         ; 20.000       ; -2.369     ; 9.166      ;
; 6.476 ; seg_display_ctrl:seg_ctrl|digit_idx[1] ; SEG_DATA[1] ; CLK          ; CLK         ; 20.000       ; -2.370     ; 9.134      ;
; 6.485 ; seg_display_ctrl:seg_ctrl|digit_idx[0] ; SEG_DATA[2] ; CLK          ; CLK         ; 20.000       ; -2.369     ; 9.126      ;
; 6.491 ; display_value[12]                      ; SEG_DATA[4] ; CLK          ; CLK         ; 20.000       ; -2.357     ; 9.132      ;
; 6.492 ; display_value[4]                       ; SEG_DATA[7] ; CLK          ; CLK         ; 20.000       ; -2.370     ; 9.118      ;
; 6.511 ; display_value[4]                       ; SEG_DATA[3] ; CLK          ; CLK         ; 20.000       ; -2.370     ; 9.099      ;
; 6.558 ; display_value[2]                       ; SEG_DATA[5] ; CLK          ; CLK         ; 20.000       ; -2.369     ; 9.053      ;
; 6.563 ; display_value[2]                       ; SEG_DATA[7] ; CLK          ; CLK         ; 20.000       ; -2.369     ; 9.048      ;
; 6.567 ; display_value[12]                      ; SEG_DATA[1] ; CLK          ; CLK         ; 20.000       ; -2.357     ; 9.056      ;
; 6.574 ; display_value[2]                       ; SEG_DATA[3] ; CLK          ; CLK         ; 20.000       ; -2.369     ; 9.037      ;
; 6.602 ; display_value[9]                       ; SEG_DATA[5] ; CLK          ; CLK         ; 20.000       ; -2.365     ; 9.013      ;
; 6.623 ; display_value[4]                       ; SEG_DATA[4] ; CLK          ; CLK         ; 20.000       ; -2.370     ; 8.987      ;
; 6.635 ; display_value[9]                       ; SEG_DATA[7] ; CLK          ; CLK         ; 20.000       ; -2.365     ; 8.980      ;
; 6.643 ; seg_display_ctrl:seg_ctrl|digit_idx[1] ; SEG_DATA[6] ; CLK          ; CLK         ; 20.000       ; -2.370     ; 8.967      ;
; 6.648 ; display_value[4]                       ; SEG_DATA[5] ; CLK          ; CLK         ; 20.000       ; -2.370     ; 8.962      ;
; 6.687 ; display_value[12]                      ; SEG_DATA[6] ; CLK          ; CLK         ; 20.000       ; -2.357     ; 8.936      ;
; 6.689 ; display_value[2]                       ; SEG_DATA[4] ; CLK          ; CLK         ; 20.000       ; -2.369     ; 8.922      ;
; 6.699 ; display_value[10]                      ; SEG_DATA[5] ; CLK          ; CLK         ; 20.000       ; -2.369     ; 8.912      ;
; 6.699 ; display_value[4]                       ; SEG_DATA[1] ; CLK          ; CLK         ; 20.000       ; -2.370     ; 8.911      ;
; 6.704 ; display_value[10]                      ; SEG_DATA[7] ; CLK          ; CLK         ; 20.000       ; -2.369     ; 8.907      ;
; 6.715 ; display_value[10]                      ; SEG_DATA[3] ; CLK          ; CLK         ; 20.000       ; -2.369     ; 8.896      ;
; 6.718 ; display_value[12]                      ; SEG_DATA[5] ; CLK          ; CLK         ; 20.000       ; -2.357     ; 8.905      ;
; 6.732 ; display_value[2]                       ; SEG_DATA[1] ; CLK          ; CLK         ; 20.000       ; -2.369     ; 8.879      ;
; 6.760 ; display_value[9]                       ; SEG_DATA[4] ; CLK          ; CLK         ; 20.000       ; -2.365     ; 8.855      ;
; 6.764 ; seg_display_ctrl:seg_ctrl|digit_idx[1] ; SEG_DATA[2] ; CLK          ; CLK         ; 20.000       ; -2.370     ; 8.846      ;
; 6.786 ; display_value[0]                       ; SEG_DATA[7] ; CLK          ; CLK         ; 20.000       ; -2.370     ; 8.824      ;
; 6.786 ; display_value[14]                      ; SEG_DATA[5] ; CLK          ; CLK         ; 20.000       ; -2.357     ; 8.837      ;
; 6.789 ; display_value[9]                       ; SEG_DATA[3] ; CLK          ; CLK         ; 20.000       ; -2.365     ; 8.826      ;
; 6.791 ; display_value[14]                      ; SEG_DATA[7] ; CLK          ; CLK         ; 20.000       ; -2.357     ; 8.832      ;
; 6.802 ; display_value[14]                      ; SEG_DATA[3] ; CLK          ; CLK         ; 20.000       ; -2.357     ; 8.821      ;
; 6.805 ; display_value[0]                       ; SEG_DATA[3] ; CLK          ; CLK         ; 20.000       ; -2.370     ; 8.805      ;
; 6.811 ; display_value[11]                      ; SEG_DATA[5] ; CLK          ; CLK         ; 20.000       ; -2.365     ; 8.804      ;
; 6.819 ; display_value[4]                       ; SEG_DATA[6] ; CLK          ; CLK         ; 20.000       ; -2.370     ; 8.791      ;
; 6.830 ; display_value[10]                      ; SEG_DATA[4] ; CLK          ; CLK         ; 20.000       ; -2.369     ; 8.781      ;
; 6.841 ; display_value[9]                       ; SEG_DATA[1] ; CLK          ; CLK         ; 20.000       ; -2.365     ; 8.774      ;
; 6.858 ; display_value[11]                      ; SEG_DATA[7] ; CLK          ; CLK         ; 20.000       ; -2.365     ; 8.757      ;
; 6.859 ; display_value[4]                       ; SEG_DATA[2] ; CLK          ; CLK         ; 20.000       ; -2.370     ; 8.751      ;
; 6.873 ; display_value[10]                      ; SEG_DATA[1] ; CLK          ; CLK         ; 20.000       ; -2.369     ; 8.738      ;
; 6.892 ; display_value[12]                      ; SEG_DATA[2] ; CLK          ; CLK         ; 20.000       ; -2.357     ; 8.731      ;
; 6.899 ; display_value[2]                       ; SEG_DATA[6] ; CLK          ; CLK         ; 20.000       ; -2.369     ; 8.712      ;
; 6.917 ; display_value[0]                       ; SEG_DATA[4] ; CLK          ; CLK         ; 20.000       ; -2.370     ; 8.693      ;
; 6.917 ; display_value[14]                      ; SEG_DATA[4] ; CLK          ; CLK         ; 20.000       ; -2.357     ; 8.706      ;
; 6.942 ; display_value[0]                       ; SEG_DATA[5] ; CLK          ; CLK         ; 20.000       ; -2.370     ; 8.668      ;
; 6.955 ; display_value[9]                       ; SEG_DATA[6] ; CLK          ; CLK         ; 20.000       ; -2.365     ; 8.660      ;
; 6.960 ; display_value[14]                      ; SEG_DATA[1] ; CLK          ; CLK         ; 20.000       ; -2.357     ; 8.663      ;
; 6.986 ; display_value[11]                      ; SEG_DATA[1] ; CLK          ; CLK         ; 20.000       ; -2.365     ; 8.629      ;
; 6.993 ; display_value[0]                       ; SEG_DATA[1] ; CLK          ; CLK         ; 20.000       ; -2.370     ; 8.617      ;
; 7.006 ; display_value[9]                       ; SEG_DATA[2] ; CLK          ; CLK         ; 20.000       ; -2.365     ; 8.609      ;
; 7.007 ; display_value[11]                      ; SEG_DATA[4] ; CLK          ; CLK         ; 20.000       ; -2.365     ; 8.608      ;
; 7.017 ; display_value[15]                      ; SEG_DATA[5] ; CLK          ; CLK         ; 20.000       ; -2.357     ; 8.606      ;
; 7.040 ; display_value[10]                      ; SEG_DATA[6] ; CLK          ; CLK         ; 20.000       ; -2.369     ; 8.571      ;
; 7.064 ; display_value[15]                      ; SEG_DATA[7] ; CLK          ; CLK         ; 20.000       ; -2.357     ; 8.559      ;
; 7.084 ; display_value[11]                      ; SEG_DATA[3] ; CLK          ; CLK         ; 20.000       ; -2.365     ; 8.531      ;
; 7.113 ; display_value[0]                       ; SEG_DATA[6] ; CLK          ; CLK         ; 20.000       ; -2.370     ; 8.497      ;
; 7.127 ; display_value[14]                      ; SEG_DATA[6] ; CLK          ; CLK         ; 20.000       ; -2.357     ; 8.496      ;
; 7.153 ; display_value[0]                       ; SEG_DATA[2] ; CLK          ; CLK         ; 20.000       ; -2.370     ; 8.457      ;
; 7.164 ; display_value[11]                      ; SEG_DATA[6] ; CLK          ; CLK         ; 20.000       ; -2.365     ; 8.451      ;
; 7.192 ; display_value[15]                      ; SEG_DATA[1] ; CLK          ; CLK         ; 20.000       ; -2.357     ; 8.431      ;
; 7.213 ; display_value[15]                      ; SEG_DATA[4] ; CLK          ; CLK         ; 20.000       ; -2.357     ; 8.410      ;
; 7.217 ; display_value[7]                       ; SEG_DATA[5] ; CLK          ; CLK         ; 20.000       ; -2.370     ; 8.393      ;
; 7.222 ; display_value[8]                       ; SEG_DATA[3] ; CLK          ; CLK         ; 20.000       ; -2.358     ; 8.400      ;
; 7.264 ; display_value[7]                       ; SEG_DATA[7] ; CLK          ; CLK         ; 20.000       ; -2.370     ; 8.346      ;
; 7.272 ; display_value[2]                       ; SEG_DATA[2] ; CLK          ; CLK         ; 20.000       ; -2.369     ; 8.339      ;
; 7.295 ; display_value[1]                       ; SEG_DATA[5] ; CLK          ; CLK         ; 20.000       ; -2.370     ; 8.315      ;
; 7.306 ; display_value[13]                      ; SEG_DATA[5] ; CLK          ; CLK         ; 20.000       ; -2.357     ; 8.317      ;
; 7.313 ; display_value[15]                      ; SEG_DATA[3] ; CLK          ; CLK         ; 20.000       ; -2.357     ; 8.310      ;
; 7.328 ; display_value[1]                       ; SEG_DATA[7] ; CLK          ; CLK         ; 20.000       ; -2.370     ; 8.282      ;
; 7.335 ; display_value[8]                       ; SEG_DATA[4] ; CLK          ; CLK         ; 20.000       ; -2.358     ; 8.287      ;
; 7.339 ; display_value[13]                      ; SEG_DATA[7] ; CLK          ; CLK         ; 20.000       ; -2.357     ; 8.284      ;
; 7.370 ; display_value[15]                      ; SEG_DATA[6] ; CLK          ; CLK         ; 20.000       ; -2.357     ; 8.253      ;
; 7.384 ; display_value[5]                       ; SEG_DATA[3] ; CLK          ; CLK         ; 20.000       ; -2.370     ; 8.226      ;
; 7.392 ; display_value[7]                       ; SEG_DATA[1] ; CLK          ; CLK         ; 20.000       ; -2.370     ; 8.218      ;
; 7.393 ; display_value[11]                      ; SEG_DATA[2] ; CLK          ; CLK         ; 20.000       ; -2.365     ; 8.222      ;
; 7.403 ; display_value[7]                       ; SEG_DATA[3] ; CLK          ; CLK         ; 20.000       ; -2.370     ; 8.207      ;
; 7.405 ; display_value[3]                       ; SEG_DATA[5] ; CLK          ; CLK         ; 20.000       ; -2.370     ; 8.205      ;
; 7.413 ; display_value[10]                      ; SEG_DATA[2] ; CLK          ; CLK         ; 20.000       ; -2.369     ; 8.198      ;
; 7.413 ; display_value[7]                       ; SEG_DATA[4] ; CLK          ; CLK         ; 20.000       ; -2.370     ; 8.197      ;
; 7.439 ; display_value[6]                       ; SEG_DATA[5] ; CLK          ; CLK         ; 20.000       ; -2.369     ; 8.172      ;
; 7.441 ; display_value[1]                       ; SEG_DATA[3] ; CLK          ; CLK         ; 20.000       ; -2.370     ; 8.169      ;
; 7.444 ; display_value[6]                       ; SEG_DATA[7] ; CLK          ; CLK         ; 20.000       ; -2.369     ; 8.167      ;
; 7.452 ; display_value[3]                       ; SEG_DATA[7] ; CLK          ; CLK         ; 20.000       ; -2.370     ; 8.158      ;
; 7.453 ; display_value[1]                       ; SEG_DATA[4] ; CLK          ; CLK         ; 20.000       ; -2.370     ; 8.157      ;
; 7.455 ; display_value[6]                       ; SEG_DATA[3] ; CLK          ; CLK         ; 20.000       ; -2.369     ; 8.156      ;
; 7.464 ; display_value[13]                      ; SEG_DATA[4] ; CLK          ; CLK         ; 20.000       ; -2.357     ; 8.159      ;
; 7.493 ; display_value[8]                       ; SEG_DATA[7] ; CLK          ; CLK         ; 20.000       ; -2.358     ; 8.129      ;
; 7.497 ; display_value[5]                       ; SEG_DATA[4] ; CLK          ; CLK         ; 20.000       ; -2.370     ; 8.113      ;
; 7.500 ; display_value[14]                      ; SEG_DATA[2] ; CLK          ; CLK         ; 20.000       ; -2.357     ; 8.123      ;
; 7.528 ; display_value[1]                       ; SEG_DATA[1] ; CLK          ; CLK         ; 20.000       ; -2.370     ; 8.082      ;
; 7.531 ; display_value[8]                       ; SEG_DATA[6] ; CLK          ; CLK         ; 20.000       ; -2.358     ; 8.091      ;
+-------+----------------------------------------+-------------+--------------+-------------+--------------+------------+------------+


+-------------------------------------------------------------------------------------------------------------------------------------------------------------------------------------------------------------------------+
; Slow 1200mV 0C Model Hold: 'CLK'                                                                                                                                                                                        ;
+-------+---------------------------------------------------------------------+---------------------------------------------------------------------+--------------+-------------+--------------+------------+------------+
; Slack ; From Node                                                           ; To Node                                                             ; Launch Clock ; Latch Clock ; Relationship ; Clock Skew ; Data Delay ;
+-------+---------------------------------------------------------------------+---------------------------------------------------------------------+--------------+-------------+--------------+------------+------------+
; 0.401 ; bist_wrapper:bist_inst|crc8:crc8_inst|crc_reg[0]                    ; bist_wrapper:bist_inst|crc8:crc8_inst|crc_reg[0]                    ; CLK          ; CLK         ; 0.000        ; 0.073      ; 0.669      ;
; 0.402 ; seg_display_ctrl:seg_ctrl|digit_idx[2]                              ; seg_display_ctrl:seg_ctrl|digit_idx[2]                              ; CLK          ; CLK         ; 0.000        ; 0.072      ; 0.669      ;
; 0.402 ; seg_display_ctrl:seg_ctrl|digit_idx[1]                              ; seg_display_ctrl:seg_ctrl|digit_idx[1]                              ; CLK          ; CLK         ; 0.000        ; 0.072      ; 0.669      ;
; 0.402 ; seg_display_ctrl:seg_ctrl|digit_idx[0]                              ; seg_display_ctrl:seg_ctrl|digit_idx[0]                              ; CLK          ; CLK         ; 0.000        ; 0.072      ; 0.669      ;
; 0.402 ; bist_wrapper:bist_inst|bist_ctrl:bist_ctrl_inst|test_count_reg[0]   ; bist_wrapper:bist_inst|bist_ctrl:bist_ctrl_inst|test_count_reg[0]   ; CLK          ; CLK         ; 0.000        ; 0.072      ; 0.669      ;
; 0.402 ; key2_pending                                                        ; key2_pending                                                        ; CLK          ; CLK         ; 0.000        ; 0.072      ; 0.669      ;
; 0.402 ; key2_stable                                                         ; key2_stable                                                         ; CLK          ; CLK         ; 0.000        ; 0.072      ; 0.669      ;
; 0.402 ; key3_pending                                                        ; key3_pending                                                        ; CLK          ; CLK         ; 0.000        ; 0.072      ; 0.669      ;
; 0.402 ; key4_stable                                                         ; key4_stable                                                         ; CLK          ; CLK         ; 0.000        ; 0.072      ; 0.669      ;
; 0.402 ; bist_wrapper:bist_inst|bist_ctrl:bist_ctrl_inst|state.ST_TEST_DELAY ; bist_wrapper:bist_inst|bist_ctrl:bist_ctrl_inst|state.ST_TEST_DELAY ; CLK          ; CLK         ; 0.000        ; 0.072      ; 0.669      ;
; 0.402 ; bist_wrapper:bist_inst|debounce:debounce_inst|btn_stable            ; bist_wrapper:bist_inst|debounce:debounce_inst|btn_stable            ; CLK          ; CLK         ; 0.000        ; 0.072      ; 0.669      ;
; 0.402 ; key3_stable                                                         ; key3_stable                                                         ; CLK          ; CLK         ; 0.000        ; 0.072      ; 0.669      ;
; 0.402 ; morr_l2:calc_unit|root3:root3_inst|phase.10                         ; morr_l2:calc_unit|root3:root3_inst|phase.10                         ; CLK          ; CLK         ; 0.000        ; 0.072      ; 0.669      ;
; 0.402 ; morr_l2:calc_unit|root3:root3_inst|phase.01                         ; morr_l2:calc_unit|root3:root3_inst|phase.01                         ; CLK          ; CLK         ; 0.000        ; 0.072      ; 0.669      ;
; 0.402 ; morr_l2:calc_unit|root3:root3_inst|state.ST_RUN                     ; morr_l2:calc_unit|root3:root3_inst|state.ST_RUN                     ; CLK          ; CLK         ; 0.000        ; 0.072      ; 0.669      ;
; 0.402 ; morr_l2:calc_unit|root3:root3_inst|busy_r                           ; morr_l2:calc_unit|root3:root3_inst|busy_r                           ; CLK          ; CLK         ; 0.000        ; 0.072      ; 0.669      ;
; 0.402 ; morr_l2:calc_unit|mult:mult_inst|ctr[3]                             ; morr_l2:calc_unit|mult:mult_inst|ctr[3]                             ; CLK          ; CLK         ; 0.000        ; 0.072      ; 0.669      ;
; 0.402 ; morr_l2:calc_unit|mult:mult_inst|ctr[2]                             ; morr_l2:calc_unit|mult:mult_inst|ctr[2]                             ; CLK          ; CLK         ; 0.000        ; 0.072      ; 0.669      ;
; 0.402 ; morr_l2:calc_unit|mult:mult_inst|ctr[0]                             ; morr_l2:calc_unit|mult:mult_inst|ctr[0]                             ; CLK          ; CLK         ; 0.000        ; 0.072      ; 0.669      ;
; 0.402 ; morr_l2:calc_unit|mult:mult_inst|state                              ; morr_l2:calc_unit|mult:mult_inst|state                              ; CLK          ; CLK         ; 0.000        ; 0.072      ; 0.669      ;
; 0.402 ; morr_l2:calc_unit|mult:mult_inst|ctr[1]                             ; morr_l2:calc_unit|mult:mult_inst|ctr[1]                             ; CLK          ; CLK         ; 0.000        ; 0.072      ; 0.669      ;
; 0.403 ; key4_pending                                                        ; key4_pending                                                        ; CLK          ; CLK         ; 0.000        ; 0.071      ; 0.669      ;
; 0.403 ; bist_wrapper:bist_inst|bist_ctrl:bist_ctrl_inst|state.ST_TEST_WAIT  ; bist_wrapper:bist_inst|bist_ctrl:bist_ctrl_inst|state.ST_TEST_WAIT  ; CLK          ; CLK         ; 0.000        ; 0.071      ; 0.669      ;
; 0.403 ; bist_wrapper:bist_inst|bist_ctrl:bist_ctrl_inst|state.ST_TEST_DONE  ; bist_wrapper:bist_inst|bist_ctrl:bist_ctrl_inst|state.ST_TEST_DONE  ; CLK          ; CLK         ; 0.000        ; 0.071      ; 0.669      ;
; 0.403 ; morr_l2:calc_unit|state.CALC_CUBRT                                  ; morr_l2:calc_unit|state.CALC_CUBRT                                  ; CLK          ; CLK         ; 0.000        ; 0.071      ; 0.669      ;
; 0.403 ; morr_l2:calc_unit|state.IDLE                                        ; morr_l2:calc_unit|state.IDLE                                        ; CLK          ; CLK         ; 0.000        ; 0.071      ; 0.669      ;
; 0.403 ; morr_l2:calc_unit|root3:root3_inst|prod3_r[1]                       ; morr_l2:calc_unit|root3:root3_inst|prod3_r[1]                       ; CLK          ; CLK         ; 0.000        ; 0.071      ; 0.669      ;
; 0.417 ; morr_l2:calc_unit|state.DONE_STATE                                  ; morr_l2:calc_unit|state.DONE_STATE                                  ; CLK          ; CLK         ; 0.000        ; 0.072      ; 0.684      ;
; 0.456 ; debounce_cnt4[19]                                                   ; debounce_cnt4[19]                                                   ; CLK          ; CLK         ; 0.000        ; 0.072      ; 0.723      ;
; 0.456 ; bist_wrapper:bist_inst|debounce:debounce_inst|counter[19]           ; bist_wrapper:bist_inst|debounce:debounce_inst|counter[19]           ; CLK          ; CLK         ; 0.000        ; 0.072      ; 0.723      ;
; 0.457 ; bist_wrapper:bist_inst|bist_ctrl:bist_ctrl_inst|test_count_reg[7]   ; bist_wrapper:bist_inst|bist_ctrl:bist_ctrl_inst|test_count_reg[7]   ; CLK          ; CLK         ; 0.000        ; 0.072      ; 0.724      ;
; 0.457 ; debounce_cnt2[19]                                                   ; debounce_cnt2[19]                                                   ; CLK          ; CLK         ; 0.000        ; 0.072      ; 0.724      ;
; 0.457 ; debounce_cnt3[19]                                                   ; debounce_cnt3[19]                                                   ; CLK          ; CLK         ; 0.000        ; 0.072      ; 0.724      ;
; 0.469 ; bist_wrapper:bist_inst|lfsr8:lfsr2_inst|lfsr_reg[0]                 ; bist_wrapper:bist_inst|lfsr8:lfsr2_inst|lfsr_reg[1]                 ; CLK          ; CLK         ; 0.000        ; 0.073      ; 0.737      ;
; 0.469 ; bist_wrapper:bist_inst|lfsr8:lfsr2_inst|lfsr_reg[4]                 ; bist_wrapper:bist_inst|lfsr8:lfsr2_inst|lfsr_reg[5]                 ; CLK          ; CLK         ; 0.000        ; 0.073      ; 0.737      ;
; 0.470 ; double_click_timer4[24]                                             ; double_click_timer4[24]                                             ; CLK          ; CLK         ; 0.000        ; 0.072      ; 0.737      ;
; 0.470 ; bist_wrapper:bist_inst|bist_ctrl:bist_ctrl_inst|iteration_cnt[8]    ; bist_wrapper:bist_inst|bist_ctrl:bist_ctrl_inst|iteration_cnt[8]    ; CLK          ; CLK         ; 0.000        ; 0.072      ; 0.737      ;
; 0.470 ; bist_wrapper:bist_inst|bist_ctrl:bist_ctrl_inst|delay_cnt[24]       ; bist_wrapper:bist_inst|bist_ctrl:bist_ctrl_inst|delay_cnt[24]       ; CLK          ; CLK         ; 0.000        ; 0.072      ; 0.737      ;
; 0.471 ; bist_wrapper:bist_inst|lfsr8:lfsr1_inst|lfsr_reg[7]                 ; bist_wrapper:bist_inst|lfsr8:lfsr1_inst|lfsr_reg[0]                 ; CLK          ; CLK         ; 0.000        ; 0.073      ; 0.739      ;
; 0.472 ; bist_wrapper:bist_inst|lfsr8:lfsr2_inst|lfsr_reg[1]                 ; bist_wrapper:bist_inst|lfsr8:lfsr2_inst|lfsr_reg[2]                 ; CLK          ; CLK         ; 0.000        ; 0.073      ; 0.740      ;
; 0.475 ; bist_wrapper:bist_inst|lfsr8:lfsr2_inst|lfsr_reg[2]                 ; bist_wrapper:bist_inst|lfsr8:lfsr2_inst|lfsr_reg[3]                 ; CLK          ; CLK         ; 0.000        ; 0.073      ; 0.743      ;
; 0.476 ; double_click_timer2[24]                                             ; double_click_timer2[24]                                             ; CLK          ; CLK         ; 0.000        ; 0.073      ; 0.744      ;
; 0.476 ; bist_wrapper:bist_inst|crc8:crc8_inst|crc_reg[1]                    ; bist_wrapper:bist_inst|crc8:crc8_inst|crc_reg[2]                    ; CLK          ; CLK         ; 0.000        ; 0.072      ; 0.743      ;
; 0.477 ; double_click_timer3[24]                                             ; double_click_timer3[24]                                             ; CLK          ; CLK         ; 0.000        ; 0.072      ; 0.744      ;
; 0.478 ; bist_wrapper:bist_inst|lfsr8:lfsr2_inst|lfsr_reg[5]                 ; bist_wrapper:bist_inst|lfsr8:lfsr2_inst|lfsr_reg[6]                 ; CLK          ; CLK         ; 0.000        ; 0.073      ; 0.746      ;
; 0.479 ; bist_wrapper:bist_inst|lfsr8:lfsr2_inst|lfsr_reg[5]                 ; bist_wrapper:bist_inst|lfsr8:lfsr2_inst|lfsr_reg[0]                 ; CLK          ; CLK         ; 0.000        ; 0.073      ; 0.747      ;
; 0.488 ; bist_wrapper:bist_inst|crc8:crc8_inst|crc_reg[6]                    ; bist_wrapper:bist_inst|crc8:crc8_inst|crc_reg[1]                    ; CLK          ; CLK         ; 0.000        ; 0.072      ; 0.755      ;
; 0.492 ; morr_l2:calc_unit|root3:root3_inst|y[4]                             ; morr_l2:calc_unit|root3:root3_inst|y[5]                             ; CLK          ; CLK         ; 0.000        ; 0.072      ; 0.759      ;
; 0.492 ; morr_l2:calc_unit|root3:root3_inst|y[2]                             ; morr_l2:calc_unit|root3:root3_inst|y[3]                             ; CLK          ; CLK         ; 0.000        ; 0.072      ; 0.759      ;
; 0.492 ; morr_l2:calc_unit|root3:root3_inst|y[0]                             ; morr_l2:calc_unit|root3:root3_inst|y[1]                             ; CLK          ; CLK         ; 0.000        ; 0.072      ; 0.759      ;
; 0.493 ; morr_l2:calc_unit|root3:root3_inst|state.ST_DONE                    ; morr_l2:calc_unit|root3:root3_inst|state.ST_IDLE                    ; CLK          ; CLK         ; 0.000        ; 0.072      ; 0.760      ;
; 0.493 ; morr_l2:calc_unit|root3:root3_inst|y[3]                             ; morr_l2:calc_unit|root3:root3_inst|y[4]                             ; CLK          ; CLK         ; 0.000        ; 0.072      ; 0.760      ;
; 0.493 ; morr_l2:calc_unit|root3:root3_inst|y[1]                             ; morr_l2:calc_unit|root3:root3_inst|y[2]                             ; CLK          ; CLK         ; 0.000        ; 0.072      ; 0.760      ;
; 0.493 ; morr_l2:calc_unit|root3:root3_inst|prod_r[1]                        ; morr_l2:calc_unit|root3:root3_inst|prod3_r[1]                       ; CLK          ; CLK         ; 0.000        ; 0.071      ; 0.759      ;
; 0.494 ; morr_l2:calc_unit|root3:root3_inst|s[5]                             ; morr_l2:calc_unit|root3:root3_inst|s[5]                             ; CLK          ; CLK         ; 0.000        ; 0.072      ; 0.761      ;
; 0.497 ; morr_l2:calc_unit|root3:root3_inst|phase.10                         ; morr_l2:calc_unit|root3:root3_inst|state.ST_RUN                     ; CLK          ; CLK         ; 0.000        ; 0.072      ; 0.764      ;
; 0.509 ; bist_wrapper:bist_inst|bist_ctrl:bist_ctrl_inst|state.ST_TEST_CRC   ; bist_wrapper:bist_inst|bist_ctrl:bist_ctrl_inst|state.ST_TEST_NEXT  ; CLK          ; CLK         ; 0.000        ; 0.071      ; 0.775      ;
; 0.572 ; KEY3_N                                                              ; key3_stable                                                         ; CLK          ; CLK         ; 0.000        ; 2.363      ; 2.630      ;
; 0.597 ; morr_l2:calc_unit|mult:mult_inst|b_reg[3]                           ; morr_l2:calc_unit|mult:mult_inst|b_reg[2]                           ; CLK          ; CLK         ; 0.000        ; 0.073      ; 0.865      ;
; 0.598 ; bist_wrapper:bist_inst|lfsr8:lfsr1_inst|lfsr_reg[4]                 ; bist_wrapper:bist_inst|lfsr8:lfsr1_inst|lfsr_reg[5]                 ; CLK          ; CLK         ; 0.000        ; 0.073      ; 0.866      ;
; 0.598 ; morr_l2:calc_unit|mult:mult_inst|b_reg[6]                           ; morr_l2:calc_unit|mult:mult_inst|b_reg[5]                           ; CLK          ; CLK         ; 0.000        ; 0.073      ; 0.866      ;
; 0.600 ; morr_l2:calc_unit|root3:root3_inst|y_bo[7]                          ; morr_l2:calc_unit|mult:mult_inst|b_reg[7]                           ; CLK          ; CLK         ; 0.000        ; 0.073      ; 0.868      ;
; 0.601 ; morr_l2:calc_unit|mult:mult_inst|b_reg[2]                           ; morr_l2:calc_unit|mult:mult_inst|b_reg[1]                           ; CLK          ; CLK         ; 0.000        ; 0.073      ; 0.869      ;
; 0.607 ; bist_wrapper:bist_inst|lfsr8:lfsr2_inst|lfsr_reg[6]                 ; bist_wrapper:bist_inst|lfsr8:lfsr2_inst|lfsr_reg[7]                 ; CLK          ; CLK         ; 0.000        ; 0.073      ; 0.875      ;
; 0.607 ; bist_wrapper:bist_inst|lfsr8:lfsr2_inst|lfsr_reg[6]                 ; bist_wrapper:bist_inst|lfsr8:lfsr2_inst|lfsr_reg[0]                 ; CLK          ; CLK         ; 0.000        ; 0.073      ; 0.875      ;
; 0.610 ; bist_wrapper:bist_inst|bist_ctrl:bist_ctrl_inst|test_count_reg[6]   ; display_value[14]                                                   ; CLK          ; CLK         ; 0.000        ; 0.072      ; 0.877      ;
; 0.619 ; bist_wrapper:bist_inst|lfsr8:lfsr2_inst|lfsr_reg[3]                 ; bist_wrapper:bist_inst|lfsr8:lfsr2_inst|lfsr_reg[4]                 ; CLK          ; CLK         ; 0.000        ; 0.073      ; 0.887      ;
; 0.620 ; morr_l2:calc_unit|root3:root3_inst|y[7]                             ; morr_l2:calc_unit|root3:root3_inst|y[8]                             ; CLK          ; CLK         ; 0.000        ; 0.072      ; 0.887      ;
; 0.621 ; morr_l2:calc_unit|root3:root3_inst|y[9]                             ; morr_l2:calc_unit|root3:root3_inst|y[10]                            ; CLK          ; CLK         ; 0.000        ; 0.072      ; 0.888      ;
; 0.622 ; morr_l2:calc_unit|root3:root3_inst|y[6]                             ; morr_l2:calc_unit|root3:root3_inst|y[7]                             ; CLK          ; CLK         ; 0.000        ; 0.072      ; 0.889      ;
; 0.622 ; morr_l2:calc_unit|root3:root3_inst|y[5]                             ; morr_l2:calc_unit|root3:root3_inst|y[6]                             ; CLK          ; CLK         ; 0.000        ; 0.072      ; 0.889      ;
; 0.627 ; morr_l2:calc_unit|mult:mult_inst|done_o                             ; morr_l2:calc_unit|state.DONE_STATE                                  ; CLK          ; CLK         ; 0.000        ; 0.072      ; 0.894      ;
; 0.627 ; morr_l2:calc_unit|root3:root3_inst|y[8]                             ; morr_l2:calc_unit|root3:root3_inst|y[9]                             ; CLK          ; CLK         ; 0.000        ; 0.072      ; 0.894      ;
; 0.647 ; bist_wrapper:bist_inst|debounce:debounce_inst|sync_ff1              ; bist_wrapper:bist_inst|debounce:debounce_inst|sync_ff2              ; CLK          ; CLK         ; 0.000        ; 0.072      ; 0.914      ;
; 0.676 ; KEY2_N                                                              ; bist_wrapper:bist_inst|debounce:debounce_inst|sync_ff1              ; CLK          ; CLK         ; 0.000        ; 2.359      ; 2.730      ;
; 0.677 ; morr_l2:calc_unit|state.DONE_STATE                                  ; morr_l2:calc_unit|state.CALC_MULT                                   ; CLK          ; CLK         ; 0.000        ; 0.072      ; 0.944      ;
; 0.683 ; double_click_timer2[1]                                              ; double_click_timer2[1]                                              ; CLK          ; CLK         ; 0.000        ; 0.073      ; 0.951      ;
; 0.684 ; double_click_timer4[1]                                              ; double_click_timer4[1]                                              ; CLK          ; CLK         ; 0.000        ; 0.072      ; 0.951      ;
; 0.684 ; double_click_timer3[1]                                              ; double_click_timer3[1]                                              ; CLK          ; CLK         ; 0.000        ; 0.072      ; 0.951      ;
; 0.684 ; bist_wrapper:bist_inst|bist_ctrl:bist_ctrl_inst|delay_cnt[1]        ; bist_wrapper:bist_inst|bist_ctrl:bist_ctrl_inst|delay_cnt[1]        ; CLK          ; CLK         ; 0.000        ; 0.072      ; 0.951      ;
; 0.686 ; double_click_timer2[2]                                              ; double_click_timer2[2]                                              ; CLK          ; CLK         ; 0.000        ; 0.073      ; 0.954      ;
; 0.686 ; double_click_timer2[3]                                              ; double_click_timer2[3]                                              ; CLK          ; CLK         ; 0.000        ; 0.073      ; 0.954      ;
; 0.686 ; double_click_timer2[5]                                              ; double_click_timer2[5]                                              ; CLK          ; CLK         ; 0.000        ; 0.073      ; 0.954      ;
; 0.687 ; double_click_timer4[2]                                              ; double_click_timer4[2]                                              ; CLK          ; CLK         ; 0.000        ; 0.072      ; 0.954      ;
; 0.687 ; double_click_timer4[3]                                              ; double_click_timer4[3]                                              ; CLK          ; CLK         ; 0.000        ; 0.072      ; 0.954      ;
; 0.687 ; double_click_timer4[5]                                              ; double_click_timer4[5]                                              ; CLK          ; CLK         ; 0.000        ; 0.072      ; 0.954      ;
; 0.687 ; double_click_timer3[2]                                              ; double_click_timer3[2]                                              ; CLK          ; CLK         ; 0.000        ; 0.072      ; 0.954      ;
; 0.687 ; double_click_timer3[3]                                              ; double_click_timer3[3]                                              ; CLK          ; CLK         ; 0.000        ; 0.072      ; 0.954      ;
; 0.687 ; double_click_timer3[5]                                              ; double_click_timer3[5]                                              ; CLK          ; CLK         ; 0.000        ; 0.072      ; 0.954      ;
; 0.687 ; bist_wrapper:bist_inst|bist_ctrl:bist_ctrl_inst|delay_cnt[5]        ; bist_wrapper:bist_inst|bist_ctrl:bist_ctrl_inst|delay_cnt[5]        ; CLK          ; CLK         ; 0.000        ; 0.072      ; 0.954      ;
; 0.687 ; bist_wrapper:bist_inst|bist_ctrl:bist_ctrl_inst|delay_cnt[3]        ; bist_wrapper:bist_inst|bist_ctrl:bist_ctrl_inst|delay_cnt[3]        ; CLK          ; CLK         ; 0.000        ; 0.072      ; 0.954      ;
; 0.687 ; bist_wrapper:bist_inst|bist_ctrl:bist_ctrl_inst|delay_cnt[2]        ; bist_wrapper:bist_inst|bist_ctrl:bist_ctrl_inst|delay_cnt[2]        ; CLK          ; CLK         ; 0.000        ; 0.072      ; 0.954      ;
; 0.687 ; morr_l2:calc_unit|mult:mult_inst|b_reg[5]                           ; morr_l2:calc_unit|mult:mult_inst|b_reg[4]                           ; CLK          ; CLK         ; 0.000        ; 0.073      ; 0.955      ;
; 0.689 ; double_click_timer2[11]                                             ; double_click_timer2[11]                                             ; CLK          ; CLK         ; 0.000        ; 0.073      ; 0.957      ;
; 0.689 ; morr_l2:calc_unit|mult:mult_inst|b_reg[4]                           ; morr_l2:calc_unit|mult:mult_inst|b_reg[3]                           ; CLK          ; CLK         ; 0.000        ; 0.073      ; 0.957      ;
; 0.690 ; double_click_timer2[4]                                              ; double_click_timer2[4]                                              ; CLK          ; CLK         ; 0.000        ; 0.073      ; 0.958      ;
; 0.690 ; double_click_timer2[7]                                              ; double_click_timer2[7]                                              ; CLK          ; CLK         ; 0.000        ; 0.073      ; 0.958      ;
; 0.690 ; double_click_timer4[11]                                             ; double_click_timer4[11]                                             ; CLK          ; CLK         ; 0.000        ; 0.072      ; 0.957      ;
; 0.690 ; double_click_timer3[11]                                             ; double_click_timer3[11]                                             ; CLK          ; CLK         ; 0.000        ; 0.072      ; 0.957      ;
; 0.690 ; bist_wrapper:bist_inst|bist_ctrl:bist_ctrl_inst|delay_cnt[11]       ; bist_wrapper:bist_inst|bist_ctrl:bist_ctrl_inst|delay_cnt[11]       ; CLK          ; CLK         ; 0.000        ; 0.072      ; 0.957      ;
+-------+---------------------------------------------------------------------+---------------------------------------------------------------------+--------------+-------------+--------------+------------+------------+


----------------------------------------------
; Slow 1200mV 0C Model Metastability Summary ;
----------------------------------------------
No synchronizer chains to report.


+------------------------------------+
; Fast 1200mV 0C Model Setup Summary ;
+-------+--------+-------------------+
; Clock ; Slack  ; End Point TNS     ;
+-------+--------+-------------------+
; CLK   ; 12.152 ; 0.000             ;
+-------+--------+-------------------+


+-----------------------------------+
; Fast 1200mV 0C Model Hold Summary ;
+-------+-------+-------------------+
; Clock ; Slack ; End Point TNS     ;
+-------+-------+-------------------+
; CLK   ; 0.186 ; 0.000             ;
+-------+-------+-------------------+


-----------------------------------------
; Fast 1200mV 0C Model Recovery Summary ;
-----------------------------------------
No paths to report.


----------------------------------------
; Fast 1200mV 0C Model Removal Summary ;
----------------------------------------
No paths to report.


+--------------------------------------------------+
; Fast 1200mV 0C Model Minimum Pulse Width Summary ;
+-------+-------+----------------------------------+
; Clock ; Slack ; End Point TNS                    ;
+-------+-------+----------------------------------+
; CLK   ; 9.239 ; 0.000                            ;
+-------+-------+----------------------------------+


+-------------------------------------------------------------------------------------------------------------------------------------+
; Fast 1200mV 0C Model Setup: 'CLK'                                                                                                   ;
+--------+----------------------------------------+-------------+--------------+-------------+--------------+------------+------------+
; Slack  ; From Node                              ; To Node     ; Launch Clock ; Latch Clock ; Relationship ; Clock Skew ; Data Delay ;
+--------+----------------------------------------+-------------+--------------+-------------+--------------+------------+------------+
; 12.152 ; seg_display_ctrl:seg_ctrl|digit_idx[0] ; SEG_DATA[3] ; CLK          ; CLK         ; 20.000       ; -1.091     ; 4.737      ;
; 12.209 ; seg_display_ctrl:seg_ctrl|digit_idx[0] ; SEG_DATA[7] ; CLK          ; CLK         ; 20.000       ; -1.091     ; 4.680      ;
; 12.210 ; seg_display_ctrl:seg_ctrl|digit_idx[0] ; SEG_DATA[5] ; CLK          ; CLK         ; 20.000       ; -1.091     ; 4.679      ;
; 12.220 ; seg_display_ctrl:seg_ctrl|digit_idx[1] ; SEG_DATA[3] ; CLK          ; CLK         ; 20.000       ; -1.092     ; 4.668      ;
; 12.240 ; seg_display_ctrl:seg_ctrl|digit_idx[0] ; SEG_DATA[4] ; CLK          ; CLK         ; 20.000       ; -1.091     ; 4.649      ;
; 12.248 ; seg_display_ctrl:seg_ctrl|digit_idx[0] ; SEG_DATA[1] ; CLK          ; CLK         ; 20.000       ; -1.091     ; 4.641      ;
; 12.255 ; seg_display_ctrl:seg_ctrl|digit_idx[1] ; SEG_DATA[5] ; CLK          ; CLK         ; 20.000       ; -1.092     ; 4.633      ;
; 12.261 ; display_value[12]                      ; SEG_DATA[3] ; CLK          ; CLK         ; 20.000       ; -1.083     ; 4.636      ;
; 12.286 ; seg_display_ctrl:seg_ctrl|digit_idx[0] ; SEG_DATA[2] ; CLK          ; CLK         ; 20.000       ; -1.091     ; 4.603      ;
; 12.287 ; seg_display_ctrl:seg_ctrl|digit_idx[1] ; SEG_DATA[7] ; CLK          ; CLK         ; 20.000       ; -1.092     ; 4.601      ;
; 12.297 ; seg_display_ctrl:seg_ctrl|digit_idx[0] ; SEG_DATA[6] ; CLK          ; CLK         ; 20.000       ; -1.091     ; 4.592      ;
; 12.308 ; display_value[4]                       ; SEG_DATA[3] ; CLK          ; CLK         ; 20.000       ; -1.092     ; 4.580      ;
; 12.311 ; seg_display_ctrl:seg_ctrl|digit_idx[1] ; SEG_DATA[4] ; CLK          ; CLK         ; 20.000       ; -1.092     ; 4.577      ;
; 12.318 ; display_value[12]                      ; SEG_DATA[7] ; CLK          ; CLK         ; 20.000       ; -1.083     ; 4.579      ;
; 12.319 ; display_value[12]                      ; SEG_DATA[5] ; CLK          ; CLK         ; 20.000       ; -1.083     ; 4.578      ;
; 12.339 ; seg_display_ctrl:seg_ctrl|digit_idx[1] ; SEG_DATA[1] ; CLK          ; CLK         ; 20.000       ; -1.092     ; 4.549      ;
; 12.349 ; display_value[12]                      ; SEG_DATA[4] ; CLK          ; CLK         ; 20.000       ; -1.083     ; 4.548      ;
; 12.350 ; display_value[2]                       ; SEG_DATA[3] ; CLK          ; CLK         ; 20.000       ; -1.091     ; 4.539      ;
; 12.355 ; seg_display_ctrl:seg_ctrl|digit_idx[1] ; SEG_DATA[6] ; CLK          ; CLK         ; 20.000       ; -1.092     ; 4.533      ;
; 12.357 ; display_value[12]                      ; SEG_DATA[1] ; CLK          ; CLK         ; 20.000       ; -1.083     ; 4.540      ;
; 12.365 ; display_value[4]                       ; SEG_DATA[7] ; CLK          ; CLK         ; 20.000       ; -1.092     ; 4.523      ;
; 12.366 ; display_value[4]                       ; SEG_DATA[5] ; CLK          ; CLK         ; 20.000       ; -1.092     ; 4.522      ;
; 12.385 ; display_value[2]                       ; SEG_DATA[5] ; CLK          ; CLK         ; 20.000       ; -1.091     ; 4.504      ;
; 12.388 ; seg_display_ctrl:seg_ctrl|digit_idx[1] ; SEG_SEL[3]  ; CLK          ; CLK         ; 20.000       ; -1.092     ; 4.500      ;
; 12.395 ; display_value[12]                      ; SEG_DATA[2] ; CLK          ; CLK         ; 20.000       ; -1.083     ; 4.502      ;
; 12.396 ; display_value[4]                       ; SEG_DATA[4] ; CLK          ; CLK         ; 20.000       ; -1.092     ; 4.492      ;
; 12.404 ; display_value[4]                       ; SEG_DATA[1] ; CLK          ; CLK         ; 20.000       ; -1.092     ; 4.484      ;
; 12.406 ; display_value[12]                      ; SEG_DATA[6] ; CLK          ; CLK         ; 20.000       ; -1.083     ; 4.491      ;
; 12.417 ; display_value[2]                       ; SEG_DATA[7] ; CLK          ; CLK         ; 20.000       ; -1.091     ; 4.472      ;
; 12.421 ; display_value[10]                      ; SEG_DATA[3] ; CLK          ; CLK         ; 20.000       ; -1.091     ; 4.468      ;
; 12.434 ; display_value[9]                       ; SEG_DATA[5] ; CLK          ; CLK         ; 20.000       ; -1.086     ; 4.460      ;
; 12.437 ; seg_display_ctrl:seg_ctrl|digit_idx[1] ; SEG_DATA[2] ; CLK          ; CLK         ; 20.000       ; -1.092     ; 4.451      ;
; 12.441 ; display_value[2]                       ; SEG_DATA[4] ; CLK          ; CLK         ; 20.000       ; -1.091     ; 4.448      ;
; 12.442 ; display_value[4]                       ; SEG_DATA[2] ; CLK          ; CLK         ; 20.000       ; -1.092     ; 4.446      ;
; 12.449 ; seg_display_ctrl:seg_ctrl|digit_idx[2] ; SEG_SEL[3]  ; CLK          ; CLK         ; 20.000       ; -1.086     ; 4.445      ;
; 12.453 ; display_value[4]                       ; SEG_DATA[6] ; CLK          ; CLK         ; 20.000       ; -1.092     ; 4.435      ;
; 12.454 ; display_value[9]                       ; SEG_DATA[7] ; CLK          ; CLK         ; 20.000       ; -1.086     ; 4.440      ;
; 12.456 ; display_value[10]                      ; SEG_DATA[5] ; CLK          ; CLK         ; 20.000       ; -1.091     ; 4.433      ;
; 12.469 ; display_value[2]                       ; SEG_DATA[1] ; CLK          ; CLK         ; 20.000       ; -1.091     ; 4.420      ;
; 12.472 ; display_value[9]                       ; SEG_DATA[3] ; CLK          ; CLK         ; 20.000       ; -1.086     ; 4.422      ;
; 12.474 ; display_value[14]                      ; SEG_DATA[3] ; CLK          ; CLK         ; 20.000       ; -1.083     ; 4.423      ;
; 12.478 ; display_value[0]                       ; SEG_DATA[3] ; CLK          ; CLK         ; 20.000       ; -1.092     ; 4.410      ;
; 12.479 ; display_value[9]                       ; SEG_DATA[4] ; CLK          ; CLK         ; 20.000       ; -1.086     ; 4.415      ;
; 12.485 ; display_value[2]                       ; SEG_DATA[6] ; CLK          ; CLK         ; 20.000       ; -1.091     ; 4.404      ;
; 12.486 ; display_value[11]                      ; SEG_DATA[5] ; CLK          ; CLK         ; 20.000       ; -1.086     ; 4.408      ;
; 12.488 ; display_value[10]                      ; SEG_DATA[7] ; CLK          ; CLK         ; 20.000       ; -1.091     ; 4.401      ;
; 12.493 ; seg_display_ctrl:seg_ctrl|digit_idx[0] ; SEG_SEL[3]  ; CLK          ; CLK         ; 20.000       ; -1.091     ; 4.396      ;
; 12.506 ; display_value[9]                       ; SEG_DATA[1] ; CLK          ; CLK         ; 20.000       ; -1.086     ; 4.388      ;
; 12.509 ; display_value[14]                      ; SEG_DATA[5] ; CLK          ; CLK         ; 20.000       ; -1.083     ; 4.388      ;
; 12.512 ; display_value[10]                      ; SEG_DATA[4] ; CLK          ; CLK         ; 20.000       ; -1.091     ; 4.377      ;
; 12.520 ; display_value[11]                      ; SEG_DATA[7] ; CLK          ; CLK         ; 20.000       ; -1.086     ; 4.374      ;
; 12.520 ; display_value[11]                      ; SEG_DATA[3] ; CLK          ; CLK         ; 20.000       ; -1.086     ; 4.374      ;
; 12.535 ; display_value[9]                       ; SEG_DATA[6] ; CLK          ; CLK         ; 20.000       ; -1.086     ; 4.359      ;
; 12.535 ; display_value[0]                       ; SEG_DATA[7] ; CLK          ; CLK         ; 20.000       ; -1.092     ; 4.353      ;
; 12.536 ; display_value[0]                       ; SEG_DATA[5] ; CLK          ; CLK         ; 20.000       ; -1.092     ; 4.352      ;
; 12.540 ; display_value[10]                      ; SEG_DATA[1] ; CLK          ; CLK         ; 20.000       ; -1.091     ; 4.349      ;
; 12.541 ; display_value[14]                      ; SEG_DATA[7] ; CLK          ; CLK         ; 20.000       ; -1.083     ; 4.356      ;
; 12.556 ; display_value[10]                      ; SEG_DATA[6] ; CLK          ; CLK         ; 20.000       ; -1.091     ; 4.333      ;
; 12.565 ; display_value[14]                      ; SEG_DATA[4] ; CLK          ; CLK         ; 20.000       ; -1.083     ; 4.332      ;
; 12.566 ; display_value[0]                       ; SEG_DATA[4] ; CLK          ; CLK         ; 20.000       ; -1.092     ; 4.322      ;
; 12.570 ; display_value[11]                      ; SEG_DATA[4] ; CLK          ; CLK         ; 20.000       ; -1.086     ; 4.324      ;
; 12.571 ; display_value[9]                       ; SEG_DATA[2] ; CLK          ; CLK         ; 20.000       ; -1.086     ; 4.323      ;
; 12.571 ; display_value[11]                      ; SEG_DATA[1] ; CLK          ; CLK         ; 20.000       ; -1.086     ; 4.323      ;
; 12.574 ; display_value[0]                       ; SEG_DATA[1] ; CLK          ; CLK         ; 20.000       ; -1.092     ; 4.314      ;
; 12.586 ; display_value[11]                      ; SEG_DATA[6] ; CLK          ; CLK         ; 20.000       ; -1.086     ; 4.308      ;
; 12.593 ; display_value[14]                      ; SEG_DATA[1] ; CLK          ; CLK         ; 20.000       ; -1.083     ; 4.304      ;
; 12.607 ; display_value[15]                      ; SEG_DATA[5] ; CLK          ; CLK         ; 20.000       ; -1.083     ; 4.290      ;
; 12.609 ; display_value[14]                      ; SEG_DATA[6] ; CLK          ; CLK         ; 20.000       ; -1.083     ; 4.288      ;
; 12.612 ; display_value[0]                       ; SEG_DATA[2] ; CLK          ; CLK         ; 20.000       ; -1.092     ; 4.276      ;
; 12.623 ; display_value[0]                       ; SEG_DATA[6] ; CLK          ; CLK         ; 20.000       ; -1.092     ; 4.265      ;
; 12.641 ; display_value[15]                      ; SEG_DATA[7] ; CLK          ; CLK         ; 20.000       ; -1.083     ; 4.256      ;
; 12.641 ; display_value[15]                      ; SEG_DATA[3] ; CLK          ; CLK         ; 20.000       ; -1.083     ; 4.256      ;
; 12.690 ; display_value[7]                       ; SEG_DATA[5] ; CLK          ; CLK         ; 20.000       ; -1.092     ; 4.198      ;
; 12.691 ; display_value[15]                      ; SEG_DATA[4] ; CLK          ; CLK         ; 20.000       ; -1.083     ; 4.206      ;
; 12.692 ; display_value[15]                      ; SEG_DATA[1] ; CLK          ; CLK         ; 20.000       ; -1.083     ; 4.205      ;
; 12.704 ; display_value[2]                       ; SEG_DATA[2] ; CLK          ; CLK         ; 20.000       ; -1.091     ; 4.185      ;
; 12.707 ; display_value[15]                      ; SEG_DATA[6] ; CLK          ; CLK         ; 20.000       ; -1.083     ; 4.190      ;
; 12.722 ; display_value[7]                       ; SEG_DATA[3] ; CLK          ; CLK         ; 20.000       ; -1.092     ; 4.166      ;
; 12.724 ; display_value[7]                       ; SEG_DATA[7] ; CLK          ; CLK         ; 20.000       ; -1.092     ; 4.164      ;
; 12.738 ; display_value[8]                       ; SEG_DATA[3] ; CLK          ; CLK         ; 20.000       ; -1.086     ; 4.156      ;
; 12.747 ; display_value[6]                       ; SEG_DATA[3] ; CLK          ; CLK         ; 20.000       ; -1.091     ; 4.142      ;
; 12.748 ; display_value[1]                       ; SEG_DATA[5] ; CLK          ; CLK         ; 20.000       ; -1.092     ; 4.140      ;
; 12.768 ; display_value[1]                       ; SEG_DATA[7] ; CLK          ; CLK         ; 20.000       ; -1.092     ; 4.120      ;
; 12.773 ; display_value[13]                      ; SEG_DATA[5] ; CLK          ; CLK         ; 20.000       ; -1.083     ; 4.124      ;
; 12.774 ; display_value[7]                       ; SEG_DATA[4] ; CLK          ; CLK         ; 20.000       ; -1.092     ; 4.114      ;
; 12.775 ; display_value[10]                      ; SEG_DATA[2] ; CLK          ; CLK         ; 20.000       ; -1.091     ; 4.114      ;
; 12.775 ; display_value[7]                       ; SEG_DATA[1] ; CLK          ; CLK         ; 20.000       ; -1.092     ; 4.113      ;
; 12.782 ; display_value[6]                       ; SEG_DATA[5] ; CLK          ; CLK         ; 20.000       ; -1.091     ; 4.107      ;
; 12.786 ; display_value[1]                       ; SEG_DATA[3] ; CLK          ; CLK         ; 20.000       ; -1.092     ; 4.102      ;
; 12.790 ; display_value[7]                       ; SEG_DATA[6] ; CLK          ; CLK         ; 20.000       ; -1.092     ; 4.098      ;
; 12.793 ; display_value[13]                      ; SEG_DATA[7] ; CLK          ; CLK         ; 20.000       ; -1.083     ; 4.104      ;
; 12.793 ; display_value[1]                       ; SEG_DATA[4] ; CLK          ; CLK         ; 20.000       ; -1.092     ; 4.095      ;
; 12.794 ; display_value[3]                       ; SEG_DATA[5] ; CLK          ; CLK         ; 20.000       ; -1.092     ; 4.094      ;
; 12.795 ; display_value[8]                       ; SEG_DATA[7] ; CLK          ; CLK         ; 20.000       ; -1.086     ; 4.099      ;
; 12.796 ; display_value[8]                       ; SEG_DATA[5] ; CLK          ; CLK         ; 20.000       ; -1.086     ; 4.098      ;
; 12.808 ; display_value[11]                      ; SEG_DATA[2] ; CLK          ; CLK         ; 20.000       ; -1.086     ; 4.086      ;
; 12.811 ; display_value[13]                      ; SEG_DATA[3] ; CLK          ; CLK         ; 20.000       ; -1.083     ; 4.086      ;
; 12.814 ; display_value[6]                       ; SEG_DATA[7] ; CLK          ; CLK         ; 20.000       ; -1.091     ; 4.075      ;
; 12.818 ; display_value[13]                      ; SEG_DATA[4] ; CLK          ; CLK         ; 20.000       ; -1.083     ; 4.079      ;
; 12.820 ; display_value[1]                       ; SEG_DATA[1] ; CLK          ; CLK         ; 20.000       ; -1.092     ; 4.068      ;
+--------+----------------------------------------+-------------+--------------+-------------+--------------+------------+------------+


+-------------------------------------------------------------------------------------------------------------------------------------------------------------------------------------------------------------------------+
; Fast 1200mV 0C Model Hold: 'CLK'                                                                                                                                                                                        ;
+-------+---------------------------------------------------------------------+---------------------------------------------------------------------+--------------+-------------+--------------+------------+------------+
; Slack ; From Node                                                           ; To Node                                                             ; Launch Clock ; Latch Clock ; Relationship ; Clock Skew ; Data Delay ;
+-------+---------------------------------------------------------------------+---------------------------------------------------------------------+--------------+-------------+--------------+------------+------------+
; 0.186 ; seg_display_ctrl:seg_ctrl|digit_idx[1]                              ; seg_display_ctrl:seg_ctrl|digit_idx[1]                              ; CLK          ; CLK         ; 0.000        ; 0.037      ; 0.307      ;
; 0.186 ; key2_stable                                                         ; key2_stable                                                         ; CLK          ; CLK         ; 0.000        ; 0.037      ; 0.307      ;
; 0.186 ; key4_stable                                                         ; key4_stable                                                         ; CLK          ; CLK         ; 0.000        ; 0.037      ; 0.307      ;
; 0.187 ; seg_display_ctrl:seg_ctrl|digit_idx[2]                              ; seg_display_ctrl:seg_ctrl|digit_idx[2]                              ; CLK          ; CLK         ; 0.000        ; 0.036      ; 0.307      ;
; 0.187 ; seg_display_ctrl:seg_ctrl|digit_idx[0]                              ; seg_display_ctrl:seg_ctrl|digit_idx[0]                              ; CLK          ; CLK         ; 0.000        ; 0.036      ; 0.307      ;
; 0.187 ; bist_wrapper:bist_inst|bist_ctrl:bist_ctrl_inst|test_count_reg[0]   ; bist_wrapper:bist_inst|bist_ctrl:bist_ctrl_inst|test_count_reg[0]   ; CLK          ; CLK         ; 0.000        ; 0.036      ; 0.307      ;
; 0.187 ; key4_pending                                                        ; key4_pending                                                        ; CLK          ; CLK         ; 0.000        ; 0.036      ; 0.307      ;
; 0.187 ; key2_pending                                                        ; key2_pending                                                        ; CLK          ; CLK         ; 0.000        ; 0.036      ; 0.307      ;
; 0.187 ; key3_pending                                                        ; key3_pending                                                        ; CLK          ; CLK         ; 0.000        ; 0.036      ; 0.307      ;
; 0.187 ; bist_wrapper:bist_inst|bist_ctrl:bist_ctrl_inst|state.ST_TEST_DELAY ; bist_wrapper:bist_inst|bist_ctrl:bist_ctrl_inst|state.ST_TEST_DELAY ; CLK          ; CLK         ; 0.000        ; 0.036      ; 0.307      ;
; 0.187 ; bist_wrapper:bist_inst|bist_ctrl:bist_ctrl_inst|state.ST_TEST_WAIT  ; bist_wrapper:bist_inst|bist_ctrl:bist_ctrl_inst|state.ST_TEST_WAIT  ; CLK          ; CLK         ; 0.000        ; 0.036      ; 0.307      ;
; 0.187 ; bist_wrapper:bist_inst|bist_ctrl:bist_ctrl_inst|state.ST_TEST_DONE  ; bist_wrapper:bist_inst|bist_ctrl:bist_ctrl_inst|state.ST_TEST_DONE  ; CLK          ; CLK         ; 0.000        ; 0.036      ; 0.307      ;
; 0.187 ; bist_wrapper:bist_inst|debounce:debounce_inst|btn_stable            ; bist_wrapper:bist_inst|debounce:debounce_inst|btn_stable            ; CLK          ; CLK         ; 0.000        ; 0.036      ; 0.307      ;
; 0.187 ; key3_stable                                                         ; key3_stable                                                         ; CLK          ; CLK         ; 0.000        ; 0.036      ; 0.307      ;
; 0.187 ; bist_wrapper:bist_inst|crc8:crc8_inst|crc_reg[0]                    ; bist_wrapper:bist_inst|crc8:crc8_inst|crc_reg[0]                    ; CLK          ; CLK         ; 0.000        ; 0.036      ; 0.307      ;
; 0.187 ; morr_l2:calc_unit|state.CALC_CUBRT                                  ; morr_l2:calc_unit|state.CALC_CUBRT                                  ; CLK          ; CLK         ; 0.000        ; 0.036      ; 0.307      ;
; 0.187 ; morr_l2:calc_unit|state.IDLE                                        ; morr_l2:calc_unit|state.IDLE                                        ; CLK          ; CLK         ; 0.000        ; 0.036      ; 0.307      ;
; 0.187 ; morr_l2:calc_unit|root3:root3_inst|phase.10                         ; morr_l2:calc_unit|root3:root3_inst|phase.10                         ; CLK          ; CLK         ; 0.000        ; 0.036      ; 0.307      ;
; 0.187 ; morr_l2:calc_unit|root3:root3_inst|phase.01                         ; morr_l2:calc_unit|root3:root3_inst|phase.01                         ; CLK          ; CLK         ; 0.000        ; 0.036      ; 0.307      ;
; 0.187 ; morr_l2:calc_unit|root3:root3_inst|state.ST_RUN                     ; morr_l2:calc_unit|root3:root3_inst|state.ST_RUN                     ; CLK          ; CLK         ; 0.000        ; 0.036      ; 0.307      ;
; 0.187 ; morr_l2:calc_unit|root3:root3_inst|busy_r                           ; morr_l2:calc_unit|root3:root3_inst|busy_r                           ; CLK          ; CLK         ; 0.000        ; 0.036      ; 0.307      ;
; 0.187 ; morr_l2:calc_unit|mult:mult_inst|ctr[3]                             ; morr_l2:calc_unit|mult:mult_inst|ctr[3]                             ; CLK          ; CLK         ; 0.000        ; 0.036      ; 0.307      ;
; 0.187 ; morr_l2:calc_unit|mult:mult_inst|ctr[2]                             ; morr_l2:calc_unit|mult:mult_inst|ctr[2]                             ; CLK          ; CLK         ; 0.000        ; 0.036      ; 0.307      ;
; 0.187 ; morr_l2:calc_unit|mult:mult_inst|ctr[0]                             ; morr_l2:calc_unit|mult:mult_inst|ctr[0]                             ; CLK          ; CLK         ; 0.000        ; 0.036      ; 0.307      ;
; 0.187 ; morr_l2:calc_unit|mult:mult_inst|state                              ; morr_l2:calc_unit|mult:mult_inst|state                              ; CLK          ; CLK         ; 0.000        ; 0.036      ; 0.307      ;
; 0.187 ; morr_l2:calc_unit|mult:mult_inst|ctr[1]                             ; morr_l2:calc_unit|mult:mult_inst|ctr[1]                             ; CLK          ; CLK         ; 0.000        ; 0.036      ; 0.307      ;
; 0.187 ; morr_l2:calc_unit|root3:root3_inst|prod3_r[1]                       ; morr_l2:calc_unit|root3:root3_inst|prod3_r[1]                       ; CLK          ; CLK         ; 0.000        ; 0.036      ; 0.307      ;
; 0.194 ; morr_l2:calc_unit|state.DONE_STATE                                  ; morr_l2:calc_unit|state.DONE_STATE                                  ; CLK          ; CLK         ; 0.000        ; 0.036      ; 0.314      ;
; 0.197 ; debounce_cnt2[19]                                                   ; debounce_cnt2[19]                                                   ; CLK          ; CLK         ; 0.000        ; 0.037      ; 0.318      ;
; 0.197 ; debounce_cnt4[19]                                                   ; debounce_cnt4[19]                                                   ; CLK          ; CLK         ; 0.000        ; 0.037      ; 0.318      ;
; 0.197 ; bist_wrapper:bist_inst|debounce:debounce_inst|counter[19]           ; bist_wrapper:bist_inst|debounce:debounce_inst|counter[19]           ; CLK          ; CLK         ; 0.000        ; 0.037      ; 0.318      ;
; 0.198 ; bist_wrapper:bist_inst|bist_ctrl:bist_ctrl_inst|test_count_reg[7]   ; bist_wrapper:bist_inst|bist_ctrl:bist_ctrl_inst|test_count_reg[7]   ; CLK          ; CLK         ; 0.000        ; 0.036      ; 0.318      ;
; 0.198 ; debounce_cnt3[19]                                                   ; debounce_cnt3[19]                                                   ; CLK          ; CLK         ; 0.000        ; 0.036      ; 0.318      ;
; 0.205 ; double_click_timer4[24]                                             ; double_click_timer4[24]                                             ; CLK          ; CLK         ; 0.000        ; 0.036      ; 0.325      ;
; 0.205 ; bist_wrapper:bist_inst|bist_ctrl:bist_ctrl_inst|iteration_cnt[8]    ; bist_wrapper:bist_inst|bist_ctrl:bist_ctrl_inst|iteration_cnt[8]    ; CLK          ; CLK         ; 0.000        ; 0.036      ; 0.325      ;
; 0.205 ; bist_wrapper:bist_inst|bist_ctrl:bist_ctrl_inst|delay_cnt[24]       ; bist_wrapper:bist_inst|bist_ctrl:bist_ctrl_inst|delay_cnt[24]       ; CLK          ; CLK         ; 0.000        ; 0.036      ; 0.325      ;
; 0.205 ; morr_l2:calc_unit|root3:root3_inst|y[4]                             ; morr_l2:calc_unit|root3:root3_inst|y[5]                             ; CLK          ; CLK         ; 0.000        ; 0.036      ; 0.325      ;
; 0.205 ; morr_l2:calc_unit|root3:root3_inst|y[2]                             ; morr_l2:calc_unit|root3:root3_inst|y[3]                             ; CLK          ; CLK         ; 0.000        ; 0.036      ; 0.325      ;
; 0.205 ; morr_l2:calc_unit|root3:root3_inst|y[0]                             ; morr_l2:calc_unit|root3:root3_inst|y[1]                             ; CLK          ; CLK         ; 0.000        ; 0.036      ; 0.325      ;
; 0.205 ; morr_l2:calc_unit|root3:root3_inst|prod_r[1]                        ; morr_l2:calc_unit|root3:root3_inst|prod3_r[1]                       ; CLK          ; CLK         ; 0.000        ; 0.036      ; 0.325      ;
; 0.206 ; bist_wrapper:bist_inst|lfsr8:lfsr1_inst|lfsr_reg[7]                 ; bist_wrapper:bist_inst|lfsr8:lfsr1_inst|lfsr_reg[0]                 ; CLK          ; CLK         ; 0.000        ; 0.037      ; 0.327      ;
; 0.206 ; morr_l2:calc_unit|root3:root3_inst|y[3]                             ; morr_l2:calc_unit|root3:root3_inst|y[4]                             ; CLK          ; CLK         ; 0.000        ; 0.036      ; 0.326      ;
; 0.206 ; morr_l2:calc_unit|root3:root3_inst|y[1]                             ; morr_l2:calc_unit|root3:root3_inst|y[2]                             ; CLK          ; CLK         ; 0.000        ; 0.036      ; 0.326      ;
; 0.208 ; double_click_timer3[24]                                             ; double_click_timer3[24]                                             ; CLK          ; CLK         ; 0.000        ; 0.037      ; 0.329      ;
; 0.209 ; double_click_timer2[24]                                             ; double_click_timer2[24]                                             ; CLK          ; CLK         ; 0.000        ; 0.036      ; 0.329      ;
; 0.209 ; bist_wrapper:bist_inst|lfsr8:lfsr2_inst|lfsr_reg[0]                 ; bist_wrapper:bist_inst|lfsr8:lfsr2_inst|lfsr_reg[1]                 ; CLK          ; CLK         ; 0.000        ; 0.036      ; 0.329      ;
; 0.209 ; bist_wrapper:bist_inst|lfsr8:lfsr2_inst|lfsr_reg[4]                 ; bist_wrapper:bist_inst|lfsr8:lfsr2_inst|lfsr_reg[5]                 ; CLK          ; CLK         ; 0.000        ; 0.036      ; 0.329      ;
; 0.209 ; bist_wrapper:bist_inst|crc8:crc8_inst|crc_reg[1]                    ; bist_wrapper:bist_inst|crc8:crc8_inst|crc_reg[2]                    ; CLK          ; CLK         ; 0.000        ; 0.036      ; 0.329      ;
; 0.212 ; bist_wrapper:bist_inst|lfsr8:lfsr2_inst|lfsr_reg[5]                 ; bist_wrapper:bist_inst|lfsr8:lfsr2_inst|lfsr_reg[0]                 ; CLK          ; CLK         ; 0.000        ; 0.036      ; 0.332      ;
; 0.212 ; bist_wrapper:bist_inst|lfsr8:lfsr2_inst|lfsr_reg[2]                 ; bist_wrapper:bist_inst|lfsr8:lfsr2_inst|lfsr_reg[3]                 ; CLK          ; CLK         ; 0.000        ; 0.036      ; 0.332      ;
; 0.212 ; bist_wrapper:bist_inst|lfsr8:lfsr2_inst|lfsr_reg[1]                 ; bist_wrapper:bist_inst|lfsr8:lfsr2_inst|lfsr_reg[2]                 ; CLK          ; CLK         ; 0.000        ; 0.036      ; 0.332      ;
; 0.216 ; bist_wrapper:bist_inst|lfsr8:lfsr2_inst|lfsr_reg[5]                 ; bist_wrapper:bist_inst|lfsr8:lfsr2_inst|lfsr_reg[6]                 ; CLK          ; CLK         ; 0.000        ; 0.036      ; 0.336      ;
; 0.216 ; bist_wrapper:bist_inst|bist_ctrl:bist_ctrl_inst|state.ST_TEST_CRC   ; bist_wrapper:bist_inst|bist_ctrl:bist_ctrl_inst|state.ST_TEST_NEXT  ; CLK          ; CLK         ; 0.000        ; 0.036      ; 0.336      ;
; 0.217 ; bist_wrapper:bist_inst|crc8:crc8_inst|crc_reg[6]                    ; bist_wrapper:bist_inst|crc8:crc8_inst|crc_reg[1]                    ; CLK          ; CLK         ; 0.000        ; 0.036      ; 0.337      ;
; 0.218 ; morr_l2:calc_unit|root3:root3_inst|s[5]                             ; morr_l2:calc_unit|root3:root3_inst|s[5]                             ; CLK          ; CLK         ; 0.000        ; 0.036      ; 0.338      ;
; 0.222 ; morr_l2:calc_unit|root3:root3_inst|state.ST_DONE                    ; morr_l2:calc_unit|root3:root3_inst|state.ST_IDLE                    ; CLK          ; CLK         ; 0.000        ; 0.036      ; 0.342      ;
; 0.226 ; morr_l2:calc_unit|root3:root3_inst|phase.10                         ; morr_l2:calc_unit|root3:root3_inst|state.ST_RUN                     ; CLK          ; CLK         ; 0.000        ; 0.036      ; 0.346      ;
; 0.252 ; morr_l2:calc_unit|mult:mult_inst|b_reg[3]                           ; morr_l2:calc_unit|mult:mult_inst|b_reg[2]                           ; CLK          ; CLK         ; 0.000        ; 0.036      ; 0.372      ;
; 0.253 ; morr_l2:calc_unit|mult:mult_inst|b_reg[6]                           ; morr_l2:calc_unit|mult:mult_inst|b_reg[5]                           ; CLK          ; CLK         ; 0.000        ; 0.036      ; 0.373      ;
; 0.253 ; morr_l2:calc_unit|root3:root3_inst|y_bo[7]                          ; morr_l2:calc_unit|mult:mult_inst|b_reg[7]                           ; CLK          ; CLK         ; 0.000        ; 0.036      ; 0.373      ;
; 0.256 ; morr_l2:calc_unit|mult:mult_inst|b_reg[2]                           ; morr_l2:calc_unit|mult:mult_inst|b_reg[1]                           ; CLK          ; CLK         ; 0.000        ; 0.036      ; 0.376      ;
; 0.258 ; bist_wrapper:bist_inst|bist_ctrl:bist_ctrl_inst|test_count_reg[6]   ; display_value[14]                                                   ; CLK          ; CLK         ; 0.000        ; 0.036      ; 0.378      ;
; 0.261 ; bist_wrapper:bist_inst|lfsr8:lfsr1_inst|lfsr_reg[4]                 ; bist_wrapper:bist_inst|lfsr8:lfsr1_inst|lfsr_reg[5]                 ; CLK          ; CLK         ; 0.000        ; 0.037      ; 0.382      ;
; 0.264 ; bist_wrapper:bist_inst|lfsr8:lfsr2_inst|lfsr_reg[3]                 ; bist_wrapper:bist_inst|lfsr8:lfsr2_inst|lfsr_reg[4]                 ; CLK          ; CLK         ; 0.000        ; 0.036      ; 0.384      ;
; 0.264 ; morr_l2:calc_unit|root3:root3_inst|y[7]                             ; morr_l2:calc_unit|root3:root3_inst|y[8]                             ; CLK          ; CLK         ; 0.000        ; 0.036      ; 0.384      ;
; 0.265 ; morr_l2:calc_unit|root3:root3_inst|y[9]                             ; morr_l2:calc_unit|root3:root3_inst|y[10]                            ; CLK          ; CLK         ; 0.000        ; 0.036      ; 0.385      ;
; 0.266 ; morr_l2:calc_unit|root3:root3_inst|y[6]                             ; morr_l2:calc_unit|root3:root3_inst|y[7]                             ; CLK          ; CLK         ; 0.000        ; 0.036      ; 0.386      ;
; 0.267 ; morr_l2:calc_unit|root3:root3_inst|y[8]                             ; morr_l2:calc_unit|root3:root3_inst|y[9]                             ; CLK          ; CLK         ; 0.000        ; 0.036      ; 0.387      ;
; 0.267 ; morr_l2:calc_unit|root3:root3_inst|y[5]                             ; morr_l2:calc_unit|root3:root3_inst|y[6]                             ; CLK          ; CLK         ; 0.000        ; 0.036      ; 0.387      ;
; 0.268 ; bist_wrapper:bist_inst|lfsr8:lfsr2_inst|lfsr_reg[6]                 ; bist_wrapper:bist_inst|lfsr8:lfsr2_inst|lfsr_reg[7]                 ; CLK          ; CLK         ; 0.000        ; 0.036      ; 0.388      ;
; 0.268 ; bist_wrapper:bist_inst|debounce:debounce_inst|sync_ff1              ; bist_wrapper:bist_inst|debounce:debounce_inst|sync_ff2              ; CLK          ; CLK         ; 0.000        ; 0.036      ; 0.388      ;
; 0.268 ; bist_wrapper:bist_inst|lfsr8:lfsr2_inst|lfsr_reg[6]                 ; bist_wrapper:bist_inst|lfsr8:lfsr2_inst|lfsr_reg[0]                 ; CLK          ; CLK         ; 0.000        ; 0.036      ; 0.388      ;
; 0.269 ; morr_l2:calc_unit|mult:mult_inst|done_o                             ; morr_l2:calc_unit|state.DONE_STATE                                  ; CLK          ; CLK         ; 0.000        ; 0.036      ; 0.389      ;
; 0.281 ; morr_l2:calc_unit|state.DONE_STATE                                  ; morr_l2:calc_unit|state.CALC_MULT                                   ; CLK          ; CLK         ; 0.000        ; 0.036      ; 0.401      ;
; 0.293 ; double_click_timer2[1]                                              ; double_click_timer2[1]                                              ; CLK          ; CLK         ; 0.000        ; 0.036      ; 0.413      ;
; 0.293 ; double_click_timer4[1]                                              ; double_click_timer4[1]                                              ; CLK          ; CLK         ; 0.000        ; 0.036      ; 0.413      ;
; 0.293 ; double_click_timer3[1]                                              ; double_click_timer3[1]                                              ; CLK          ; CLK         ; 0.000        ; 0.036      ; 0.413      ;
; 0.293 ; bist_wrapper:bist_inst|bist_ctrl:bist_ctrl_inst|delay_cnt[1]        ; bist_wrapper:bist_inst|bist_ctrl:bist_ctrl_inst|delay_cnt[1]        ; CLK          ; CLK         ; 0.000        ; 0.036      ; 0.413      ;
; 0.294 ; double_click_timer2[2]                                              ; double_click_timer2[2]                                              ; CLK          ; CLK         ; 0.000        ; 0.036      ; 0.414      ;
; 0.294 ; double_click_timer2[3]                                              ; double_click_timer2[3]                                              ; CLK          ; CLK         ; 0.000        ; 0.036      ; 0.414      ;
; 0.294 ; double_click_timer2[5]                                              ; double_click_timer2[5]                                              ; CLK          ; CLK         ; 0.000        ; 0.036      ; 0.414      ;
; 0.294 ; double_click_timer4[2]                                              ; double_click_timer4[2]                                              ; CLK          ; CLK         ; 0.000        ; 0.036      ; 0.414      ;
; 0.294 ; double_click_timer4[3]                                              ; double_click_timer4[3]                                              ; CLK          ; CLK         ; 0.000        ; 0.036      ; 0.414      ;
; 0.294 ; double_click_timer4[5]                                              ; double_click_timer4[5]                                              ; CLK          ; CLK         ; 0.000        ; 0.036      ; 0.414      ;
; 0.294 ; double_click_timer3[2]                                              ; double_click_timer3[2]                                              ; CLK          ; CLK         ; 0.000        ; 0.036      ; 0.414      ;
; 0.294 ; double_click_timer3[3]                                              ; double_click_timer3[3]                                              ; CLK          ; CLK         ; 0.000        ; 0.036      ; 0.414      ;
; 0.294 ; double_click_timer3[5]                                              ; double_click_timer3[5]                                              ; CLK          ; CLK         ; 0.000        ; 0.036      ; 0.414      ;
; 0.294 ; bist_wrapper:bist_inst|bist_ctrl:bist_ctrl_inst|delay_cnt[5]        ; bist_wrapper:bist_inst|bist_ctrl:bist_ctrl_inst|delay_cnt[5]        ; CLK          ; CLK         ; 0.000        ; 0.036      ; 0.414      ;
; 0.294 ; bist_wrapper:bist_inst|bist_ctrl:bist_ctrl_inst|delay_cnt[3]        ; bist_wrapper:bist_inst|bist_ctrl:bist_ctrl_inst|delay_cnt[3]        ; CLK          ; CLK         ; 0.000        ; 0.036      ; 0.414      ;
; 0.294 ; bist_wrapper:bist_inst|bist_ctrl:bist_ctrl_inst|delay_cnt[2]        ; bist_wrapper:bist_inst|bist_ctrl:bist_ctrl_inst|delay_cnt[2]        ; CLK          ; CLK         ; 0.000        ; 0.036      ; 0.414      ;
; 0.294 ; morr_l2:calc_unit|root3:root3_inst|state.ST_RUN                     ; morr_l2:calc_unit|root3:root3_inst|state.ST_DONE                    ; CLK          ; CLK         ; 0.000        ; 0.036      ; 0.414      ;
; 0.294 ; morr_l2:calc_unit|mult:mult_inst|b_reg[5]                           ; morr_l2:calc_unit|mult:mult_inst|b_reg[4]                           ; CLK          ; CLK         ; 0.000        ; 0.036      ; 0.414      ;
; 0.295 ; double_click_timer2[4]                                              ; double_click_timer2[4]                                              ; CLK          ; CLK         ; 0.000        ; 0.036      ; 0.415      ;
; 0.295 ; double_click_timer4[4]                                              ; double_click_timer4[4]                                              ; CLK          ; CLK         ; 0.000        ; 0.036      ; 0.415      ;
; 0.295 ; double_click_timer3[4]                                              ; double_click_timer3[4]                                              ; CLK          ; CLK         ; 0.000        ; 0.036      ; 0.415      ;
; 0.295 ; bist_wrapper:bist_inst|bist_ctrl:bist_ctrl_inst|delay_cnt[4]        ; bist_wrapper:bist_inst|bist_ctrl:bist_ctrl_inst|delay_cnt[4]        ; CLK          ; CLK         ; 0.000        ; 0.036      ; 0.415      ;
; 0.295 ; bist_wrapper:bist_inst|debounce:debounce_inst|sync_ff2              ; bist_wrapper:bist_inst|debounce:debounce_inst|btn_stable            ; CLK          ; CLK         ; 0.000        ; 0.036      ; 0.415      ;
; 0.295 ; morr_l2:calc_unit|root3:root3_inst|state.ST_RUN                     ; morr_l2:calc_unit|root3:root3_inst|phase.01                         ; CLK          ; CLK         ; 0.000        ; 0.036      ; 0.415      ;
; 0.295 ; morr_l2:calc_unit|mult:mult_inst|b_reg[7]                           ; morr_l2:calc_unit|mult:mult_inst|b_reg[6]                           ; CLK          ; CLK         ; 0.000        ; 0.036      ; 0.415      ;
; 0.296 ; double_click_timer2[11]                                             ; double_click_timer2[11]                                             ; CLK          ; CLK         ; 0.000        ; 0.036      ; 0.416      ;
+-------+---------------------------------------------------------------------+---------------------------------------------------------------------+--------------+-------------+--------------+------------+------------+


----------------------------------------------
; Fast 1200mV 0C Model Metastability Summary ;
----------------------------------------------
No synchronizer chains to report.


+-----------------------------------------------------------------------------+
; Multicorner Timing Analysis Summary                                         ;
+------------------+-------+-------+----------+---------+---------------------+
; Clock            ; Setup ; Hold  ; Recovery ; Removal ; Minimum Pulse Width ;
+------------------+-------+-------+----------+---------+---------------------+
; Worst-case Slack ; 5.308 ; 0.186 ; N/A      ; N/A     ; 9.239               ;
;  CLK             ; 5.308 ; 0.186 ; N/A      ; N/A     ; 9.239               ;
; Design-wide TNS  ; 0.0   ; 0.0   ; 0.0      ; 0.0     ; 0.0                 ;
;  CLK             ; 0.000 ; 0.000 ; N/A      ; N/A     ; 0.000               ;
+------------------+-------+-------+----------+---------+---------------------+


+------------------------------------------------------------------------------------------------------------------------------------------------------------------------------------------------------------------------------------------------------------------------------------------------------------------------------------------------------------------------------------------------------------------------------+
; Board Trace Model Assignments                                                                                                                                                                                                                                                                                                                                                                                                ;
+---------------------------+--------------+-------------------+-------------------------+-------------------------+---------------+---------------------+----------------+------------------+--------+------------------+------------------------+------------------------+--------------+---------------+-----------------+-------+---------------------+--------------------+---------------+-----------------+-------------+
; Pin                       ; I/O Standard ; Near Tline Length ; Near Tline L per Length ; Near Tline C per Length ; Near Series R ; Near Differential R ; Near Pull-up R ; Near Pull-down R ; Near C ; Far Tline Length ; Far Tline L per Length ; Far Tline C per Length ; Far Series R ; Far Pull-up R ; Far Pull-down R ; Far C ; Termination Voltage ; Far Differential R ; EBD File Name ; EBD Signal Name ; EBD Far-end ;
+---------------------------+--------------+-------------------+-------------------------+-------------------------+---------------+---------------------+----------------+------------------+--------+------------------+------------------------+------------------------+--------------+---------------+-----------------+-------+---------------------+--------------------+---------------+-----------------+-------------+
; LED[0]                    ; 3.3-V LVTTL  ; 0 in              ; 0 H/in                  ; 0 F/in                  ; short         ; -                   ; open           ; open             ; open   ; 0 in             ; 0 H/in                 ; 0 F/in                 ; short        ; open          ; open            ; open  ; 0 V                 ; -                  ; n/a           ; n/a             ; n/a         ;
; LED[1]                    ; 3.3-V LVTTL  ; 0 in              ; 0 H/in                  ; 0 F/in                  ; short         ; -                   ; open           ; open             ; open   ; 0 in             ; 0 H/in                 ; 0 F/in                 ; short        ; open          ; open            ; open  ; 0 V                 ; -                  ; n/a           ; n/a             ; n/a         ;
; LED[2]                    ; 3.3-V LVTTL  ; 0 in              ; 0 H/in                  ; 0 F/in                  ; short         ; -                   ; open           ; open             ; open   ; 0 in             ; 0 H/in                 ; 0 F/in                 ; short        ; open          ; open            ; open  ; 0 V                 ; -                  ; n/a           ; n/a             ; n/a         ;
; LED[3]                    ; 3.3-V LVTTL  ; 0 in              ; 0 H/in                  ; 0 F/in                  ; short         ; -                   ; open           ; open             ; open   ; 0 in             ; 0 H/in                 ; 0 F/in                 ; short        ; open          ; open            ; open  ; 0 V                 ; -                  ; n/a           ; n/a             ; n/a         ;
; SEG_DATA[0]               ; 3.3-V LVTTL  ; 0 in              ; 0 H/in                  ; 0 F/in                  ; short         ; -                   ; open           ; open             ; open   ; 0 in             ; 0 H/in                 ; 0 F/in                 ; short        ; open          ; open            ; open  ; 0 V                 ; -                  ; n/a           ; n/a             ; n/a         ;
; SEG_DATA[1]               ; 3.3-V LVTTL  ; 0 in              ; 0 H/in                  ; 0 F/in                  ; short         ; -                   ; open           ; open             ; open   ; 0 in             ; 0 H/in                 ; 0 F/in                 ; short        ; open          ; open            ; open  ; 0 V                 ; -                  ; n/a           ; n/a             ; n/a         ;
; SEG_DATA[2]               ; 3.3-V LVTTL  ; 0 in              ; 0 H/in                  ; 0 F/in                  ; short         ; -                   ; open           ; open             ; open   ; 0 in             ; 0 H/in                 ; 0 F/in                 ; short        ; open          ; open            ; open  ; 0 V                 ; -                  ; n/a           ; n/a             ; n/a         ;
; SEG_DATA[3]               ; 3.3-V LVTTL  ; 0 in              ; 0 H/in                  ; 0 F/in                  ; short         ; -                   ; open           ; open             ; open   ; 0 in             ; 0 H/in                 ; 0 F/in                 ; short        ; open          ; open            ; open  ; 0 V                 ; -                  ; n/a           ; n/a             ; n/a         ;
; SEG_DATA[4]               ; 3.3-V LVTTL  ; 0 in              ; 0 H/in                  ; 0 F/in                  ; short         ; -                   ; open           ; open             ; open   ; 0 in             ; 0 H/in                 ; 0 F/in                 ; short        ; open          ; open            ; open  ; 0 V                 ; -                  ; n/a           ; n/a             ; n/a         ;
; SEG_DATA[5]               ; 3.3-V LVTTL  ; 0 in              ; 0 H/in                  ; 0 F/in                  ; short         ; -                   ; open           ; open             ; open   ; 0 in             ; 0 H/in                 ; 0 F/in                 ; short        ; open          ; open            ; open  ; 0 V                 ; -                  ; n/a           ; n/a             ; n/a         ;
; SEG_DATA[6]               ; 3.3-V LVTTL  ; 0 in              ; 0 H/in                  ; 0 F/in                  ; short         ; -                   ; open           ; open             ; open   ; 0 in             ; 0 H/in                 ; 0 F/in                 ; short        ; open          ; open            ; open  ; 0 V                 ; -                  ; n/a           ; n/a             ; n/a         ;
; SEG_DATA[7]               ; 3.3-V LVTTL  ; 0 in              ; 0 H/in                  ; 0 F/in                  ; short         ; -                   ; open           ; open             ; open   ; 0 in             ; 0 H/in                 ; 0 F/in                 ; short        ; open          ; open            ; open  ; 0 V                 ; -                  ; n/a           ; n/a             ; n/a         ;
; SEG_SEL[0]                ; 3.3-V LVTTL  ; 0 in              ; 0 H/in                  ; 0 F/in                  ; short         ; -                   ; open           ; open             ; open   ; 0 in             ; 0 H/in                 ; 0 F/in                 ; short        ; open          ; open            ; open  ; 0 V                 ; -                  ; n/a           ; n/a             ; n/a         ;
; SEG_SEL[1]                ; 3.3-V LVTTL  ; 0 in              ; 0 H/in                  ; 0 F/in                  ; short         ; -                   ; open           ; open             ; open   ; 0 in             ; 0 H/in                 ; 0 F/in                 ; short        ; open          ; open            ; open  ; 0 V                 ; -                  ; n/a           ; n/a             ; n/a         ;
; SEG_SEL[2]                ; 3.3-V LVTTL  ; 0 in              ; 0 H/in                  ; 0 F/in                  ; short         ; -                   ; open           ; open             ; open   ; 0 in             ; 0 H/in                 ; 0 F/in                 ; short        ; open          ; open            ; open  ; 0 V                 ; -                  ; n/a           ; n/a             ; n/a         ;
; SEG_SEL[3]                ; 3.3-V LVTTL  ; 0 in              ; 0 H/in                  ; 0 F/in                  ; short         ; -                   ; open           ; open             ; open   ; 0 in             ; 0 H/in                 ; 0 F/in                 ; short        ; open          ; open            ; open  ; 0 V                 ; -                  ; n/a           ; n/a             ; n/a         ;
; SEG_SEL[4]                ; 3.3-V LVTTL  ; 0 in              ; 0 H/in                  ; 0 F/in                  ; short         ; -                   ; open           ; open             ; open   ; 0 in             ; 0 H/in                 ; 0 F/in                 ; short        ; open          ; open            ; open  ; 0 V                 ; -                  ; n/a           ; n/a             ; n/a         ;
; SEG_SEL[5]                ; 3.3-V LVTTL  ; 0 in              ; 0 H/in                  ; 0 F/in                  ; short         ; -                   ; open           ; open             ; open   ; 0 in             ; 0 H/in                 ; 0 F/in                 ; short        ; open          ; open            ; open  ; 0 V                 ; -                  ; n/a           ; n/a             ; n/a         ;
; SEG_SEL[6]                ; 3.3-V LVTTL  ; 0 in              ; 0 H/in                  ; 0 F/in                  ; short         ; -                   ; open           ; open             ; open   ; 0 in             ; 0 H/in                 ; 0 F/in                 ; short        ; open          ; open            ; open  ; 0 V                 ; -                  ; n/a           ; n/a             ; n/a         ;
; SEG_SEL[7]                ; 3.3-V LVTTL  ; 0 in              ; 0 H/in                  ; 0 F/in                  ; short         ; -                   ; open           ; open             ; open   ; 0 in             ; 0 H/in                 ; 0 F/in                 ; short        ; open          ; open            ; open  ; 0 V                 ; -                  ; n/a           ; n/a             ; n/a         ;
; GPIO_0_out_zero_value[0]  ; 3.3-V LVTTL  ; 0 in              ; 0 H/in                  ; 0 F/in                  ; short         ; -                   ; open           ; open             ; open   ; 0 in             ; 0 H/in                 ; 0 F/in                 ; short        ; open          ; open            ; open  ; 0 V                 ; -                  ; n/a           ; n/a             ; n/a         ;
; GPIO_0_out_zero_value[1]  ; 3.3-V LVTTL  ; 0 in              ; 0 H/in                  ; 0 F/in                  ; short         ; -                   ; open           ; open             ; open   ; 0 in             ; 0 H/in                 ; 0 F/in                 ; short        ; open          ; open            ; open  ; 0 V                 ; -                  ; n/a           ; n/a             ; n/a         ;
; GPIO_0_out_zero_value[2]  ; 3.3-V LVTTL  ; 0 in              ; 0 H/in                  ; 0 F/in                  ; short         ; -                   ; open           ; open             ; open   ; 0 in             ; 0 H/in                 ; 0 F/in                 ; short        ; open          ; open            ; open  ; 0 V                 ; -                  ; n/a           ; n/a             ; n/a         ;
; GPIO_0_out_zero_value[3]  ; 3.3-V LVTTL  ; 0 in              ; 0 H/in                  ; 0 F/in                  ; short         ; -                   ; open           ; open             ; open   ; 0 in             ; 0 H/in                 ; 0 F/in                 ; short        ; open          ; open            ; open  ; 0 V                 ; -                  ; n/a           ; n/a             ; n/a         ;
; GPIO_0_out_zero_value[4]  ; 3.3-V LVTTL  ; 0 in              ; 0 H/in                  ; 0 F/in                  ; short         ; -                   ; open           ; open             ; open   ; 0 in             ; 0 H/in                 ; 0 F/in                 ; short        ; open          ; open            ; open  ; 0 V                 ; -                  ; n/a           ; n/a             ; n/a         ;
; GPIO_0_out_zero_value[5]  ; 3.3-V LVTTL  ; 0 in              ; 0 H/in                  ; 0 F/in                  ; short         ; -                   ; open           ; open             ; open   ; 0 in             ; 0 H/in                 ; 0 F/in                 ; short        ; open          ; open            ; open  ; 0 V                 ; -                  ; n/a           ; n/a             ; n/a         ;
; GPIO_0_out_zero_value[6]  ; 3.3-V LVTTL  ; 0 in              ; 0 H/in                  ; 0 F/in                  ; short         ; -                   ; open           ; open             ; open   ; 0 in             ; 0 H/in                 ; 0 F/in                 ; short        ; open          ; open            ; open  ; 0 V                 ; -                  ; n/a           ; n/a             ; n/a         ;
; GPIO_0_out_zero_value[7]  ; 3.3-V LVTTL  ; 0 in              ; 0 H/in                  ; 0 F/in                  ; short         ; -                   ; open           ; open             ; open   ; 0 in             ; 0 H/in                 ; 0 F/in                 ; short        ; open          ; open            ; open  ; 0 V                 ; -                  ; n/a           ; n/a             ; n/a         ;
; GPIO_0_out_zero_value[8]  ; 3.3-V LVTTL  ; 0 in              ; 0 H/in                  ; 0 F/in                  ; short         ; -                   ; open           ; open             ; open   ; 0 in             ; 0 H/in                 ; 0 F/in                 ; short        ; open          ; open            ; open  ; 0 V                 ; -                  ; n/a           ; n/a             ; n/a         ;
; GPIO_0_out_zero_value[9]  ; 3.3-V LVTTL  ; 0 in              ; 0 H/in                  ; 0 F/in                  ; short         ; -                   ; open           ; open             ; open   ; 0 in             ; 0 H/in                 ; 0 F/in                 ; short        ; open          ; open            ; open  ; 0 V                 ; -                  ; n/a           ; n/a             ; n/a         ;
; GPIO_0_out_zero_value[10] ; 3.3-V LVTTL  ; 0 in              ; 0 H/in                  ; 0 F/in                  ; short         ; -                   ; open           ; open             ; open   ; 0 in             ; 0 H/in                 ; 0 F/in                 ; short        ; open          ; open            ; open  ; 0 V                 ; -                  ; n/a           ; n/a             ; n/a         ;
; GPIO_0_out_zero_value[11] ; 3.3-V LVTTL  ; 0 in              ; 0 H/in                  ; 0 F/in                  ; short         ; -                   ; open           ; open             ; open   ; 0 in             ; 0 H/in                 ; 0 F/in                 ; short        ; open          ; open            ; open  ; 0 V                 ; -                  ; n/a           ; n/a             ; n/a         ;
; GPIO_0_out_zero_value[12] ; 3.3-V LVTTL  ; 0 in              ; 0 H/in                  ; 0 F/in                  ; short         ; -                   ; open           ; open             ; open   ; 0 in             ; 0 H/in                 ; 0 F/in                 ; short        ; open          ; open            ; open  ; 0 V                 ; -                  ; n/a           ; n/a             ; n/a         ;
; GPIO_0_out_zero_value[13] ; 3.3-V LVTTL  ; 0 in              ; 0 H/in                  ; 0 F/in                  ; short         ; -                   ; open           ; open             ; open   ; 0 in             ; 0 H/in                 ; 0 F/in                 ; short        ; open          ; open            ; open  ; 0 V                 ; -                  ; n/a           ; n/a             ; n/a         ;
; GPIO_0_out_zero_value[14] ; 3.3-V LVTTL  ; 0 in              ; 0 H/in                  ; 0 F/in                  ; short         ; -                   ; open           ; open             ; open   ; 0 in             ; 0 H/in                 ; 0 F/in                 ; short        ; open          ; open            ; open  ; 0 V                 ; -                  ; n/a           ; n/a             ; n/a         ;
; GPIO_0_out_zero_value[15] ; 3.3-V LVTTL  ; 0 in              ; 0 H/in                  ; 0 F/in                  ; short         ; -                   ; open           ; open             ; open   ; 0 in             ; 0 H/in                 ; 0 F/in                 ; short        ; open          ; open            ; open  ; 0 V                 ; -                  ; n/a           ; n/a             ; n/a         ;
; GPIO_0_out_zero_value[16] ; 3.3-V LVTTL  ; 0 in              ; 0 H/in                  ; 0 F/in                  ; short         ; -                   ; open           ; open             ; open   ; 0 in             ; 0 H/in                 ; 0 F/in                 ; short        ; open          ; open            ; open  ; 0 V                 ; -                  ; n/a           ; n/a             ; n/a         ;
; GPIO_1_out_zero_value[0]  ; 3.3-V LVTTL  ; 0 in              ; 0 H/in                  ; 0 F/in                  ; short         ; -                   ; open           ; open             ; open   ; 0 in             ; 0 H/in                 ; 0 F/in                 ; short        ; open          ; open            ; open  ; 0 V                 ; -                  ; n/a           ; n/a             ; n/a         ;
; GPIO_1_out_zero_value[1]  ; 3.3-V LVTTL  ; 0 in              ; 0 H/in                  ; 0 F/in                  ; short         ; -                   ; open           ; open             ; open   ; 0 in             ; 0 H/in                 ; 0 F/in                 ; short        ; open          ; open            ; open  ; 0 V                 ; -                  ; n/a           ; n/a             ; n/a         ;
; GPIO_1_out_zero_value[2]  ; 3.3-V LVTTL  ; 0 in              ; 0 H/in                  ; 0 F/in                  ; short         ; -                   ; open           ; open             ; open   ; 0 in             ; 0 H/in                 ; 0 F/in                 ; short        ; open          ; open            ; open  ; 0 V                 ; -                  ; n/a           ; n/a             ; n/a         ;
; GPIO_1_out_zero_value[3]  ; 3.3-V LVTTL  ; 0 in              ; 0 H/in                  ; 0 F/in                  ; short         ; -                   ; open           ; open             ; open   ; 0 in             ; 0 H/in                 ; 0 F/in                 ; short        ; open          ; open            ; open  ; 0 V                 ; -                  ; n/a           ; n/a             ; n/a         ;
; GPIO_1_out_zero_value[4]  ; 3.3-V LVTTL  ; 0 in              ; 0 H/in                  ; 0 F/in                  ; short         ; -                   ; open           ; open             ; open   ; 0 in             ; 0 H/in                 ; 0 F/in                 ; short        ; open          ; open            ; open  ; 0 V                 ; -                  ; n/a           ; n/a             ; n/a         ;
; GPIO_1_out_zero_value[5]  ; 3.3-V LVTTL  ; 0 in              ; 0 H/in                  ; 0 F/in                  ; short         ; -                   ; open           ; open             ; open   ; 0 in             ; 0 H/in                 ; 0 F/in                 ; short        ; open          ; open            ; open  ; 0 V                 ; -                  ; n/a           ; n/a             ; n/a         ;
; GPIO_1_out_zero_value[6]  ; 3.3-V LVTTL  ; 0 in              ; 0 H/in                  ; 0 F/in                  ; short         ; -                   ; open           ; open             ; open   ; 0 in             ; 0 H/in                 ; 0 F/in                 ; short        ; open          ; open            ; open  ; 0 V                 ; -                  ; n/a           ; n/a             ; n/a         ;
; GPIO_1_out_zero_value[7]  ; 3.3-V LVTTL  ; 0 in              ; 0 H/in                  ; 0 F/in                  ; short         ; -                   ; open           ; open             ; open   ; 0 in             ; 0 H/in                 ; 0 F/in                 ; short        ; open          ; open            ; open  ; 0 V                 ; -                  ; n/a           ; n/a             ; n/a         ;
; GPIO_1_out_zero_value[8]  ; 3.3-V LVTTL  ; 0 in              ; 0 H/in                  ; 0 F/in                  ; short         ; -                   ; open           ; open             ; open   ; 0 in             ; 0 H/in                 ; 0 F/in                 ; short        ; open          ; open            ; open  ; 0 V                 ; -                  ; n/a           ; n/a             ; n/a         ;
; GPIO_1_out_zero_value[9]  ; 3.3-V LVTTL  ; 0 in              ; 0 H/in                  ; 0 F/in                  ; short         ; -                   ; open           ; open             ; open   ; 0 in             ; 0 H/in                 ; 0 F/in                 ; short        ; open          ; open            ; open  ; 0 V                 ; -                  ; n/a           ; n/a             ; n/a         ;
; GPIO_1_out_zero_value[10] ; 3.3-V LVTTL  ; 0 in              ; 0 H/in                  ; 0 F/in                  ; short         ; -                   ; open           ; open             ; open   ; 0 in             ; 0 H/in                 ; 0 F/in                 ; short        ; open          ; open            ; open  ; 0 V                 ; -                  ; n/a           ; n/a             ; n/a         ;
; GPIO_1_out_zero_value[11] ; 3.3-V LVTTL  ; 0 in              ; 0 H/in                  ; 0 F/in                  ; short         ; -                   ; open           ; open             ; open   ; 0 in             ; 0 H/in                 ; 0 F/in                 ; short        ; open          ; open            ; open  ; 0 V                 ; -                  ; n/a           ; n/a             ; n/a         ;
; GPIO_1_out_zero_value[12] ; 3.3-V LVTTL  ; 0 in              ; 0 H/in                  ; 0 F/in                  ; short         ; -                   ; open           ; open             ; open   ; 0 in             ; 0 H/in                 ; 0 F/in                 ; short        ; open          ; open            ; open  ; 0 V                 ; -                  ; n/a           ; n/a             ; n/a         ;
; GPIO_1_out_zero_value[13] ; 3.3-V LVTTL  ; 0 in              ; 0 H/in                  ; 0 F/in                  ; short         ; -                   ; open           ; open             ; open   ; 0 in             ; 0 H/in                 ; 0 F/in                 ; short        ; open          ; open            ; open  ; 0 V                 ; -                  ; n/a           ; n/a             ; n/a         ;
; GPIO_1_out_zero_value[14] ; 3.3-V LVTTL  ; 0 in              ; 0 H/in                  ; 0 F/in                  ; short         ; -                   ; open           ; open             ; open   ; 0 in             ; 0 H/in                 ; 0 F/in                 ; short        ; open          ; open            ; open  ; 0 V                 ; -                  ; n/a           ; n/a             ; n/a         ;
; GPIO_1_out_zero_value[15] ; 3.3-V LVTTL  ; 0 in              ; 0 H/in                  ; 0 F/in                  ; short         ; -                   ; open           ; open             ; open   ; 0 in             ; 0 H/in                 ; 0 F/in                 ; short        ; open          ; open            ; open  ; 0 V                 ; -                  ; n/a           ; n/a             ; n/a         ;
; GPIO_1_out_zero_value[16] ; 3.3-V LVTTL  ; 0 in              ; 0 H/in                  ; 0 F/in                  ; short         ; -                   ; open           ; open             ; open   ; 0 in             ; 0 H/in                 ; 0 F/in                 ; short        ; open          ; open            ; open  ; 0 V                 ; -                  ; n/a           ; n/a             ; n/a         ;
; ~ALTERA_DCLK~             ; 3.3-V LVTTL  ; 0 in              ; 0 H/in                  ; 0 F/in                  ; short         ; -                   ; open           ; open             ; open   ; 0 in             ; 0 H/in                 ; 0 F/in                 ; short        ; open          ; open            ; open  ; 0 V                 ; -                  ; n/a           ; n/a             ; n/a         ;
; ~ALTERA_nCEO~             ; 3.3-V LVTTL  ; 0 in              ; 0 H/in                  ; 0 F/in                  ; short         ; -                   ; open           ; open             ; open   ; 0 in             ; 0 H/in                 ; 0 F/in                 ; short        ; open          ; open            ; open  ; 0 V                 ; -                  ; n/a           ; n/a             ; n/a         ;
+---------------------------+--------------+-------------------+-------------------------+-------------------------+---------------+---------------------+----------------+------------------+--------+------------------+------------------------+------------------------+--------------+---------------+-----------------+-------+---------------------+--------------------+---------------+-----------------+-------------+


+----------------------------------------------------------------------------+
; Input Transition Times                                                     ;
+-------------------------+--------------+-----------------+-----------------+
; Pin                     ; I/O Standard ; 10-90 Rise Time ; 90-10 Fall Time ;
+-------------------------+--------------+-----------------+-----------------+
; GPIO_0_input_pullup[16] ; 3.3-V LVTTL  ; 2640 ps         ; 2640 ps         ;
; GPIO_1_input_pullup[0]  ; 3.3-V LVTTL  ; 2640 ps         ; 2640 ps         ;
; GPIO_1_input_pullup[1]  ; 3.3-V LVTTL  ; 2640 ps         ; 2640 ps         ;
; GPIO_1_input_pullup[2]  ; 3.3-V LVTTL  ; 2640 ps         ; 2640 ps         ;
; GPIO_1_input_pullup[3]  ; 3.3-V LVTTL  ; 2640 ps         ; 2640 ps         ;
; GPIO_1_input_pullup[4]  ; 3.3-V LVTTL  ; 2640 ps         ; 2640 ps         ;
; GPIO_1_input_pullup[5]  ; 3.3-V LVTTL  ; 2640 ps         ; 2640 ps         ;
; GPIO_1_input_pullup[6]  ; 3.3-V LVTTL  ; 2640 ps         ; 2640 ps         ;
; GPIO_1_input_pullup[7]  ; 3.3-V LVTTL  ; 2640 ps         ; 2640 ps         ;
; GPIO_1_input_pullup[8]  ; 3.3-V LVTTL  ; 2640 ps         ; 2640 ps         ;
; GPIO_1_input_pullup[9]  ; 3.3-V LVTTL  ; 2640 ps         ; 2640 ps         ;
; GPIO_1_input_pullup[10] ; 3.3-V LVTTL  ; 2640 ps         ; 2640 ps         ;
; GPIO_1_input_pullup[11] ; 3.3-V LVTTL  ; 2640 ps         ; 2640 ps         ;
; GPIO_1_input_pullup[12] ; 3.3-V LVTTL  ; 2640 ps         ; 2640 ps         ;
; GPIO_1_input_pullup[13] ; 3.3-V LVTTL  ; 2640 ps         ; 2640 ps         ;
; GPIO_1_input_pullup[14] ; 3.3-V LVTTL  ; 2640 ps         ; 2640 ps         ;
; GPIO_1_input_pullup[15] ; 3.3-V LVTTL  ; 2640 ps         ; 2640 ps         ;
; GPIO_1_input_pullup[16] ; 3.3-V LVTTL  ; 2640 ps         ; 2640 ps         ;
; CLK                     ; 3.3-V LVTTL  ; 2640 ps         ; 2640 ps         ;
; RST_N                   ; 3.3-V LVTTL  ; 2640 ps         ; 2640 ps         ;
; GPIO_0_input_pullup[13] ; 3.3-V LVTTL  ; 2640 ps         ; 2640 ps         ;
; GPIO_0_input_pullup[5]  ; 3.3-V LVTTL  ; 2640 ps         ; 2640 ps         ;
; GPIO_0_input_pullup[1]  ; 3.3-V LVTTL  ; 2640 ps         ; 2640 ps         ;
; GPIO_0_input_pullup[9]  ; 3.3-V LVTTL  ; 2640 ps         ; 2640 ps         ;
; GPIO_0_input_pullup[14] ; 3.3-V LVTTL  ; 2640 ps         ; 2640 ps         ;
; GPIO_0_input_pullup[6]  ; 3.3-V LVTTL  ; 2640 ps         ; 2640 ps         ;
; GPIO_0_input_pullup[2]  ; 3.3-V LVTTL  ; 2640 ps         ; 2640 ps         ;
; GPIO_0_input_pullup[10] ; 3.3-V LVTTL  ; 2640 ps         ; 2640 ps         ;
; GPIO_0_input_pullup[3]  ; 3.3-V LVTTL  ; 2640 ps         ; 2640 ps         ;
; GPIO_0_input_pullup[15] ; 3.3-V LVTTL  ; 2640 ps         ; 2640 ps         ;
; GPIO_0_input_pullup[7]  ; 3.3-V LVTTL  ; 2640 ps         ; 2640 ps         ;
; GPIO_0_input_pullup[11] ; 3.3-V LVTTL  ; 2640 ps         ; 2640 ps         ;
; GPIO_0_input_pullup[0]  ; 3.3-V LVTTL  ; 2640 ps         ; 2640 ps         ;
; GPIO_0_input_pullup[12] ; 3.3-V LVTTL  ; 2640 ps         ; 2640 ps         ;
; GPIO_0_input_pullup[4]  ; 3.3-V LVTTL  ; 2640 ps         ; 2640 ps         ;
; GPIO_0_input_pullup[8]  ; 3.3-V LVTTL  ; 2640 ps         ; 2640 ps         ;
; KEY2_N                  ; 3.3-V LVTTL  ; 2640 ps         ; 2640 ps         ;
; KEY4_N                  ; 3.3-V LVTTL  ; 2640 ps         ; 2640 ps         ;
; KEY3_N                  ; 3.3-V LVTTL  ; 2640 ps         ; 2640 ps         ;
; ~ALTERA_ASDO_DATA1~     ; 3.3-V LVTTL  ; 2640 ps         ; 2640 ps         ;
; ~ALTERA_FLASH_nCE_nCSO~ ; 3.3-V LVTTL  ; 2640 ps         ; 2640 ps         ;
; ~ALTERA_DATA0~          ; 3.3-V LVTTL  ; 2640 ps         ; 2640 ps         ;
+-------------------------+--------------+-----------------+-----------------+


+--------------------------------------------------------------------------------------------------------------------------------------------------------------------------------------------------------------------------------------------------------------------------------------------------------------------------------------------------------------------------------------------------------------------------------------------------------------------------------------------------------------------------------------------------------------------------------------------------------------------------------------------------------------------------------------------------------+
; Signal Integrity Metrics (Slow 1200mv 0c Model)                                                                                                                                                                                                                                                                                                                                                                                                                                                                                                                                                                                                                                                        ;
+---------------------------+--------------+---------------------+---------------------+------------------------------+------------------------------+---------------------+---------------------+--------------------------------------+--------------------------------------+-----------------------------+-----------------------------+----------------------------+----------------------------+-----------------------------+-----------------------------+--------------------+--------------------+-------------------------------------+-------------------------------------+----------------------------+----------------------------+---------------------------+---------------------------+
; Pin                       ; I/O Standard ; Board Delay on Rise ; Board Delay on Fall ; Steady State Voh at FPGA Pin ; Steady State Vol at FPGA Pin ; Voh Max at FPGA Pin ; Vol Min at FPGA Pin ; Ringback Voltage on Rise at FPGA Pin ; Ringback Voltage on Fall at FPGA Pin ; 10-90 Rise Time at FPGA Pin ; 90-10 Fall Time at FPGA Pin ; Monotonic Rise at FPGA Pin ; Monotonic Fall at FPGA Pin ; Steady State Voh at Far-end ; Steady State Vol at Far-end ; Voh Max at Far-end ; Vol Min at Far-end ; Ringback Voltage on Rise at Far-end ; Ringback Voltage on Fall at Far-end ; 10-90 Rise Time at Far-end ; 90-10 Fall Time at Far-end ; Monotonic Rise at Far-end ; Monotonic Fall at Far-end ;
+---------------------------+--------------+---------------------+---------------------+------------------------------+------------------------------+---------------------+---------------------+--------------------------------------+--------------------------------------+-----------------------------+-----------------------------+----------------------------+----------------------------+-----------------------------+-----------------------------+--------------------+--------------------+-------------------------------------+-------------------------------------+----------------------------+----------------------------+---------------------------+---------------------------+
; LED[0]                    ; 3.3-V LVTTL  ; 0 s                 ; 0 s                 ; 3.08 V                       ; 8.89e-09 V                   ; 3.12 V              ; -0.11 V             ; 0.153 V                              ; 0.272 V                              ; 6.41e-10 s                  ; 4.57e-10 s                  ; No                         ; Yes                        ; 3.08 V                      ; 8.89e-09 V                  ; 3.12 V             ; -0.11 V            ; 0.153 V                             ; 0.272 V                             ; 6.41e-10 s                 ; 4.57e-10 s                 ; No                        ; Yes                       ;
; LED[1]                    ; 3.3-V LVTTL  ; 0 s                 ; 0 s                 ; 3.08 V                       ; 8.89e-09 V                   ; 3.12 V              ; -0.11 V             ; 0.153 V                              ; 0.272 V                              ; 6.41e-10 s                  ; 4.57e-10 s                  ; No                         ; Yes                        ; 3.08 V                      ; 8.89e-09 V                  ; 3.12 V             ; -0.11 V            ; 0.153 V                             ; 0.272 V                             ; 6.41e-10 s                 ; 4.57e-10 s                 ; No                        ; Yes                       ;
; LED[2]                    ; 3.3-V LVTTL  ; 0 s                 ; 0 s                 ; 3.08 V                       ; 8.89e-09 V                   ; 3.12 V              ; -0.11 V             ; 0.153 V                              ; 0.272 V                              ; 6.41e-10 s                  ; 4.57e-10 s                  ; No                         ; Yes                        ; 3.08 V                      ; 8.89e-09 V                  ; 3.12 V             ; -0.11 V            ; 0.153 V                             ; 0.272 V                             ; 6.41e-10 s                 ; 4.57e-10 s                 ; No                        ; Yes                       ;
; LED[3]                    ; 3.3-V LVTTL  ; 0 s                 ; 0 s                 ; 3.08 V                       ; 8.89e-09 V                   ; 3.12 V              ; -0.11 V             ; 0.153 V                              ; 0.272 V                              ; 6.41e-10 s                  ; 4.57e-10 s                  ; No                         ; Yes                        ; 3.08 V                      ; 8.89e-09 V                  ; 3.12 V             ; -0.11 V            ; 0.153 V                             ; 0.272 V                             ; 6.41e-10 s                 ; 4.57e-10 s                 ; No                        ; Yes                       ;
; SEG_DATA[0]               ; 3.3-V LVTTL  ; 0 s                 ; 0 s                 ; 3.08 V                       ; 6.38e-09 V                   ; 3.12 V              ; -0.0818 V           ; 0.205 V                              ; 0.244 V                              ; 8.86e-10 s                  ; 6.56e-10 s                  ; No                         ; No                         ; 3.08 V                      ; 6.38e-09 V                  ; 3.12 V             ; -0.0818 V          ; 0.205 V                             ; 0.244 V                             ; 8.86e-10 s                 ; 6.56e-10 s                 ; No                        ; No                        ;
; SEG_DATA[1]               ; 3.3-V LVTTL  ; 0 s                 ; 0 s                 ; 3.08 V                       ; 6.38e-09 V                   ; 3.12 V              ; -0.0818 V           ; 0.205 V                              ; 0.244 V                              ; 8.86e-10 s                  ; 6.56e-10 s                  ; No                         ; No                         ; 3.08 V                      ; 6.38e-09 V                  ; 3.12 V             ; -0.0818 V          ; 0.205 V                             ; 0.244 V                             ; 8.86e-10 s                 ; 6.56e-10 s                 ; No                        ; No                        ;
; SEG_DATA[2]               ; 3.3-V LVTTL  ; 0 s                 ; 0 s                 ; 3.08 V                       ; 8.89e-09 V                   ; 3.12 V              ; -0.11 V             ; 0.153 V                              ; 0.272 V                              ; 6.41e-10 s                  ; 4.57e-10 s                  ; No                         ; Yes                        ; 3.08 V                      ; 8.89e-09 V                  ; 3.12 V             ; -0.11 V            ; 0.153 V                             ; 0.272 V                             ; 6.41e-10 s                 ; 4.57e-10 s                 ; No                        ; Yes                       ;
; SEG_DATA[3]               ; 3.3-V LVTTL  ; 0 s                 ; 0 s                 ; 3.08 V                       ; 6.38e-09 V                   ; 3.13 V              ; -0.117 V            ; 0.15 V                               ; 0.263 V                              ; 6.31e-10 s                  ; 4.46e-10 s                  ; No                         ; No                         ; 3.08 V                      ; 6.38e-09 V                  ; 3.13 V             ; -0.117 V           ; 0.15 V                              ; 0.263 V                             ; 6.31e-10 s                 ; 4.46e-10 s                 ; No                        ; No                        ;
; SEG_DATA[4]               ; 3.3-V LVTTL  ; 0 s                 ; 0 s                 ; 3.08 V                       ; 8.89e-09 V                   ; 3.12 V              ; -0.11 V             ; 0.153 V                              ; 0.272 V                              ; 6.41e-10 s                  ; 4.57e-10 s                  ; No                         ; Yes                        ; 3.08 V                      ; 8.89e-09 V                  ; 3.12 V             ; -0.11 V            ; 0.153 V                             ; 0.272 V                             ; 6.41e-10 s                 ; 4.57e-10 s                 ; No                        ; Yes                       ;
; SEG_DATA[5]               ; 3.3-V LVTTL  ; 0 s                 ; 0 s                 ; 3.08 V                       ; 6.38e-09 V                   ; 3.12 V              ; -0.0818 V           ; 0.205 V                              ; 0.244 V                              ; 8.86e-10 s                  ; 6.56e-10 s                  ; No                         ; No                         ; 3.08 V                      ; 6.38e-09 V                  ; 3.12 V             ; -0.0818 V          ; 0.205 V                             ; 0.244 V                             ; 8.86e-10 s                 ; 6.56e-10 s                 ; No                        ; No                        ;
; SEG_DATA[6]               ; 3.3-V LVTTL  ; 0 s                 ; 0 s                 ; 3.08 V                       ; 6.38e-09 V                   ; 3.12 V              ; -0.0818 V           ; 0.205 V                              ; 0.244 V                              ; 8.86e-10 s                  ; 6.56e-10 s                  ; No                         ; No                         ; 3.08 V                      ; 6.38e-09 V                  ; 3.12 V             ; -0.0818 V          ; 0.205 V                             ; 0.244 V                             ; 8.86e-10 s                 ; 6.56e-10 s                 ; No                        ; No                        ;
; SEG_DATA[7]               ; 3.3-V LVTTL  ; 0 s                 ; 0 s                 ; 3.08 V                       ; 8.89e-09 V                   ; 3.12 V              ; -0.11 V             ; 0.153 V                              ; 0.272 V                              ; 6.41e-10 s                  ; 4.57e-10 s                  ; No                         ; Yes                        ; 3.08 V                      ; 8.89e-09 V                  ; 3.12 V             ; -0.11 V            ; 0.153 V                             ; 0.272 V                             ; 6.41e-10 s                 ; 4.57e-10 s                 ; No                        ; Yes                       ;
; SEG_SEL[0]                ; 3.3-V LVTTL  ; 0 s                 ; 0 s                 ; 3.08 V                       ; 6.38e-09 V                   ; 3.12 V              ; -0.0818 V           ; 0.205 V                              ; 0.244 V                              ; 8.86e-10 s                  ; 6.56e-10 s                  ; No                         ; No                         ; 3.08 V                      ; 6.38e-09 V                  ; 3.12 V             ; -0.0818 V          ; 0.205 V                             ; 0.244 V                             ; 8.86e-10 s                 ; 6.56e-10 s                 ; No                        ; No                        ;
; SEG_SEL[1]                ; 3.3-V LVTTL  ; 0 s                 ; 0 s                 ; 3.08 V                       ; 8.89e-09 V                   ; 3.12 V              ; -0.11 V             ; 0.153 V                              ; 0.272 V                              ; 6.41e-10 s                  ; 4.57e-10 s                  ; No                         ; Yes                        ; 3.08 V                      ; 8.89e-09 V                  ; 3.12 V             ; -0.11 V            ; 0.153 V                             ; 0.272 V                             ; 6.41e-10 s                 ; 4.57e-10 s                 ; No                        ; Yes                       ;
; SEG_SEL[2]                ; 3.3-V LVTTL  ; 0 s                 ; 0 s                 ; 3.08 V                       ; 8.89e-09 V                   ; 3.12 V              ; -0.11 V             ; 0.153 V                              ; 0.272 V                              ; 6.41e-10 s                  ; 4.57e-10 s                  ; No                         ; Yes                        ; 3.08 V                      ; 8.89e-09 V                  ; 3.12 V             ; -0.11 V            ; 0.153 V                             ; 0.272 V                             ; 6.41e-10 s                 ; 4.57e-10 s                 ; No                        ; Yes                       ;
; SEG_SEL[3]                ; 3.3-V LVTTL  ; 0 s                 ; 0 s                 ; 3.08 V                       ; 8.89e-09 V                   ; 3.09 V              ; -0.011 V            ; 0.196 V                              ; 0.301 V                              ; 4.93e-09 s                  ; 3.56e-09 s                  ; Yes                        ; Yes                        ; 3.08 V                      ; 8.89e-09 V                  ; 3.09 V             ; -0.011 V           ; 0.196 V                             ; 0.301 V                             ; 4.93e-09 s                 ; 3.56e-09 s                 ; Yes                       ; Yes                       ;
; SEG_SEL[4]                ; 3.3-V LVTTL  ; 0 s                 ; 0 s                 ; 3.08 V                       ; 8.89e-09 V                   ; 3.12 V              ; -0.11 V             ; 0.153 V                              ; 0.272 V                              ; 6.41e-10 s                  ; 4.57e-10 s                  ; No                         ; Yes                        ; 3.08 V                      ; 8.89e-09 V                  ; 3.12 V             ; -0.11 V            ; 0.153 V                             ; 0.272 V                             ; 6.41e-10 s                 ; 4.57e-10 s                 ; No                        ; Yes                       ;
; SEG_SEL[5]                ; 3.3-V LVTTL  ; 0 s                 ; 0 s                 ; 3.08 V                       ; 8.89e-09 V                   ; 3.12 V              ; -0.11 V             ; 0.153 V                              ; 0.272 V                              ; 6.41e-10 s                  ; 4.57e-10 s                  ; No                         ; Yes                        ; 3.08 V                      ; 8.89e-09 V                  ; 3.12 V             ; -0.11 V            ; 0.153 V                             ; 0.272 V                             ; 6.41e-10 s                 ; 4.57e-10 s                 ; No                        ; Yes                       ;
; SEG_SEL[6]                ; 3.3-V LVTTL  ; 0 s                 ; 0 s                 ; 3.08 V                       ; 8.89e-09 V                   ; 3.12 V              ; -0.11 V             ; 0.153 V                              ; 0.272 V                              ; 6.41e-10 s                  ; 4.57e-10 s                  ; No                         ; Yes                        ; 3.08 V                      ; 8.89e-09 V                  ; 3.12 V             ; -0.11 V            ; 0.153 V                             ; 0.272 V                             ; 6.41e-10 s                 ; 4.57e-10 s                 ; No                        ; Yes                       ;
; SEG_SEL[7]                ; 3.3-V LVTTL  ; 0 s                 ; 0 s                 ; 3.08 V                       ; 8.89e-09 V                   ; 3.12 V              ; -0.11 V             ; 0.153 V                              ; 0.272 V                              ; 6.41e-10 s                  ; 4.57e-10 s                  ; No                         ; Yes                        ; 3.08 V                      ; 8.89e-09 V                  ; 3.12 V             ; -0.11 V            ; 0.153 V                             ; 0.272 V                             ; 6.41e-10 s                 ; 4.57e-10 s                 ; No                        ; Yes                       ;
; GPIO_0_out_zero_value[0]  ; 3.3-V LVTTL  ; 0 s                 ; 0 s                 ; 3.08 V                       ; 6.38e-09 V                   ; 3.12 V              ; -0.0818 V           ; 0.205 V                              ; 0.244 V                              ; 8.86e-10 s                  ; 6.56e-10 s                  ; No                         ; No                         ; 3.08 V                      ; 6.38e-09 V                  ; 3.12 V             ; -0.0818 V          ; 0.205 V                             ; 0.244 V                             ; 8.86e-10 s                 ; 6.56e-10 s                 ; No                        ; No                        ;
; GPIO_0_out_zero_value[1]  ; 3.3-V LVTTL  ; 0 s                 ; 0 s                 ; 3.08 V                       ; 6.38e-09 V                   ; 3.12 V              ; -0.0818 V           ; 0.205 V                              ; 0.244 V                              ; 8.86e-10 s                  ; 6.56e-10 s                  ; No                         ; No                         ; 3.08 V                      ; 6.38e-09 V                  ; 3.12 V             ; -0.0818 V          ; 0.205 V                             ; 0.244 V                             ; 8.86e-10 s                 ; 6.56e-10 s                 ; No                        ; No                        ;
; GPIO_0_out_zero_value[2]  ; 3.3-V LVTTL  ; 0 s                 ; 0 s                 ; 3.08 V                       ; 8.89e-09 V                   ; 3.12 V              ; -0.11 V             ; 0.153 V                              ; 0.272 V                              ; 6.41e-10 s                  ; 4.57e-10 s                  ; No                         ; Yes                        ; 3.08 V                      ; 8.89e-09 V                  ; 3.12 V             ; -0.11 V            ; 0.153 V                             ; 0.272 V                             ; 6.41e-10 s                 ; 4.57e-10 s                 ; No                        ; Yes                       ;
; GPIO_0_out_zero_value[3]  ; 3.3-V LVTTL  ; 0 s                 ; 0 s                 ; 3.08 V                       ; 8.89e-09 V                   ; 3.12 V              ; -0.11 V             ; 0.153 V                              ; 0.272 V                              ; 6.41e-10 s                  ; 4.57e-10 s                  ; No                         ; Yes                        ; 3.08 V                      ; 8.89e-09 V                  ; 3.12 V             ; -0.11 V            ; 0.153 V                             ; 0.272 V                             ; 6.41e-10 s                 ; 4.57e-10 s                 ; No                        ; Yes                       ;
; GPIO_0_out_zero_value[4]  ; 3.3-V LVTTL  ; 0 s                 ; 0 s                 ; 3.08 V                       ; 8.89e-09 V                   ; 3.12 V              ; -0.11 V             ; 0.153 V                              ; 0.272 V                              ; 6.41e-10 s                  ; 4.57e-10 s                  ; No                         ; Yes                        ; 3.08 V                      ; 8.89e-09 V                  ; 3.12 V             ; -0.11 V            ; 0.153 V                             ; 0.272 V                             ; 6.41e-10 s                 ; 4.57e-10 s                 ; No                        ; Yes                       ;
; GPIO_0_out_zero_value[5]  ; 3.3-V LVTTL  ; 0 s                 ; 0 s                 ; 3.08 V                       ; 8.89e-09 V                   ; 3.12 V              ; -0.11 V             ; 0.153 V                              ; 0.272 V                              ; 6.41e-10 s                  ; 4.57e-10 s                  ; No                         ; Yes                        ; 3.08 V                      ; 8.89e-09 V                  ; 3.12 V             ; -0.11 V            ; 0.153 V                             ; 0.272 V                             ; 6.41e-10 s                 ; 4.57e-10 s                 ; No                        ; Yes                       ;
; GPIO_0_out_zero_value[6]  ; 3.3-V LVTTL  ; 0 s                 ; 0 s                 ; 3.08 V                       ; 8.89e-09 V                   ; 3.12 V              ; -0.11 V             ; 0.153 V                              ; 0.272 V                              ; 6.41e-10 s                  ; 4.57e-10 s                  ; No                         ; Yes                        ; 3.08 V                      ; 8.89e-09 V                  ; 3.12 V             ; -0.11 V            ; 0.153 V                             ; 0.272 V                             ; 6.41e-10 s                 ; 4.57e-10 s                 ; No                        ; Yes                       ;
; GPIO_0_out_zero_value[7]  ; 3.3-V LVTTL  ; 0 s                 ; 0 s                 ; 3.08 V                       ; 8.89e-09 V                   ; 3.12 V              ; -0.11 V             ; 0.153 V                              ; 0.272 V                              ; 6.41e-10 s                  ; 4.57e-10 s                  ; No                         ; Yes                        ; 3.08 V                      ; 8.89e-09 V                  ; 3.12 V             ; -0.11 V            ; 0.153 V                             ; 0.272 V                             ; 6.41e-10 s                 ; 4.57e-10 s                 ; No                        ; Yes                       ;
; GPIO_0_out_zero_value[8]  ; 3.3-V LVTTL  ; 0 s                 ; 0 s                 ; 3.08 V                       ; 8.89e-09 V                   ; 3.12 V              ; -0.11 V             ; 0.153 V                              ; 0.272 V                              ; 6.41e-10 s                  ; 4.57e-10 s                  ; No                         ; Yes                        ; 3.08 V                      ; 8.89e-09 V                  ; 3.12 V             ; -0.11 V            ; 0.153 V                             ; 0.272 V                             ; 6.41e-10 s                 ; 4.57e-10 s                 ; No                        ; Yes                       ;
; GPIO_0_out_zero_value[9]  ; 3.3-V LVTTL  ; 0 s                 ; 0 s                 ; 3.08 V                       ; 8.89e-09 V                   ; 3.12 V              ; -0.11 V             ; 0.153 V                              ; 0.272 V                              ; 6.41e-10 s                  ; 4.57e-10 s                  ; No                         ; Yes                        ; 3.08 V                      ; 8.89e-09 V                  ; 3.12 V             ; -0.11 V            ; 0.153 V                             ; 0.272 V                             ; 6.41e-10 s                 ; 4.57e-10 s                 ; No                        ; Yes                       ;
; GPIO_0_out_zero_value[10] ; 3.3-V LVTTL  ; 0 s                 ; 0 s                 ; 3.08 V                       ; 8.89e-09 V                   ; 3.12 V              ; -0.11 V             ; 0.153 V                              ; 0.272 V                              ; 6.41e-10 s                  ; 4.57e-10 s                  ; No                         ; Yes                        ; 3.08 V                      ; 8.89e-09 V                  ; 3.12 V             ; -0.11 V            ; 0.153 V                             ; 0.272 V                             ; 6.41e-10 s                 ; 4.57e-10 s                 ; No                        ; Yes                       ;
; GPIO_0_out_zero_value[11] ; 3.3-V LVTTL  ; 0 s                 ; 0 s                 ; 3.08 V                       ; 8.89e-09 V                   ; 3.12 V              ; -0.11 V             ; 0.153 V                              ; 0.272 V                              ; 6.41e-10 s                  ; 4.57e-10 s                  ; No                         ; Yes                        ; 3.08 V                      ; 8.89e-09 V                  ; 3.12 V             ; -0.11 V            ; 0.153 V                             ; 0.272 V                             ; 6.41e-10 s                 ; 4.57e-10 s                 ; No                        ; Yes                       ;
; GPIO_0_out_zero_value[12] ; 3.3-V LVTTL  ; 0 s                 ; 0 s                 ; 3.08 V                       ; 8.89e-09 V                   ; 3.12 V              ; -0.11 V             ; 0.153 V                              ; 0.272 V                              ; 6.41e-10 s                  ; 4.57e-10 s                  ; No                         ; Yes                        ; 3.08 V                      ; 8.89e-09 V                  ; 3.12 V             ; -0.11 V            ; 0.153 V                             ; 0.272 V                             ; 6.41e-10 s                 ; 4.57e-10 s                 ; No                        ; Yes                       ;
; GPIO_0_out_zero_value[13] ; 3.3-V LVTTL  ; 0 s                 ; 0 s                 ; 3.08 V                       ; 8.89e-09 V                   ; 3.12 V              ; -0.11 V             ; 0.153 V                              ; 0.272 V                              ; 6.41e-10 s                  ; 4.57e-10 s                  ; No                         ; Yes                        ; 3.08 V                      ; 8.89e-09 V                  ; 3.12 V             ; -0.11 V            ; 0.153 V                             ; 0.272 V                             ; 6.41e-10 s                 ; 4.57e-10 s                 ; No                        ; Yes                       ;
; GPIO_0_out_zero_value[14] ; 3.3-V LVTTL  ; 0 s                 ; 0 s                 ; 3.08 V                       ; 8.89e-09 V                   ; 3.12 V              ; -0.11 V             ; 0.153 V                              ; 0.272 V                              ; 6.41e-10 s                  ; 4.57e-10 s                  ; No                         ; Yes                        ; 3.08 V                      ; 8.89e-09 V                  ; 3.12 V             ; -0.11 V            ; 0.153 V                             ; 0.272 V                             ; 6.41e-10 s                 ; 4.57e-10 s                 ; No                        ; Yes                       ;
; GPIO_0_out_zero_value[15] ; 3.3-V LVTTL  ; 0 s                 ; 0 s                 ; 3.08 V                       ; 8.89e-09 V                   ; 3.12 V              ; -0.11 V             ; 0.153 V                              ; 0.272 V                              ; 6.41e-10 s                  ; 4.57e-10 s                  ; No                         ; Yes                        ; 3.08 V                      ; 8.89e-09 V                  ; 3.12 V             ; -0.11 V            ; 0.153 V                             ; 0.272 V                             ; 6.41e-10 s                 ; 4.57e-10 s                 ; No                        ; Yes                       ;
; GPIO_0_out_zero_value[16] ; 3.3-V LVTTL  ; 0 s                 ; 0 s                 ; 3.08 V                       ; 8.89e-09 V                   ; 3.12 V              ; -0.11 V             ; 0.153 V                              ; 0.272 V                              ; 6.41e-10 s                  ; 4.57e-10 s                  ; No                         ; Yes                        ; 3.08 V                      ; 8.89e-09 V                  ; 3.12 V             ; -0.11 V            ; 0.153 V                             ; 0.272 V                             ; 6.41e-10 s                 ; 4.57e-10 s                 ; No                        ; Yes                       ;
; GPIO_1_out_zero_value[0]  ; 3.3-V LVTTL  ; 0 s                 ; 0 s                 ; 3.08 V                       ; 6.38e-09 V                   ; 3.12 V              ; -0.0818 V           ; 0.205 V                              ; 0.244 V                              ; 8.86e-10 s                  ; 6.56e-10 s                  ; No                         ; No                         ; 3.08 V                      ; 6.38e-09 V                  ; 3.12 V             ; -0.0818 V          ; 0.205 V                             ; 0.244 V                             ; 8.86e-10 s                 ; 6.56e-10 s                 ; No                        ; No                        ;
; GPIO_1_out_zero_value[1]  ; 3.3-V LVTTL  ; 0 s                 ; 0 s                 ; 3.08 V                       ; 8.89e-09 V                   ; 3.12 V              ; -0.11 V             ; 0.153 V                              ; 0.272 V                              ; 6.41e-10 s                  ; 4.57e-10 s                  ; No                         ; Yes                        ; 3.08 V                      ; 8.89e-09 V                  ; 3.12 V             ; -0.11 V            ; 0.153 V                             ; 0.272 V                             ; 6.41e-10 s                 ; 4.57e-10 s                 ; No                        ; Yes                       ;
; GPIO_1_out_zero_value[2]  ; 3.3-V LVTTL  ; 0 s                 ; 0 s                 ; 3.08 V                       ; 8.89e-09 V                   ; 3.12 V              ; -0.11 V             ; 0.153 V                              ; 0.272 V                              ; 6.41e-10 s                  ; 4.57e-10 s                  ; No                         ; Yes                        ; 3.08 V                      ; 8.89e-09 V                  ; 3.12 V             ; -0.11 V            ; 0.153 V                             ; 0.272 V                             ; 6.41e-10 s                 ; 4.57e-10 s                 ; No                        ; Yes                       ;
; GPIO_1_out_zero_value[3]  ; 3.3-V LVTTL  ; 0 s                 ; 0 s                 ; 3.08 V                       ; 8.89e-09 V                   ; 3.12 V              ; -0.11 V             ; 0.153 V                              ; 0.272 V                              ; 6.41e-10 s                  ; 4.57e-10 s                  ; No                         ; Yes                        ; 3.08 V                      ; 8.89e-09 V                  ; 3.12 V             ; -0.11 V            ; 0.153 V                             ; 0.272 V                             ; 6.41e-10 s                 ; 4.57e-10 s                 ; No                        ; Yes                       ;
; GPIO_1_out_zero_value[4]  ; 3.3-V LVTTL  ; 0 s                 ; 0 s                 ; 3.08 V                       ; 8.89e-09 V                   ; 3.12 V              ; -0.11 V             ; 0.153 V                              ; 0.272 V                              ; 6.41e-10 s                  ; 4.57e-10 s                  ; No                         ; Yes                        ; 3.08 V                      ; 8.89e-09 V                  ; 3.12 V             ; -0.11 V            ; 0.153 V                             ; 0.272 V                             ; 6.41e-10 s                 ; 4.57e-10 s                 ; No                        ; Yes                       ;
; GPIO_1_out_zero_value[5]  ; 3.3-V LVTTL  ; 0 s                 ; 0 s                 ; 3.08 V                       ; 8.89e-09 V                   ; 3.12 V              ; -0.11 V             ; 0.153 V                              ; 0.272 V                              ; 6.41e-10 s                  ; 4.57e-10 s                  ; No                         ; Yes                        ; 3.08 V                      ; 8.89e-09 V                  ; 3.12 V             ; -0.11 V            ; 0.153 V                             ; 0.272 V                             ; 6.41e-10 s                 ; 4.57e-10 s                 ; No                        ; Yes                       ;
; GPIO_1_out_zero_value[6]  ; 3.3-V LVTTL  ; 0 s                 ; 0 s                 ; 3.08 V                       ; 8.89e-09 V                   ; 3.12 V              ; -0.11 V             ; 0.153 V                              ; 0.272 V                              ; 6.41e-10 s                  ; 4.57e-10 s                  ; No                         ; Yes                        ; 3.08 V                      ; 8.89e-09 V                  ; 3.12 V             ; -0.11 V            ; 0.153 V                             ; 0.272 V                             ; 6.41e-10 s                 ; 4.57e-10 s                 ; No                        ; Yes                       ;
; GPIO_1_out_zero_value[7]  ; 3.3-V LVTTL  ; 0 s                 ; 0 s                 ; 3.08 V                       ; 8.89e-09 V                   ; 3.12 V              ; -0.11 V             ; 0.153 V                              ; 0.272 V                              ; 6.41e-10 s                  ; 4.57e-10 s                  ; No                         ; Yes                        ; 3.08 V                      ; 8.89e-09 V                  ; 3.12 V             ; -0.11 V            ; 0.153 V                             ; 0.272 V                             ; 6.41e-10 s                 ; 4.57e-10 s                 ; No                        ; Yes                       ;
; GPIO_1_out_zero_value[8]  ; 3.3-V LVTTL  ; 0 s                 ; 0 s                 ; 3.08 V                       ; 8.89e-09 V                   ; 3.12 V              ; -0.11 V             ; 0.153 V                              ; 0.272 V                              ; 6.41e-10 s                  ; 4.57e-10 s                  ; No                         ; Yes                        ; 3.08 V                      ; 8.89e-09 V                  ; 3.12 V             ; -0.11 V            ; 0.153 V                             ; 0.272 V                             ; 6.41e-10 s                 ; 4.57e-10 s                 ; No                        ; Yes                       ;
; GPIO_1_out_zero_value[9]  ; 3.3-V LVTTL  ; 0 s                 ; 0 s                 ; 3.08 V                       ; 8.89e-09 V                   ; 3.12 V              ; -0.11 V             ; 0.153 V                              ; 0.272 V                              ; 6.41e-10 s                  ; 4.57e-10 s                  ; No                         ; Yes                        ; 3.08 V                      ; 8.89e-09 V                  ; 3.12 V             ; -0.11 V            ; 0.153 V                             ; 0.272 V                             ; 6.41e-10 s                 ; 4.57e-10 s                 ; No                        ; Yes                       ;
; GPIO_1_out_zero_value[10] ; 3.3-V LVTTL  ; 0 s                 ; 0 s                 ; 3.08 V                       ; 8.89e-09 V                   ; 3.12 V              ; -0.11 V             ; 0.153 V                              ; 0.272 V                              ; 6.41e-10 s                  ; 4.57e-10 s                  ; No                         ; Yes                        ; 3.08 V                      ; 8.89e-09 V                  ; 3.12 V             ; -0.11 V            ; 0.153 V                             ; 0.272 V                             ; 6.41e-10 s                 ; 4.57e-10 s                 ; No                        ; Yes                       ;
; GPIO_1_out_zero_value[11] ; 3.3-V LVTTL  ; 0 s                 ; 0 s                 ; 3.08 V                       ; 8.89e-09 V                   ; 3.12 V              ; -0.11 V             ; 0.153 V                              ; 0.272 V                              ; 6.41e-10 s                  ; 4.57e-10 s                  ; No                         ; Yes                        ; 3.08 V                      ; 8.89e-09 V                  ; 3.12 V             ; -0.11 V            ; 0.153 V                             ; 0.272 V                             ; 6.41e-10 s                 ; 4.57e-10 s                 ; No                        ; Yes                       ;
; GPIO_1_out_zero_value[12] ; 3.3-V LVTTL  ; 0 s                 ; 0 s                 ; 3.08 V                       ; 8.89e-09 V                   ; 3.12 V              ; -0.11 V             ; 0.153 V                              ; 0.272 V                              ; 6.41e-10 s                  ; 4.57e-10 s                  ; No                         ; Yes                        ; 3.08 V                      ; 8.89e-09 V                  ; 3.12 V             ; -0.11 V            ; 0.153 V                             ; 0.272 V                             ; 6.41e-10 s                 ; 4.57e-10 s                 ; No                        ; Yes                       ;
; GPIO_1_out_zero_value[13] ; 3.3-V LVTTL  ; 0 s                 ; 0 s                 ; 3.08 V                       ; 8.89e-09 V                   ; 3.12 V              ; -0.11 V             ; 0.153 V                              ; 0.272 V                              ; 6.41e-10 s                  ; 4.57e-10 s                  ; No                         ; Yes                        ; 3.08 V                      ; 8.89e-09 V                  ; 3.12 V             ; -0.11 V            ; 0.153 V                             ; 0.272 V                             ; 6.41e-10 s                 ; 4.57e-10 s                 ; No                        ; Yes                       ;
; GPIO_1_out_zero_value[14] ; 3.3-V LVTTL  ; 0 s                 ; 0 s                 ; 3.08 V                       ; 8.89e-09 V                   ; 3.12 V              ; -0.11 V             ; 0.153 V                              ; 0.272 V                              ; 6.41e-10 s                  ; 4.57e-10 s                  ; No                         ; Yes                        ; 3.08 V                      ; 8.89e-09 V                  ; 3.12 V             ; -0.11 V            ; 0.153 V                             ; 0.272 V                             ; 6.41e-10 s                 ; 4.57e-10 s                 ; No                        ; Yes                       ;
; GPIO_1_out_zero_value[15] ; 3.3-V LVTTL  ; 0 s                 ; 0 s                 ; 3.08 V                       ; 8.89e-09 V                   ; 3.12 V              ; -0.11 V             ; 0.153 V                              ; 0.272 V                              ; 6.41e-10 s                  ; 4.57e-10 s                  ; No                         ; Yes                        ; 3.08 V                      ; 8.89e-09 V                  ; 3.12 V             ; -0.11 V            ; 0.153 V                             ; 0.272 V                             ; 6.41e-10 s                 ; 4.57e-10 s                 ; No                        ; Yes                       ;
; GPIO_1_out_zero_value[16] ; 3.3-V LVTTL  ; 0 s                 ; 0 s                 ; 3.08 V                       ; 8.89e-09 V                   ; 3.12 V              ; -0.11 V             ; 0.153 V                              ; 0.272 V                              ; 6.41e-10 s                  ; 4.57e-10 s                  ; No                         ; Yes                        ; 3.08 V                      ; 8.89e-09 V                  ; 3.12 V             ; -0.11 V            ; 0.153 V                             ; 0.272 V                             ; 6.41e-10 s                 ; 4.57e-10 s                 ; No                        ; Yes                       ;
; ~ALTERA_DCLK~             ; 3.3-V LVTTL  ; 0 s                 ; 0 s                 ; 3.08 V                       ; 3.51e-09 V                   ; 3.18 V              ; -0.157 V            ; 0.147 V                              ; 0.259 V                              ; 2.81e-10 s                  ; 2.53e-10 s                  ; Yes                        ; Yes                        ; 3.08 V                      ; 3.51e-09 V                  ; 3.18 V             ; -0.157 V           ; 0.147 V                             ; 0.259 V                             ; 2.81e-10 s                 ; 2.53e-10 s                 ; Yes                       ; Yes                       ;
; ~ALTERA_nCEO~             ; 3.3-V LVTTL  ; 0 s                 ; 0 s                 ; 3.08 V                       ; 6.38e-09 V                   ; 3.12 V              ; -0.0818 V           ; 0.205 V                              ; 0.244 V                              ; 8.86e-10 s                  ; 6.56e-10 s                  ; No                         ; No                         ; 3.08 V                      ; 6.38e-09 V                  ; 3.12 V             ; -0.0818 V          ; 0.205 V                             ; 0.244 V                             ; 8.86e-10 s                 ; 6.56e-10 s                 ; No                        ; No                        ;
+---------------------------+--------------+---------------------+---------------------+------------------------------+------------------------------+---------------------+---------------------+--------------------------------------+--------------------------------------+-----------------------------+-----------------------------+----------------------------+----------------------------+-----------------------------+-----------------------------+--------------------+--------------------+-------------------------------------+-------------------------------------+----------------------------+----------------------------+---------------------------+---------------------------+


+--------------------------------------------------------------------------------------------------------------------------------------------------------------------------------------------------------------------------------------------------------------------------------------------------------------------------------------------------------------------------------------------------------------------------------------------------------------------------------------------------------------------------------------------------------------------------------------------------------------------------------------------------------------------------------------------------------+
; Signal Integrity Metrics (Slow 1200mv 85c Model)                                                                                                                                                                                                                                                                                                                                                                                                                                                                                                                                                                                                                                                       ;
+---------------------------+--------------+---------------------+---------------------+------------------------------+------------------------------+---------------------+---------------------+--------------------------------------+--------------------------------------+-----------------------------+-----------------------------+----------------------------+----------------------------+-----------------------------+-----------------------------+--------------------+--------------------+-------------------------------------+-------------------------------------+----------------------------+----------------------------+---------------------------+---------------------------+
; Pin                       ; I/O Standard ; Board Delay on Rise ; Board Delay on Fall ; Steady State Voh at FPGA Pin ; Steady State Vol at FPGA Pin ; Voh Max at FPGA Pin ; Vol Min at FPGA Pin ; Ringback Voltage on Rise at FPGA Pin ; Ringback Voltage on Fall at FPGA Pin ; 10-90 Rise Time at FPGA Pin ; 90-10 Fall Time at FPGA Pin ; Monotonic Rise at FPGA Pin ; Monotonic Fall at FPGA Pin ; Steady State Voh at Far-end ; Steady State Vol at Far-end ; Voh Max at Far-end ; Vol Min at Far-end ; Ringback Voltage on Rise at Far-end ; Ringback Voltage on Fall at Far-end ; 10-90 Rise Time at Far-end ; 90-10 Fall Time at Far-end ; Monotonic Rise at Far-end ; Monotonic Fall at Far-end ;
+---------------------------+--------------+---------------------+---------------------+------------------------------+------------------------------+---------------------+---------------------+--------------------------------------+--------------------------------------+-----------------------------+-----------------------------+----------------------------+----------------------------+-----------------------------+-----------------------------+--------------------+--------------------+-------------------------------------+-------------------------------------+----------------------------+----------------------------+---------------------------+---------------------------+
; LED[0]                    ; 3.3-V LVTTL  ; 0 s                 ; 0 s                 ; 3.08 V                       ; 7.5e-07 V                    ; 3.11 V              ; -0.0503 V           ; 0.122 V                              ; 0.172 V                              ; 7.08e-10 s                  ; 6.43e-10 s                  ; Yes                        ; Yes                        ; 3.08 V                      ; 7.5e-07 V                   ; 3.11 V             ; -0.0503 V          ; 0.122 V                             ; 0.172 V                             ; 7.08e-10 s                 ; 6.43e-10 s                 ; Yes                       ; Yes                       ;
; LED[1]                    ; 3.3-V LVTTL  ; 0 s                 ; 0 s                 ; 3.08 V                       ; 7.5e-07 V                    ; 3.11 V              ; -0.0503 V           ; 0.122 V                              ; 0.172 V                              ; 7.08e-10 s                  ; 6.43e-10 s                  ; Yes                        ; Yes                        ; 3.08 V                      ; 7.5e-07 V                   ; 3.11 V             ; -0.0503 V          ; 0.122 V                             ; 0.172 V                             ; 7.08e-10 s                 ; 6.43e-10 s                 ; Yes                       ; Yes                       ;
; LED[2]                    ; 3.3-V LVTTL  ; 0 s                 ; 0 s                 ; 3.08 V                       ; 7.5e-07 V                    ; 3.11 V              ; -0.0503 V           ; 0.122 V                              ; 0.172 V                              ; 7.08e-10 s                  ; 6.43e-10 s                  ; Yes                        ; Yes                        ; 3.08 V                      ; 7.5e-07 V                   ; 3.11 V             ; -0.0503 V          ; 0.122 V                             ; 0.172 V                             ; 7.08e-10 s                 ; 6.43e-10 s                 ; Yes                       ; Yes                       ;
; LED[3]                    ; 3.3-V LVTTL  ; 0 s                 ; 0 s                 ; 3.08 V                       ; 7.5e-07 V                    ; 3.11 V              ; -0.0503 V           ; 0.122 V                              ; 0.172 V                              ; 7.08e-10 s                  ; 6.43e-10 s                  ; Yes                        ; Yes                        ; 3.08 V                      ; 7.5e-07 V                   ; 3.11 V             ; -0.0503 V          ; 0.122 V                             ; 0.172 V                             ; 7.08e-10 s                 ; 6.43e-10 s                 ; Yes                       ; Yes                       ;
; SEG_DATA[0]               ; 3.3-V LVTTL  ; 0 s                 ; 0 s                 ; 3.08 V                       ; 5.04e-07 V                   ; 3.11 V              ; -0.0469 V           ; 0.191 V                              ; 0.215 V                              ; 1.08e-09 s                  ; 8.62e-10 s                  ; Yes                        ; No                         ; 3.08 V                      ; 5.04e-07 V                  ; 3.11 V             ; -0.0469 V          ; 0.191 V                             ; 0.215 V                             ; 1.08e-09 s                 ; 8.62e-10 s                 ; Yes                       ; No                        ;
; SEG_DATA[1]               ; 3.3-V LVTTL  ; 0 s                 ; 0 s                 ; 3.08 V                       ; 5.04e-07 V                   ; 3.11 V              ; -0.0469 V           ; 0.191 V                              ; 0.215 V                              ; 1.08e-09 s                  ; 8.62e-10 s                  ; Yes                        ; No                         ; 3.08 V                      ; 5.04e-07 V                  ; 3.11 V             ; -0.0469 V          ; 0.191 V                             ; 0.215 V                             ; 1.08e-09 s                 ; 8.62e-10 s                 ; Yes                       ; No                        ;
; SEG_DATA[2]               ; 3.3-V LVTTL  ; 0 s                 ; 0 s                 ; 3.08 V                       ; 7.5e-07 V                    ; 3.11 V              ; -0.0503 V           ; 0.122 V                              ; 0.172 V                              ; 7.08e-10 s                  ; 6.43e-10 s                  ; Yes                        ; Yes                        ; 3.08 V                      ; 7.5e-07 V                   ; 3.11 V             ; -0.0503 V          ; 0.122 V                             ; 0.172 V                             ; 7.08e-10 s                 ; 6.43e-10 s                 ; Yes                       ; Yes                       ;
; SEG_DATA[3]               ; 3.3-V LVTTL  ; 0 s                 ; 0 s                 ; 3.08 V                       ; 5.04e-07 V                   ; 3.11 V              ; -0.0624 V           ; 0.233 V                              ; 0.172 V                              ; 6.86e-10 s                  ; 6.33e-10 s                  ; Yes                        ; No                         ; 3.08 V                      ; 5.04e-07 V                  ; 3.11 V             ; -0.0624 V          ; 0.233 V                             ; 0.172 V                             ; 6.86e-10 s                 ; 6.33e-10 s                 ; Yes                       ; No                        ;
; SEG_DATA[4]               ; 3.3-V LVTTL  ; 0 s                 ; 0 s                 ; 3.08 V                       ; 7.5e-07 V                    ; 3.11 V              ; -0.0503 V           ; 0.122 V                              ; 0.172 V                              ; 7.08e-10 s                  ; 6.43e-10 s                  ; Yes                        ; Yes                        ; 3.08 V                      ; 7.5e-07 V                   ; 3.11 V             ; -0.0503 V          ; 0.122 V                             ; 0.172 V                             ; 7.08e-10 s                 ; 6.43e-10 s                 ; Yes                       ; Yes                       ;
; SEG_DATA[5]               ; 3.3-V LVTTL  ; 0 s                 ; 0 s                 ; 3.08 V                       ; 5.04e-07 V                   ; 3.11 V              ; -0.0469 V           ; 0.191 V                              ; 0.215 V                              ; 1.08e-09 s                  ; 8.62e-10 s                  ; Yes                        ; No                         ; 3.08 V                      ; 5.04e-07 V                  ; 3.11 V             ; -0.0469 V          ; 0.191 V                             ; 0.215 V                             ; 1.08e-09 s                 ; 8.62e-10 s                 ; Yes                       ; No                        ;
; SEG_DATA[6]               ; 3.3-V LVTTL  ; 0 s                 ; 0 s                 ; 3.08 V                       ; 5.04e-07 V                   ; 3.11 V              ; -0.0469 V           ; 0.191 V                              ; 0.215 V                              ; 1.08e-09 s                  ; 8.62e-10 s                  ; Yes                        ; No                         ; 3.08 V                      ; 5.04e-07 V                  ; 3.11 V             ; -0.0469 V          ; 0.191 V                             ; 0.215 V                             ; 1.08e-09 s                 ; 8.62e-10 s                 ; Yes                       ; No                        ;
; SEG_DATA[7]               ; 3.3-V LVTTL  ; 0 s                 ; 0 s                 ; 3.08 V                       ; 7.5e-07 V                    ; 3.11 V              ; -0.0503 V           ; 0.122 V                              ; 0.172 V                              ; 7.08e-10 s                  ; 6.43e-10 s                  ; Yes                        ; Yes                        ; 3.08 V                      ; 7.5e-07 V                   ; 3.11 V             ; -0.0503 V          ; 0.122 V                             ; 0.172 V                             ; 7.08e-10 s                 ; 6.43e-10 s                 ; Yes                       ; Yes                       ;
; SEG_SEL[0]                ; 3.3-V LVTTL  ; 0 s                 ; 0 s                 ; 3.08 V                       ; 5.04e-07 V                   ; 3.11 V              ; -0.0469 V           ; 0.191 V                              ; 0.215 V                              ; 1.08e-09 s                  ; 8.62e-10 s                  ; Yes                        ; No                         ; 3.08 V                      ; 5.04e-07 V                  ; 3.11 V             ; -0.0469 V          ; 0.191 V                             ; 0.215 V                             ; 1.08e-09 s                 ; 8.62e-10 s                 ; Yes                       ; No                        ;
; SEG_SEL[1]                ; 3.3-V LVTTL  ; 0 s                 ; 0 s                 ; 3.08 V                       ; 7.5e-07 V                    ; 3.11 V              ; -0.0503 V           ; 0.122 V                              ; 0.172 V                              ; 7.08e-10 s                  ; 6.43e-10 s                  ; Yes                        ; Yes                        ; 3.08 V                      ; 7.5e-07 V                   ; 3.11 V             ; -0.0503 V          ; 0.122 V                             ; 0.172 V                             ; 7.08e-10 s                 ; 6.43e-10 s                 ; Yes                       ; Yes                       ;
; SEG_SEL[2]                ; 3.3-V LVTTL  ; 0 s                 ; 0 s                 ; 3.08 V                       ; 7.5e-07 V                    ; 3.11 V              ; -0.0503 V           ; 0.122 V                              ; 0.172 V                              ; 7.08e-10 s                  ; 6.43e-10 s                  ; Yes                        ; Yes                        ; 3.08 V                      ; 7.5e-07 V                   ; 3.11 V             ; -0.0503 V          ; 0.122 V                             ; 0.172 V                             ; 7.08e-10 s                 ; 6.43e-10 s                 ; Yes                       ; Yes                       ;
; SEG_SEL[3]                ; 3.3-V LVTTL  ; 0 s                 ; 0 s                 ; 3.08 V                       ; 7.5e-07 V                    ; 3.08 V              ; -0.00457 V          ; 0.185 V                              ; 0.21 V                               ; 5.8e-09 s                   ; 4.46e-09 s                  ; Yes                        ; Yes                        ; 3.08 V                      ; 7.5e-07 V                   ; 3.08 V             ; -0.00457 V         ; 0.185 V                             ; 0.21 V                              ; 5.8e-09 s                  ; 4.46e-09 s                 ; Yes                       ; Yes                       ;
; SEG_SEL[4]                ; 3.3-V LVTTL  ; 0 s                 ; 0 s                 ; 3.08 V                       ; 7.5e-07 V                    ; 3.11 V              ; -0.0503 V           ; 0.122 V                              ; 0.172 V                              ; 7.08e-10 s                  ; 6.43e-10 s                  ; Yes                        ; Yes                        ; 3.08 V                      ; 7.5e-07 V                   ; 3.11 V             ; -0.0503 V          ; 0.122 V                             ; 0.172 V                             ; 7.08e-10 s                 ; 6.43e-10 s                 ; Yes                       ; Yes                       ;
; SEG_SEL[5]                ; 3.3-V LVTTL  ; 0 s                 ; 0 s                 ; 3.08 V                       ; 7.5e-07 V                    ; 3.11 V              ; -0.0503 V           ; 0.122 V                              ; 0.172 V                              ; 7.08e-10 s                  ; 6.43e-10 s                  ; Yes                        ; Yes                        ; 3.08 V                      ; 7.5e-07 V                   ; 3.11 V             ; -0.0503 V          ; 0.122 V                             ; 0.172 V                             ; 7.08e-10 s                 ; 6.43e-10 s                 ; Yes                       ; Yes                       ;
; SEG_SEL[6]                ; 3.3-V LVTTL  ; 0 s                 ; 0 s                 ; 3.08 V                       ; 7.5e-07 V                    ; 3.11 V              ; -0.0503 V           ; 0.122 V                              ; 0.172 V                              ; 7.08e-10 s                  ; 6.43e-10 s                  ; Yes                        ; Yes                        ; 3.08 V                      ; 7.5e-07 V                   ; 3.11 V             ; -0.0503 V          ; 0.122 V                             ; 0.172 V                             ; 7.08e-10 s                 ; 6.43e-10 s                 ; Yes                       ; Yes                       ;
; SEG_SEL[7]                ; 3.3-V LVTTL  ; 0 s                 ; 0 s                 ; 3.08 V                       ; 7.5e-07 V                    ; 3.11 V              ; -0.0503 V           ; 0.122 V                              ; 0.172 V                              ; 7.08e-10 s                  ; 6.43e-10 s                  ; Yes                        ; Yes                        ; 3.08 V                      ; 7.5e-07 V                   ; 3.11 V             ; -0.0503 V          ; 0.122 V                             ; 0.172 V                             ; 7.08e-10 s                 ; 6.43e-10 s                 ; Yes                       ; Yes                       ;
; GPIO_0_out_zero_value[0]  ; 3.3-V LVTTL  ; 0 s                 ; 0 s                 ; 3.08 V                       ; 5.04e-07 V                   ; 3.11 V              ; -0.0469 V           ; 0.191 V                              ; 0.215 V                              ; 1.08e-09 s                  ; 8.62e-10 s                  ; Yes                        ; No                         ; 3.08 V                      ; 5.04e-07 V                  ; 3.11 V             ; -0.0469 V          ; 0.191 V                             ; 0.215 V                             ; 1.08e-09 s                 ; 8.62e-10 s                 ; Yes                       ; No                        ;
; GPIO_0_out_zero_value[1]  ; 3.3-V LVTTL  ; 0 s                 ; 0 s                 ; 3.08 V                       ; 5.04e-07 V                   ; 3.11 V              ; -0.0469 V           ; 0.191 V                              ; 0.215 V                              ; 1.08e-09 s                  ; 8.62e-10 s                  ; Yes                        ; No                         ; 3.08 V                      ; 5.04e-07 V                  ; 3.11 V             ; -0.0469 V          ; 0.191 V                             ; 0.215 V                             ; 1.08e-09 s                 ; 8.62e-10 s                 ; Yes                       ; No                        ;
; GPIO_0_out_zero_value[2]  ; 3.3-V LVTTL  ; 0 s                 ; 0 s                 ; 3.08 V                       ; 7.5e-07 V                    ; 3.11 V              ; -0.0503 V           ; 0.122 V                              ; 0.172 V                              ; 7.08e-10 s                  ; 6.43e-10 s                  ; Yes                        ; Yes                        ; 3.08 V                      ; 7.5e-07 V                   ; 3.11 V             ; -0.0503 V          ; 0.122 V                             ; 0.172 V                             ; 7.08e-10 s                 ; 6.43e-10 s                 ; Yes                       ; Yes                       ;
; GPIO_0_out_zero_value[3]  ; 3.3-V LVTTL  ; 0 s                 ; 0 s                 ; 3.08 V                       ; 7.5e-07 V                    ; 3.11 V              ; -0.0503 V           ; 0.122 V                              ; 0.172 V                              ; 7.08e-10 s                  ; 6.43e-10 s                  ; Yes                        ; Yes                        ; 3.08 V                      ; 7.5e-07 V                   ; 3.11 V             ; -0.0503 V          ; 0.122 V                             ; 0.172 V                             ; 7.08e-10 s                 ; 6.43e-10 s                 ; Yes                       ; Yes                       ;
; GPIO_0_out_zero_value[4]  ; 3.3-V LVTTL  ; 0 s                 ; 0 s                 ; 3.08 V                       ; 7.5e-07 V                    ; 3.11 V              ; -0.0503 V           ; 0.122 V                              ; 0.172 V                              ; 7.08e-10 s                  ; 6.43e-10 s                  ; Yes                        ; Yes                        ; 3.08 V                      ; 7.5e-07 V                   ; 3.11 V             ; -0.0503 V          ; 0.122 V                             ; 0.172 V                             ; 7.08e-10 s                 ; 6.43e-10 s                 ; Yes                       ; Yes                       ;
; GPIO_0_out_zero_value[5]  ; 3.3-V LVTTL  ; 0 s                 ; 0 s                 ; 3.08 V                       ; 7.5e-07 V                    ; 3.11 V              ; -0.0503 V           ; 0.122 V                              ; 0.172 V                              ; 7.08e-10 s                  ; 6.43e-10 s                  ; Yes                        ; Yes                        ; 3.08 V                      ; 7.5e-07 V                   ; 3.11 V             ; -0.0503 V          ; 0.122 V                             ; 0.172 V                             ; 7.08e-10 s                 ; 6.43e-10 s                 ; Yes                       ; Yes                       ;
; GPIO_0_out_zero_value[6]  ; 3.3-V LVTTL  ; 0 s                 ; 0 s                 ; 3.08 V                       ; 7.5e-07 V                    ; 3.11 V              ; -0.0503 V           ; 0.122 V                              ; 0.172 V                              ; 7.08e-10 s                  ; 6.43e-10 s                  ; Yes                        ; Yes                        ; 3.08 V                      ; 7.5e-07 V                   ; 3.11 V             ; -0.0503 V          ; 0.122 V                             ; 0.172 V                             ; 7.08e-10 s                 ; 6.43e-10 s                 ; Yes                       ; Yes                       ;
; GPIO_0_out_zero_value[7]  ; 3.3-V LVTTL  ; 0 s                 ; 0 s                 ; 3.08 V                       ; 7.5e-07 V                    ; 3.11 V              ; -0.0503 V           ; 0.122 V                              ; 0.172 V                              ; 7.08e-10 s                  ; 6.43e-10 s                  ; Yes                        ; Yes                        ; 3.08 V                      ; 7.5e-07 V                   ; 3.11 V             ; -0.0503 V          ; 0.122 V                             ; 0.172 V                             ; 7.08e-10 s                 ; 6.43e-10 s                 ; Yes                       ; Yes                       ;
; GPIO_0_out_zero_value[8]  ; 3.3-V LVTTL  ; 0 s                 ; 0 s                 ; 3.08 V                       ; 7.5e-07 V                    ; 3.11 V              ; -0.0503 V           ; 0.122 V                              ; 0.172 V                              ; 7.08e-10 s                  ; 6.43e-10 s                  ; Yes                        ; Yes                        ; 3.08 V                      ; 7.5e-07 V                   ; 3.11 V             ; -0.0503 V          ; 0.122 V                             ; 0.172 V                             ; 7.08e-10 s                 ; 6.43e-10 s                 ; Yes                       ; Yes                       ;
; GPIO_0_out_zero_value[9]  ; 3.3-V LVTTL  ; 0 s                 ; 0 s                 ; 3.08 V                       ; 7.5e-07 V                    ; 3.11 V              ; -0.0503 V           ; 0.122 V                              ; 0.172 V                              ; 7.08e-10 s                  ; 6.43e-10 s                  ; Yes                        ; Yes                        ; 3.08 V                      ; 7.5e-07 V                   ; 3.11 V             ; -0.0503 V          ; 0.122 V                             ; 0.172 V                             ; 7.08e-10 s                 ; 6.43e-10 s                 ; Yes                       ; Yes                       ;
; GPIO_0_out_zero_value[10] ; 3.3-V LVTTL  ; 0 s                 ; 0 s                 ; 3.08 V                       ; 7.5e-07 V                    ; 3.11 V              ; -0.0503 V           ; 0.122 V                              ; 0.172 V                              ; 7.08e-10 s                  ; 6.43e-10 s                  ; Yes                        ; Yes                        ; 3.08 V                      ; 7.5e-07 V                   ; 3.11 V             ; -0.0503 V          ; 0.122 V                             ; 0.172 V                             ; 7.08e-10 s                 ; 6.43e-10 s                 ; Yes                       ; Yes                       ;
; GPIO_0_out_zero_value[11] ; 3.3-V LVTTL  ; 0 s                 ; 0 s                 ; 3.08 V                       ; 7.5e-07 V                    ; 3.11 V              ; -0.0503 V           ; 0.122 V                              ; 0.172 V                              ; 7.08e-10 s                  ; 6.43e-10 s                  ; Yes                        ; Yes                        ; 3.08 V                      ; 7.5e-07 V                   ; 3.11 V             ; -0.0503 V          ; 0.122 V                             ; 0.172 V                             ; 7.08e-10 s                 ; 6.43e-10 s                 ; Yes                       ; Yes                       ;
; GPIO_0_out_zero_value[12] ; 3.3-V LVTTL  ; 0 s                 ; 0 s                 ; 3.08 V                       ; 7.5e-07 V                    ; 3.11 V              ; -0.0503 V           ; 0.122 V                              ; 0.172 V                              ; 7.08e-10 s                  ; 6.43e-10 s                  ; Yes                        ; Yes                        ; 3.08 V                      ; 7.5e-07 V                   ; 3.11 V             ; -0.0503 V          ; 0.122 V                             ; 0.172 V                             ; 7.08e-10 s                 ; 6.43e-10 s                 ; Yes                       ; Yes                       ;
; GPIO_0_out_zero_value[13] ; 3.3-V LVTTL  ; 0 s                 ; 0 s                 ; 3.08 V                       ; 7.5e-07 V                    ; 3.11 V              ; -0.0503 V           ; 0.122 V                              ; 0.172 V                              ; 7.08e-10 s                  ; 6.43e-10 s                  ; Yes                        ; Yes                        ; 3.08 V                      ; 7.5e-07 V                   ; 3.11 V             ; -0.0503 V          ; 0.122 V                             ; 0.172 V                             ; 7.08e-10 s                 ; 6.43e-10 s                 ; Yes                       ; Yes                       ;
; GPIO_0_out_zero_value[14] ; 3.3-V LVTTL  ; 0 s                 ; 0 s                 ; 3.08 V                       ; 7.5e-07 V                    ; 3.11 V              ; -0.0503 V           ; 0.122 V                              ; 0.172 V                              ; 7.08e-10 s                  ; 6.43e-10 s                  ; Yes                        ; Yes                        ; 3.08 V                      ; 7.5e-07 V                   ; 3.11 V             ; -0.0503 V          ; 0.122 V                             ; 0.172 V                             ; 7.08e-10 s                 ; 6.43e-10 s                 ; Yes                       ; Yes                       ;
; GPIO_0_out_zero_value[15] ; 3.3-V LVTTL  ; 0 s                 ; 0 s                 ; 3.08 V                       ; 7.5e-07 V                    ; 3.11 V              ; -0.0503 V           ; 0.122 V                              ; 0.172 V                              ; 7.08e-10 s                  ; 6.43e-10 s                  ; Yes                        ; Yes                        ; 3.08 V                      ; 7.5e-07 V                   ; 3.11 V             ; -0.0503 V          ; 0.122 V                             ; 0.172 V                             ; 7.08e-10 s                 ; 6.43e-10 s                 ; Yes                       ; Yes                       ;
; GPIO_0_out_zero_value[16] ; 3.3-V LVTTL  ; 0 s                 ; 0 s                 ; 3.08 V                       ; 7.5e-07 V                    ; 3.11 V              ; -0.0503 V           ; 0.122 V                              ; 0.172 V                              ; 7.08e-10 s                  ; 6.43e-10 s                  ; Yes                        ; Yes                        ; 3.08 V                      ; 7.5e-07 V                   ; 3.11 V             ; -0.0503 V          ; 0.122 V                             ; 0.172 V                             ; 7.08e-10 s                 ; 6.43e-10 s                 ; Yes                       ; Yes                       ;
; GPIO_1_out_zero_value[0]  ; 3.3-V LVTTL  ; 0 s                 ; 0 s                 ; 3.08 V                       ; 5.04e-07 V                   ; 3.11 V              ; -0.0469 V           ; 0.191 V                              ; 0.215 V                              ; 1.08e-09 s                  ; 8.62e-10 s                  ; Yes                        ; No                         ; 3.08 V                      ; 5.04e-07 V                  ; 3.11 V             ; -0.0469 V          ; 0.191 V                             ; 0.215 V                             ; 1.08e-09 s                 ; 8.62e-10 s                 ; Yes                       ; No                        ;
; GPIO_1_out_zero_value[1]  ; 3.3-V LVTTL  ; 0 s                 ; 0 s                 ; 3.08 V                       ; 7.5e-07 V                    ; 3.11 V              ; -0.0503 V           ; 0.122 V                              ; 0.172 V                              ; 7.08e-10 s                  ; 6.43e-10 s                  ; Yes                        ; Yes                        ; 3.08 V                      ; 7.5e-07 V                   ; 3.11 V             ; -0.0503 V          ; 0.122 V                             ; 0.172 V                             ; 7.08e-10 s                 ; 6.43e-10 s                 ; Yes                       ; Yes                       ;
; GPIO_1_out_zero_value[2]  ; 3.3-V LVTTL  ; 0 s                 ; 0 s                 ; 3.08 V                       ; 7.5e-07 V                    ; 3.11 V              ; -0.0503 V           ; 0.122 V                              ; 0.172 V                              ; 7.08e-10 s                  ; 6.43e-10 s                  ; Yes                        ; Yes                        ; 3.08 V                      ; 7.5e-07 V                   ; 3.11 V             ; -0.0503 V          ; 0.122 V                             ; 0.172 V                             ; 7.08e-10 s                 ; 6.43e-10 s                 ; Yes                       ; Yes                       ;
; GPIO_1_out_zero_value[3]  ; 3.3-V LVTTL  ; 0 s                 ; 0 s                 ; 3.08 V                       ; 7.5e-07 V                    ; 3.11 V              ; -0.0503 V           ; 0.122 V                              ; 0.172 V                              ; 7.08e-10 s                  ; 6.43e-10 s                  ; Yes                        ; Yes                        ; 3.08 V                      ; 7.5e-07 V                   ; 3.11 V             ; -0.0503 V          ; 0.122 V                             ; 0.172 V                             ; 7.08e-10 s                 ; 6.43e-10 s                 ; Yes                       ; Yes                       ;
; GPIO_1_out_zero_value[4]  ; 3.3-V LVTTL  ; 0 s                 ; 0 s                 ; 3.08 V                       ; 7.5e-07 V                    ; 3.11 V              ; -0.0503 V           ; 0.122 V                              ; 0.172 V                              ; 7.08e-10 s                  ; 6.43e-10 s                  ; Yes                        ; Yes                        ; 3.08 V                      ; 7.5e-07 V                   ; 3.11 V             ; -0.0503 V          ; 0.122 V                             ; 0.172 V                             ; 7.08e-10 s                 ; 6.43e-10 s                 ; Yes                       ; Yes                       ;
; GPIO_1_out_zero_value[5]  ; 3.3-V LVTTL  ; 0 s                 ; 0 s                 ; 3.08 V                       ; 7.5e-07 V                    ; 3.11 V              ; -0.0503 V           ; 0.122 V                              ; 0.172 V                              ; 7.08e-10 s                  ; 6.43e-10 s                  ; Yes                        ; Yes                        ; 3.08 V                      ; 7.5e-07 V                   ; 3.11 V             ; -0.0503 V          ; 0.122 V                             ; 0.172 V                             ; 7.08e-10 s                 ; 6.43e-10 s                 ; Yes                       ; Yes                       ;
; GPIO_1_out_zero_value[6]  ; 3.3-V LVTTL  ; 0 s                 ; 0 s                 ; 3.08 V                       ; 7.5e-07 V                    ; 3.11 V              ; -0.0503 V           ; 0.122 V                              ; 0.172 V                              ; 7.08e-10 s                  ; 6.43e-10 s                  ; Yes                        ; Yes                        ; 3.08 V                      ; 7.5e-07 V                   ; 3.11 V             ; -0.0503 V          ; 0.122 V                             ; 0.172 V                             ; 7.08e-10 s                 ; 6.43e-10 s                 ; Yes                       ; Yes                       ;
; GPIO_1_out_zero_value[7]  ; 3.3-V LVTTL  ; 0 s                 ; 0 s                 ; 3.08 V                       ; 7.5e-07 V                    ; 3.11 V              ; -0.0503 V           ; 0.122 V                              ; 0.172 V                              ; 7.08e-10 s                  ; 6.43e-10 s                  ; Yes                        ; Yes                        ; 3.08 V                      ; 7.5e-07 V                   ; 3.11 V             ; -0.0503 V          ; 0.122 V                             ; 0.172 V                             ; 7.08e-10 s                 ; 6.43e-10 s                 ; Yes                       ; Yes                       ;
; GPIO_1_out_zero_value[8]  ; 3.3-V LVTTL  ; 0 s                 ; 0 s                 ; 3.08 V                       ; 7.5e-07 V                    ; 3.11 V              ; -0.0503 V           ; 0.122 V                              ; 0.172 V                              ; 7.08e-10 s                  ; 6.43e-10 s                  ; Yes                        ; Yes                        ; 3.08 V                      ; 7.5e-07 V                   ; 3.11 V             ; -0.0503 V          ; 0.122 V                             ; 0.172 V                             ; 7.08e-10 s                 ; 6.43e-10 s                 ; Yes                       ; Yes                       ;
; GPIO_1_out_zero_value[9]  ; 3.3-V LVTTL  ; 0 s                 ; 0 s                 ; 3.08 V                       ; 7.5e-07 V                    ; 3.11 V              ; -0.0503 V           ; 0.122 V                              ; 0.172 V                              ; 7.08e-10 s                  ; 6.43e-10 s                  ; Yes                        ; Yes                        ; 3.08 V                      ; 7.5e-07 V                   ; 3.11 V             ; -0.0503 V          ; 0.122 V                             ; 0.172 V                             ; 7.08e-10 s                 ; 6.43e-10 s                 ; Yes                       ; Yes                       ;
; GPIO_1_out_zero_value[10] ; 3.3-V LVTTL  ; 0 s                 ; 0 s                 ; 3.08 V                       ; 7.5e-07 V                    ; 3.11 V              ; -0.0503 V           ; 0.122 V                              ; 0.172 V                              ; 7.08e-10 s                  ; 6.43e-10 s                  ; Yes                        ; Yes                        ; 3.08 V                      ; 7.5e-07 V                   ; 3.11 V             ; -0.0503 V          ; 0.122 V                             ; 0.172 V                             ; 7.08e-10 s                 ; 6.43e-10 s                 ; Yes                       ; Yes                       ;
; GPIO_1_out_zero_value[11] ; 3.3-V LVTTL  ; 0 s                 ; 0 s                 ; 3.08 V                       ; 7.5e-07 V                    ; 3.11 V              ; -0.0503 V           ; 0.122 V                              ; 0.172 V                              ; 7.08e-10 s                  ; 6.43e-10 s                  ; Yes                        ; Yes                        ; 3.08 V                      ; 7.5e-07 V                   ; 3.11 V             ; -0.0503 V          ; 0.122 V                             ; 0.172 V                             ; 7.08e-10 s                 ; 6.43e-10 s                 ; Yes                       ; Yes                       ;
; GPIO_1_out_zero_value[12] ; 3.3-V LVTTL  ; 0 s                 ; 0 s                 ; 3.08 V                       ; 7.5e-07 V                    ; 3.11 V              ; -0.0503 V           ; 0.122 V                              ; 0.172 V                              ; 7.08e-10 s                  ; 6.43e-10 s                  ; Yes                        ; Yes                        ; 3.08 V                      ; 7.5e-07 V                   ; 3.11 V             ; -0.0503 V          ; 0.122 V                             ; 0.172 V                             ; 7.08e-10 s                 ; 6.43e-10 s                 ; Yes                       ; Yes                       ;
; GPIO_1_out_zero_value[13] ; 3.3-V LVTTL  ; 0 s                 ; 0 s                 ; 3.08 V                       ; 7.5e-07 V                    ; 3.11 V              ; -0.0503 V           ; 0.122 V                              ; 0.172 V                              ; 7.08e-10 s                  ; 6.43e-10 s                  ; Yes                        ; Yes                        ; 3.08 V                      ; 7.5e-07 V                   ; 3.11 V             ; -0.0503 V          ; 0.122 V                             ; 0.172 V                             ; 7.08e-10 s                 ; 6.43e-10 s                 ; Yes                       ; Yes                       ;
; GPIO_1_out_zero_value[14] ; 3.3-V LVTTL  ; 0 s                 ; 0 s                 ; 3.08 V                       ; 7.5e-07 V                    ; 3.11 V              ; -0.0503 V           ; 0.122 V                              ; 0.172 V                              ; 7.08e-10 s                  ; 6.43e-10 s                  ; Yes                        ; Yes                        ; 3.08 V                      ; 7.5e-07 V                   ; 3.11 V             ; -0.0503 V          ; 0.122 V                             ; 0.172 V                             ; 7.08e-10 s                 ; 6.43e-10 s                 ; Yes                       ; Yes                       ;
; GPIO_1_out_zero_value[15] ; 3.3-V LVTTL  ; 0 s                 ; 0 s                 ; 3.08 V                       ; 7.5e-07 V                    ; 3.11 V              ; -0.0503 V           ; 0.122 V                              ; 0.172 V                              ; 7.08e-10 s                  ; 6.43e-10 s                  ; Yes                        ; Yes                        ; 3.08 V                      ; 7.5e-07 V                   ; 3.11 V             ; -0.0503 V          ; 0.122 V                             ; 0.172 V                             ; 7.08e-10 s                 ; 6.43e-10 s                 ; Yes                       ; Yes                       ;
; GPIO_1_out_zero_value[16] ; 3.3-V LVTTL  ; 0 s                 ; 0 s                 ; 3.08 V                       ; 7.5e-07 V                    ; 3.11 V              ; -0.0503 V           ; 0.122 V                              ; 0.172 V                              ; 7.08e-10 s                  ; 6.43e-10 s                  ; Yes                        ; Yes                        ; 3.08 V                      ; 7.5e-07 V                   ; 3.11 V             ; -0.0503 V          ; 0.122 V                             ; 0.172 V                             ; 7.08e-10 s                 ; 6.43e-10 s                 ; Yes                       ; Yes                       ;
; ~ALTERA_DCLK~             ; 3.3-V LVTTL  ; 0 s                 ; 0 s                 ; 3.08 V                       ; 2.6e-07 V                    ; 3.13 V              ; -0.103 V            ; 0.164 V                              ; 0.134 V                              ; 3.14e-10 s                  ; 4.05e-10 s                  ; Yes                        ; No                         ; 3.08 V                      ; 2.6e-07 V                   ; 3.13 V             ; -0.103 V           ; 0.164 V                             ; 0.134 V                             ; 3.14e-10 s                 ; 4.05e-10 s                 ; Yes                       ; No                        ;
; ~ALTERA_nCEO~             ; 3.3-V LVTTL  ; 0 s                 ; 0 s                 ; 3.08 V                       ; 5.04e-07 V                   ; 3.11 V              ; -0.0469 V           ; 0.191 V                              ; 0.215 V                              ; 1.08e-09 s                  ; 8.62e-10 s                  ; Yes                        ; No                         ; 3.08 V                      ; 5.04e-07 V                  ; 3.11 V             ; -0.0469 V          ; 0.191 V                             ; 0.215 V                             ; 1.08e-09 s                 ; 8.62e-10 s                 ; Yes                       ; No                        ;
+---------------------------+--------------+---------------------+---------------------+------------------------------+------------------------------+---------------------+---------------------+--------------------------------------+--------------------------------------+-----------------------------+-----------------------------+----------------------------+----------------------------+-----------------------------+-----------------------------+--------------------+--------------------+-------------------------------------+-------------------------------------+----------------------------+----------------------------+---------------------------+---------------------------+


+--------------------------------------------------------------------------------------------------------------------------------------------------------------------------------------------------------------------------------------------------------------------------------------------------------------------------------------------------------------------------------------------------------------------------------------------------------------------------------------------------------------------------------------------------------------------------------------------------------------------------------------------------------------------------------------------------------+
; Signal Integrity Metrics (Fast 1200mv 0c Model)                                                                                                                                                                                                                                                                                                                                                                                                                                                                                                                                                                                                                                                        ;
+---------------------------+--------------+---------------------+---------------------+------------------------------+------------------------------+---------------------+---------------------+--------------------------------------+--------------------------------------+-----------------------------+-----------------------------+----------------------------+----------------------------+-----------------------------+-----------------------------+--------------------+--------------------+-------------------------------------+-------------------------------------+----------------------------+----------------------------+---------------------------+---------------------------+
; Pin                       ; I/O Standard ; Board Delay on Rise ; Board Delay on Fall ; Steady State Voh at FPGA Pin ; Steady State Vol at FPGA Pin ; Voh Max at FPGA Pin ; Vol Min at FPGA Pin ; Ringback Voltage on Rise at FPGA Pin ; Ringback Voltage on Fall at FPGA Pin ; 10-90 Rise Time at FPGA Pin ; 90-10 Fall Time at FPGA Pin ; Monotonic Rise at FPGA Pin ; Monotonic Fall at FPGA Pin ; Steady State Voh at Far-end ; Steady State Vol at Far-end ; Voh Max at Far-end ; Vol Min at Far-end ; Ringback Voltage on Rise at Far-end ; Ringback Voltage on Fall at Far-end ; 10-90 Rise Time at Far-end ; 90-10 Fall Time at Far-end ; Monotonic Rise at Far-end ; Monotonic Fall at Far-end ;
+---------------------------+--------------+---------------------+---------------------+------------------------------+------------------------------+---------------------+---------------------+--------------------------------------+--------------------------------------+-----------------------------+-----------------------------+----------------------------+----------------------------+-----------------------------+-----------------------------+--------------------+--------------------+-------------------------------------+-------------------------------------+----------------------------+----------------------------+---------------------------+---------------------------+
; LED[0]                    ; 3.3-V LVTTL  ; 0 s                 ; 0 s                 ; 3.46 V                       ; 1.85e-07 V                   ; 3.57 V              ; -0.141 V            ; 0.301 V                              ; 0.239 V                              ; 4.61e-10 s                  ; 4.2e-10 s                   ; No                         ; No                         ; 3.46 V                      ; 1.85e-07 V                  ; 3.57 V             ; -0.141 V           ; 0.301 V                             ; 0.239 V                             ; 4.61e-10 s                 ; 4.2e-10 s                  ; No                        ; No                        ;
; LED[1]                    ; 3.3-V LVTTL  ; 0 s                 ; 0 s                 ; 3.46 V                       ; 1.85e-07 V                   ; 3.57 V              ; -0.141 V            ; 0.301 V                              ; 0.239 V                              ; 4.61e-10 s                  ; 4.2e-10 s                   ; No                         ; No                         ; 3.46 V                      ; 1.85e-07 V                  ; 3.57 V             ; -0.141 V           ; 0.301 V                             ; 0.239 V                             ; 4.61e-10 s                 ; 4.2e-10 s                  ; No                        ; No                        ;
; LED[2]                    ; 3.3-V LVTTL  ; 0 s                 ; 0 s                 ; 3.46 V                       ; 1.85e-07 V                   ; 3.57 V              ; -0.141 V            ; 0.301 V                              ; 0.239 V                              ; 4.61e-10 s                  ; 4.2e-10 s                   ; No                         ; No                         ; 3.46 V                      ; 1.85e-07 V                  ; 3.57 V             ; -0.141 V           ; 0.301 V                             ; 0.239 V                             ; 4.61e-10 s                 ; 4.2e-10 s                  ; No                        ; No                        ;
; LED[3]                    ; 3.3-V LVTTL  ; 0 s                 ; 0 s                 ; 3.46 V                       ; 1.85e-07 V                   ; 3.57 V              ; -0.141 V            ; 0.301 V                              ; 0.239 V                              ; 4.61e-10 s                  ; 4.2e-10 s                   ; No                         ; No                         ; 3.46 V                      ; 1.85e-07 V                  ; 3.57 V             ; -0.141 V           ; 0.301 V                             ; 0.239 V                             ; 4.61e-10 s                 ; 4.2e-10 s                  ; No                        ; No                        ;
; SEG_DATA[0]               ; 3.3-V LVTTL  ; 0 s                 ; 0 s                 ; 3.46 V                       ; 1.25e-07 V                   ; 3.57 V              ; -0.0855 V           ; 0.315 V                              ; 0.175 V                              ; 6.79e-10 s                  ; 6.15e-10 s                  ; No                         ; No                         ; 3.46 V                      ; 1.25e-07 V                  ; 3.57 V             ; -0.0855 V          ; 0.315 V                             ; 0.175 V                             ; 6.79e-10 s                 ; 6.15e-10 s                 ; No                        ; No                        ;
; SEG_DATA[1]               ; 3.3-V LVTTL  ; 0 s                 ; 0 s                 ; 3.46 V                       ; 1.25e-07 V                   ; 3.57 V              ; -0.0855 V           ; 0.315 V                              ; 0.175 V                              ; 6.79e-10 s                  ; 6.15e-10 s                  ; No                         ; No                         ; 3.46 V                      ; 1.25e-07 V                  ; 3.57 V             ; -0.0855 V          ; 0.315 V                             ; 0.175 V                             ; 6.79e-10 s                 ; 6.15e-10 s                 ; No                        ; No                        ;
; SEG_DATA[2]               ; 3.3-V LVTTL  ; 0 s                 ; 0 s                 ; 3.46 V                       ; 1.85e-07 V                   ; 3.57 V              ; -0.141 V            ; 0.301 V                              ; 0.239 V                              ; 4.61e-10 s                  ; 4.2e-10 s                   ; No                         ; No                         ; 3.46 V                      ; 1.85e-07 V                  ; 3.57 V             ; -0.141 V           ; 0.301 V                             ; 0.239 V                             ; 4.61e-10 s                 ; 4.2e-10 s                  ; No                        ; No                        ;
; SEG_DATA[3]               ; 3.3-V LVTTL  ; 0 s                 ; 0 s                 ; 3.46 V                       ; 1.25e-07 V                   ; 3.6 V               ; -0.127 V            ; 0.302 V                              ; 0.21 V                               ; 4.55e-10 s                  ; 4.11e-10 s                  ; No                         ; No                         ; 3.46 V                      ; 1.25e-07 V                  ; 3.6 V              ; -0.127 V           ; 0.302 V                             ; 0.21 V                              ; 4.55e-10 s                 ; 4.11e-10 s                 ; No                        ; No                        ;
; SEG_DATA[4]               ; 3.3-V LVTTL  ; 0 s                 ; 0 s                 ; 3.46 V                       ; 1.85e-07 V                   ; 3.57 V              ; -0.141 V            ; 0.301 V                              ; 0.239 V                              ; 4.61e-10 s                  ; 4.2e-10 s                   ; No                         ; No                         ; 3.46 V                      ; 1.85e-07 V                  ; 3.57 V             ; -0.141 V           ; 0.301 V                             ; 0.239 V                             ; 4.61e-10 s                 ; 4.2e-10 s                  ; No                        ; No                        ;
; SEG_DATA[5]               ; 3.3-V LVTTL  ; 0 s                 ; 0 s                 ; 3.46 V                       ; 1.25e-07 V                   ; 3.57 V              ; -0.0855 V           ; 0.315 V                              ; 0.175 V                              ; 6.79e-10 s                  ; 6.15e-10 s                  ; No                         ; No                         ; 3.46 V                      ; 1.25e-07 V                  ; 3.57 V             ; -0.0855 V          ; 0.315 V                             ; 0.175 V                             ; 6.79e-10 s                 ; 6.15e-10 s                 ; No                        ; No                        ;
; SEG_DATA[6]               ; 3.3-V LVTTL  ; 0 s                 ; 0 s                 ; 3.46 V                       ; 1.25e-07 V                   ; 3.57 V              ; -0.0855 V           ; 0.315 V                              ; 0.175 V                              ; 6.79e-10 s                  ; 6.15e-10 s                  ; No                         ; No                         ; 3.46 V                      ; 1.25e-07 V                  ; 3.57 V             ; -0.0855 V          ; 0.315 V                             ; 0.175 V                             ; 6.79e-10 s                 ; 6.15e-10 s                 ; No                        ; No                        ;
; SEG_DATA[7]               ; 3.3-V LVTTL  ; 0 s                 ; 0 s                 ; 3.46 V                       ; 1.85e-07 V                   ; 3.57 V              ; -0.141 V            ; 0.301 V                              ; 0.239 V                              ; 4.61e-10 s                  ; 4.2e-10 s                   ; No                         ; No                         ; 3.46 V                      ; 1.85e-07 V                  ; 3.57 V             ; -0.141 V           ; 0.301 V                             ; 0.239 V                             ; 4.61e-10 s                 ; 4.2e-10 s                  ; No                        ; No                        ;
; SEG_SEL[0]                ; 3.3-V LVTTL  ; 0 s                 ; 0 s                 ; 3.46 V                       ; 1.25e-07 V                   ; 3.57 V              ; -0.0855 V           ; 0.315 V                              ; 0.175 V                              ; 6.79e-10 s                  ; 6.15e-10 s                  ; No                         ; No                         ; 3.46 V                      ; 1.25e-07 V                  ; 3.57 V             ; -0.0855 V          ; 0.315 V                             ; 0.175 V                             ; 6.79e-10 s                 ; 6.15e-10 s                 ; No                        ; No                        ;
; SEG_SEL[1]                ; 3.3-V LVTTL  ; 0 s                 ; 0 s                 ; 3.46 V                       ; 1.85e-07 V                   ; 3.57 V              ; -0.141 V            ; 0.301 V                              ; 0.239 V                              ; 4.61e-10 s                  ; 4.2e-10 s                   ; No                         ; No                         ; 3.46 V                      ; 1.85e-07 V                  ; 3.57 V             ; -0.141 V           ; 0.301 V                             ; 0.239 V                             ; 4.61e-10 s                 ; 4.2e-10 s                  ; No                        ; No                        ;
; SEG_SEL[2]                ; 3.3-V LVTTL  ; 0 s                 ; 0 s                 ; 3.46 V                       ; 1.85e-07 V                   ; 3.57 V              ; -0.141 V            ; 0.301 V                              ; 0.239 V                              ; 4.61e-10 s                  ; 4.2e-10 s                   ; No                         ; No                         ; 3.46 V                      ; 1.85e-07 V                  ; 3.57 V             ; -0.141 V           ; 0.301 V                             ; 0.239 V                             ; 4.61e-10 s                 ; 4.2e-10 s                  ; No                        ; No                        ;
; SEG_SEL[3]                ; 3.3-V LVTTL  ; 0 s                 ; 0 s                 ; 3.46 V                       ; 1.85e-07 V                   ; 3.48 V              ; -0.0173 V           ; 0.356 V                              ; 0.324 V                              ; 3.89e-09 s                  ; 3.06e-09 s                  ; No                         ; No                         ; 3.46 V                      ; 1.85e-07 V                  ; 3.48 V             ; -0.0173 V          ; 0.356 V                             ; 0.324 V                             ; 3.89e-09 s                 ; 3.06e-09 s                 ; No                        ; No                        ;
; SEG_SEL[4]                ; 3.3-V LVTTL  ; 0 s                 ; 0 s                 ; 3.46 V                       ; 1.85e-07 V                   ; 3.57 V              ; -0.141 V            ; 0.301 V                              ; 0.239 V                              ; 4.61e-10 s                  ; 4.2e-10 s                   ; No                         ; No                         ; 3.46 V                      ; 1.85e-07 V                  ; 3.57 V             ; -0.141 V           ; 0.301 V                             ; 0.239 V                             ; 4.61e-10 s                 ; 4.2e-10 s                  ; No                        ; No                        ;
; SEG_SEL[5]                ; 3.3-V LVTTL  ; 0 s                 ; 0 s                 ; 3.46 V                       ; 1.85e-07 V                   ; 3.57 V              ; -0.141 V            ; 0.301 V                              ; 0.239 V                              ; 4.61e-10 s                  ; 4.2e-10 s                   ; No                         ; No                         ; 3.46 V                      ; 1.85e-07 V                  ; 3.57 V             ; -0.141 V           ; 0.301 V                             ; 0.239 V                             ; 4.61e-10 s                 ; 4.2e-10 s                  ; No                        ; No                        ;
; SEG_SEL[6]                ; 3.3-V LVTTL  ; 0 s                 ; 0 s                 ; 3.46 V                       ; 1.85e-07 V                   ; 3.57 V              ; -0.141 V            ; 0.301 V                              ; 0.239 V                              ; 4.61e-10 s                  ; 4.2e-10 s                   ; No                         ; No                         ; 3.46 V                      ; 1.85e-07 V                  ; 3.57 V             ; -0.141 V           ; 0.301 V                             ; 0.239 V                             ; 4.61e-10 s                 ; 4.2e-10 s                  ; No                        ; No                        ;
; SEG_SEL[7]                ; 3.3-V LVTTL  ; 0 s                 ; 0 s                 ; 3.46 V                       ; 1.85e-07 V                   ; 3.57 V              ; -0.141 V            ; 0.301 V                              ; 0.239 V                              ; 4.61e-10 s                  ; 4.2e-10 s                   ; No                         ; No                         ; 3.46 V                      ; 1.85e-07 V                  ; 3.57 V             ; -0.141 V           ; 0.301 V                             ; 0.239 V                             ; 4.61e-10 s                 ; 4.2e-10 s                  ; No                        ; No                        ;
; GPIO_0_out_zero_value[0]  ; 3.3-V LVTTL  ; 0 s                 ; 0 s                 ; 3.46 V                       ; 1.25e-07 V                   ; 3.57 V              ; -0.0855 V           ; 0.315 V                              ; 0.175 V                              ; 6.79e-10 s                  ; 6.15e-10 s                  ; No                         ; No                         ; 3.46 V                      ; 1.25e-07 V                  ; 3.57 V             ; -0.0855 V          ; 0.315 V                             ; 0.175 V                             ; 6.79e-10 s                 ; 6.15e-10 s                 ; No                        ; No                        ;
; GPIO_0_out_zero_value[1]  ; 3.3-V LVTTL  ; 0 s                 ; 0 s                 ; 3.46 V                       ; 1.25e-07 V                   ; 3.57 V              ; -0.0855 V           ; 0.315 V                              ; 0.175 V                              ; 6.79e-10 s                  ; 6.15e-10 s                  ; No                         ; No                         ; 3.46 V                      ; 1.25e-07 V                  ; 3.57 V             ; -0.0855 V          ; 0.315 V                             ; 0.175 V                             ; 6.79e-10 s                 ; 6.15e-10 s                 ; No                        ; No                        ;
; GPIO_0_out_zero_value[2]  ; 3.3-V LVTTL  ; 0 s                 ; 0 s                 ; 3.46 V                       ; 1.85e-07 V                   ; 3.57 V              ; -0.141 V            ; 0.301 V                              ; 0.239 V                              ; 4.61e-10 s                  ; 4.2e-10 s                   ; No                         ; No                         ; 3.46 V                      ; 1.85e-07 V                  ; 3.57 V             ; -0.141 V           ; 0.301 V                             ; 0.239 V                             ; 4.61e-10 s                 ; 4.2e-10 s                  ; No                        ; No                        ;
; GPIO_0_out_zero_value[3]  ; 3.3-V LVTTL  ; 0 s                 ; 0 s                 ; 3.46 V                       ; 1.85e-07 V                   ; 3.57 V              ; -0.141 V            ; 0.301 V                              ; 0.239 V                              ; 4.61e-10 s                  ; 4.2e-10 s                   ; No                         ; No                         ; 3.46 V                      ; 1.85e-07 V                  ; 3.57 V             ; -0.141 V           ; 0.301 V                             ; 0.239 V                             ; 4.61e-10 s                 ; 4.2e-10 s                  ; No                        ; No                        ;
; GPIO_0_out_zero_value[4]  ; 3.3-V LVTTL  ; 0 s                 ; 0 s                 ; 3.46 V                       ; 1.85e-07 V                   ; 3.57 V              ; -0.141 V            ; 0.301 V                              ; 0.239 V                              ; 4.61e-10 s                  ; 4.2e-10 s                   ; No                         ; No                         ; 3.46 V                      ; 1.85e-07 V                  ; 3.57 V             ; -0.141 V           ; 0.301 V                             ; 0.239 V                             ; 4.61e-10 s                 ; 4.2e-10 s                  ; No                        ; No                        ;
; GPIO_0_out_zero_value[5]  ; 3.3-V LVTTL  ; 0 s                 ; 0 s                 ; 3.46 V                       ; 1.85e-07 V                   ; 3.57 V              ; -0.141 V            ; 0.301 V                              ; 0.239 V                              ; 4.61e-10 s                  ; 4.2e-10 s                   ; No                         ; No                         ; 3.46 V                      ; 1.85e-07 V                  ; 3.57 V             ; -0.141 V           ; 0.301 V                             ; 0.239 V                             ; 4.61e-10 s                 ; 4.2e-10 s                  ; No                        ; No                        ;
; GPIO_0_out_zero_value[6]  ; 3.3-V LVTTL  ; 0 s                 ; 0 s                 ; 3.46 V                       ; 1.85e-07 V                   ; 3.57 V              ; -0.141 V            ; 0.301 V                              ; 0.239 V                              ; 4.61e-10 s                  ; 4.2e-10 s                   ; No                         ; No                         ; 3.46 V                      ; 1.85e-07 V                  ; 3.57 V             ; -0.141 V           ; 0.301 V                             ; 0.239 V                             ; 4.61e-10 s                 ; 4.2e-10 s                  ; No                        ; No                        ;
; GPIO_0_out_zero_value[7]  ; 3.3-V LVTTL  ; 0 s                 ; 0 s                 ; 3.46 V                       ; 1.85e-07 V                   ; 3.57 V              ; -0.141 V            ; 0.301 V                              ; 0.239 V                              ; 4.61e-10 s                  ; 4.2e-10 s                   ; No                         ; No                         ; 3.46 V                      ; 1.85e-07 V                  ; 3.57 V             ; -0.141 V           ; 0.301 V                             ; 0.239 V                             ; 4.61e-10 s                 ; 4.2e-10 s                  ; No                        ; No                        ;
; GPIO_0_out_zero_value[8]  ; 3.3-V LVTTL  ; 0 s                 ; 0 s                 ; 3.46 V                       ; 1.85e-07 V                   ; 3.57 V              ; -0.141 V            ; 0.301 V                              ; 0.239 V                              ; 4.61e-10 s                  ; 4.2e-10 s                   ; No                         ; No                         ; 3.46 V                      ; 1.85e-07 V                  ; 3.57 V             ; -0.141 V           ; 0.301 V                             ; 0.239 V                             ; 4.61e-10 s                 ; 4.2e-10 s                  ; No                        ; No                        ;
; GPIO_0_out_zero_value[9]  ; 3.3-V LVTTL  ; 0 s                 ; 0 s                 ; 3.46 V                       ; 1.85e-07 V                   ; 3.57 V              ; -0.141 V            ; 0.301 V                              ; 0.239 V                              ; 4.61e-10 s                  ; 4.2e-10 s                   ; No                         ; No                         ; 3.46 V                      ; 1.85e-07 V                  ; 3.57 V             ; -0.141 V           ; 0.301 V                             ; 0.239 V                             ; 4.61e-10 s                 ; 4.2e-10 s                  ; No                        ; No                        ;
; GPIO_0_out_zero_value[10] ; 3.3-V LVTTL  ; 0 s                 ; 0 s                 ; 3.46 V                       ; 1.85e-07 V                   ; 3.57 V              ; -0.141 V            ; 0.301 V                              ; 0.239 V                              ; 4.61e-10 s                  ; 4.2e-10 s                   ; No                         ; No                         ; 3.46 V                      ; 1.85e-07 V                  ; 3.57 V             ; -0.141 V           ; 0.301 V                             ; 0.239 V                             ; 4.61e-10 s                 ; 4.2e-10 s                  ; No                        ; No                        ;
; GPIO_0_out_zero_value[11] ; 3.3-V LVTTL  ; 0 s                 ; 0 s                 ; 3.46 V                       ; 1.85e-07 V                   ; 3.57 V              ; -0.141 V            ; 0.301 V                              ; 0.239 V                              ; 4.61e-10 s                  ; 4.2e-10 s                   ; No                         ; No                         ; 3.46 V                      ; 1.85e-07 V                  ; 3.57 V             ; -0.141 V           ; 0.301 V                             ; 0.239 V                             ; 4.61e-10 s                 ; 4.2e-10 s                  ; No                        ; No                        ;
; GPIO_0_out_zero_value[12] ; 3.3-V LVTTL  ; 0 s                 ; 0 s                 ; 3.46 V                       ; 1.85e-07 V                   ; 3.57 V              ; -0.141 V            ; 0.301 V                              ; 0.239 V                              ; 4.61e-10 s                  ; 4.2e-10 s                   ; No                         ; No                         ; 3.46 V                      ; 1.85e-07 V                  ; 3.57 V             ; -0.141 V           ; 0.301 V                             ; 0.239 V                             ; 4.61e-10 s                 ; 4.2e-10 s                  ; No                        ; No                        ;
; GPIO_0_out_zero_value[13] ; 3.3-V LVTTL  ; 0 s                 ; 0 s                 ; 3.46 V                       ; 1.85e-07 V                   ; 3.57 V              ; -0.141 V            ; 0.301 V                              ; 0.239 V                              ; 4.61e-10 s                  ; 4.2e-10 s                   ; No                         ; No                         ; 3.46 V                      ; 1.85e-07 V                  ; 3.57 V             ; -0.141 V           ; 0.301 V                             ; 0.239 V                             ; 4.61e-10 s                 ; 4.2e-10 s                  ; No                        ; No                        ;
; GPIO_0_out_zero_value[14] ; 3.3-V LVTTL  ; 0 s                 ; 0 s                 ; 3.46 V                       ; 1.85e-07 V                   ; 3.57 V              ; -0.141 V            ; 0.301 V                              ; 0.239 V                              ; 4.61e-10 s                  ; 4.2e-10 s                   ; No                         ; No                         ; 3.46 V                      ; 1.85e-07 V                  ; 3.57 V             ; -0.141 V           ; 0.301 V                             ; 0.239 V                             ; 4.61e-10 s                 ; 4.2e-10 s                  ; No                        ; No                        ;
; GPIO_0_out_zero_value[15] ; 3.3-V LVTTL  ; 0 s                 ; 0 s                 ; 3.46 V                       ; 1.85e-07 V                   ; 3.57 V              ; -0.141 V            ; 0.301 V                              ; 0.239 V                              ; 4.61e-10 s                  ; 4.2e-10 s                   ; No                         ; No                         ; 3.46 V                      ; 1.85e-07 V                  ; 3.57 V             ; -0.141 V           ; 0.301 V                             ; 0.239 V                             ; 4.61e-10 s                 ; 4.2e-10 s                  ; No                        ; No                        ;
; GPIO_0_out_zero_value[16] ; 3.3-V LVTTL  ; 0 s                 ; 0 s                 ; 3.46 V                       ; 1.85e-07 V                   ; 3.57 V              ; -0.141 V            ; 0.301 V                              ; 0.239 V                              ; 4.61e-10 s                  ; 4.2e-10 s                   ; No                         ; No                         ; 3.46 V                      ; 1.85e-07 V                  ; 3.57 V             ; -0.141 V           ; 0.301 V                             ; 0.239 V                             ; 4.61e-10 s                 ; 4.2e-10 s                  ; No                        ; No                        ;
; GPIO_1_out_zero_value[0]  ; 3.3-V LVTTL  ; 0 s                 ; 0 s                 ; 3.46 V                       ; 1.25e-07 V                   ; 3.57 V              ; -0.0855 V           ; 0.315 V                              ; 0.175 V                              ; 6.79e-10 s                  ; 6.15e-10 s                  ; No                         ; No                         ; 3.46 V                      ; 1.25e-07 V                  ; 3.57 V             ; -0.0855 V          ; 0.315 V                             ; 0.175 V                             ; 6.79e-10 s                 ; 6.15e-10 s                 ; No                        ; No                        ;
; GPIO_1_out_zero_value[1]  ; 3.3-V LVTTL  ; 0 s                 ; 0 s                 ; 3.46 V                       ; 1.85e-07 V                   ; 3.57 V              ; -0.141 V            ; 0.301 V                              ; 0.239 V                              ; 4.61e-10 s                  ; 4.2e-10 s                   ; No                         ; No                         ; 3.46 V                      ; 1.85e-07 V                  ; 3.57 V             ; -0.141 V           ; 0.301 V                             ; 0.239 V                             ; 4.61e-10 s                 ; 4.2e-10 s                  ; No                        ; No                        ;
; GPIO_1_out_zero_value[2]  ; 3.3-V LVTTL  ; 0 s                 ; 0 s                 ; 3.46 V                       ; 1.85e-07 V                   ; 3.57 V              ; -0.141 V            ; 0.301 V                              ; 0.239 V                              ; 4.61e-10 s                  ; 4.2e-10 s                   ; No                         ; No                         ; 3.46 V                      ; 1.85e-07 V                  ; 3.57 V             ; -0.141 V           ; 0.301 V                             ; 0.239 V                             ; 4.61e-10 s                 ; 4.2e-10 s                  ; No                        ; No                        ;
; GPIO_1_out_zero_value[3]  ; 3.3-V LVTTL  ; 0 s                 ; 0 s                 ; 3.46 V                       ; 1.85e-07 V                   ; 3.57 V              ; -0.141 V            ; 0.301 V                              ; 0.239 V                              ; 4.61e-10 s                  ; 4.2e-10 s                   ; No                         ; No                         ; 3.46 V                      ; 1.85e-07 V                  ; 3.57 V             ; -0.141 V           ; 0.301 V                             ; 0.239 V                             ; 4.61e-10 s                 ; 4.2e-10 s                  ; No                        ; No                        ;
; GPIO_1_out_zero_value[4]  ; 3.3-V LVTTL  ; 0 s                 ; 0 s                 ; 3.46 V                       ; 1.85e-07 V                   ; 3.57 V              ; -0.141 V            ; 0.301 V                              ; 0.239 V                              ; 4.61e-10 s                  ; 4.2e-10 s                   ; No                         ; No                         ; 3.46 V                      ; 1.85e-07 V                  ; 3.57 V             ; -0.141 V           ; 0.301 V                             ; 0.239 V                             ; 4.61e-10 s                 ; 4.2e-10 s                  ; No                        ; No                        ;
; GPIO_1_out_zero_value[5]  ; 3.3-V LVTTL  ; 0 s                 ; 0 s                 ; 3.46 V                       ; 1.85e-07 V                   ; 3.57 V              ; -0.141 V            ; 0.301 V                              ; 0.239 V                              ; 4.61e-10 s                  ; 4.2e-10 s                   ; No                         ; No                         ; 3.46 V                      ; 1.85e-07 V                  ; 3.57 V             ; -0.141 V           ; 0.301 V                             ; 0.239 V                             ; 4.61e-10 s                 ; 4.2e-10 s                  ; No                        ; No                        ;
; GPIO_1_out_zero_value[6]  ; 3.3-V LVTTL  ; 0 s                 ; 0 s                 ; 3.46 V                       ; 1.85e-07 V                   ; 3.57 V              ; -0.141 V            ; 0.301 V                              ; 0.239 V                              ; 4.61e-10 s                  ; 4.2e-10 s                   ; No                         ; No                         ; 3.46 V                      ; 1.85e-07 V                  ; 3.57 V             ; -0.141 V           ; 0.301 V                             ; 0.239 V                             ; 4.61e-10 s                 ; 4.2e-10 s                  ; No                        ; No                        ;
; GPIO_1_out_zero_value[7]  ; 3.3-V LVTTL  ; 0 s                 ; 0 s                 ; 3.46 V                       ; 1.85e-07 V                   ; 3.57 V              ; -0.141 V            ; 0.301 V                              ; 0.239 V                              ; 4.61e-10 s                  ; 4.2e-10 s                   ; No                         ; No                         ; 3.46 V                      ; 1.85e-07 V                  ; 3.57 V             ; -0.141 V           ; 0.301 V                             ; 0.239 V                             ; 4.61e-10 s                 ; 4.2e-10 s                  ; No                        ; No                        ;
; GPIO_1_out_zero_value[8]  ; 3.3-V LVTTL  ; 0 s                 ; 0 s                 ; 3.46 V                       ; 1.85e-07 V                   ; 3.57 V              ; -0.141 V            ; 0.301 V                              ; 0.239 V                              ; 4.61e-10 s                  ; 4.2e-10 s                   ; No                         ; No                         ; 3.46 V                      ; 1.85e-07 V                  ; 3.57 V             ; -0.141 V           ; 0.301 V                             ; 0.239 V                             ; 4.61e-10 s                 ; 4.2e-10 s                  ; No                        ; No                        ;
; GPIO_1_out_zero_value[9]  ; 3.3-V LVTTL  ; 0 s                 ; 0 s                 ; 3.46 V                       ; 1.85e-07 V                   ; 3.57 V              ; -0.141 V            ; 0.301 V                              ; 0.239 V                              ; 4.61e-10 s                  ; 4.2e-10 s                   ; No                         ; No                         ; 3.46 V                      ; 1.85e-07 V                  ; 3.57 V             ; -0.141 V           ; 0.301 V                             ; 0.239 V                             ; 4.61e-10 s                 ; 4.2e-10 s                  ; No                        ; No                        ;
; GPIO_1_out_zero_value[10] ; 3.3-V LVTTL  ; 0 s                 ; 0 s                 ; 3.46 V                       ; 1.85e-07 V                   ; 3.57 V              ; -0.141 V            ; 0.301 V                              ; 0.239 V                              ; 4.61e-10 s                  ; 4.2e-10 s                   ; No                         ; No                         ; 3.46 V                      ; 1.85e-07 V                  ; 3.57 V             ; -0.141 V           ; 0.301 V                             ; 0.239 V                             ; 4.61e-10 s                 ; 4.2e-10 s                  ; No                        ; No                        ;
; GPIO_1_out_zero_value[11] ; 3.3-V LVTTL  ; 0 s                 ; 0 s                 ; 3.46 V                       ; 1.85e-07 V                   ; 3.57 V              ; -0.141 V            ; 0.301 V                              ; 0.239 V                              ; 4.61e-10 s                  ; 4.2e-10 s                   ; No                         ; No                         ; 3.46 V                      ; 1.85e-07 V                  ; 3.57 V             ; -0.141 V           ; 0.301 V                             ; 0.239 V                             ; 4.61e-10 s                 ; 4.2e-10 s                  ; No                        ; No                        ;
; GPIO_1_out_zero_value[12] ; 3.3-V LVTTL  ; 0 s                 ; 0 s                 ; 3.46 V                       ; 1.85e-07 V                   ; 3.57 V              ; -0.141 V            ; 0.301 V                              ; 0.239 V                              ; 4.61e-10 s                  ; 4.2e-10 s                   ; No                         ; No                         ; 3.46 V                      ; 1.85e-07 V                  ; 3.57 V             ; -0.141 V           ; 0.301 V                             ; 0.239 V                             ; 4.61e-10 s                 ; 4.2e-10 s                  ; No                        ; No                        ;
; GPIO_1_out_zero_value[13] ; 3.3-V LVTTL  ; 0 s                 ; 0 s                 ; 3.46 V                       ; 1.85e-07 V                   ; 3.57 V              ; -0.141 V            ; 0.301 V                              ; 0.239 V                              ; 4.61e-10 s                  ; 4.2e-10 s                   ; No                         ; No                         ; 3.46 V                      ; 1.85e-07 V                  ; 3.57 V             ; -0.141 V           ; 0.301 V                             ; 0.239 V                             ; 4.61e-10 s                 ; 4.2e-10 s                  ; No                        ; No                        ;
; GPIO_1_out_zero_value[14] ; 3.3-V LVTTL  ; 0 s                 ; 0 s                 ; 3.46 V                       ; 1.85e-07 V                   ; 3.57 V              ; -0.141 V            ; 0.301 V                              ; 0.239 V                              ; 4.61e-10 s                  ; 4.2e-10 s                   ; No                         ; No                         ; 3.46 V                      ; 1.85e-07 V                  ; 3.57 V             ; -0.141 V           ; 0.301 V                             ; 0.239 V                             ; 4.61e-10 s                 ; 4.2e-10 s                  ; No                        ; No                        ;
; GPIO_1_out_zero_value[15] ; 3.3-V LVTTL  ; 0 s                 ; 0 s                 ; 3.46 V                       ; 1.85e-07 V                   ; 3.57 V              ; -0.141 V            ; 0.301 V                              ; 0.239 V                              ; 4.61e-10 s                  ; 4.2e-10 s                   ; No                         ; No                         ; 3.46 V                      ; 1.85e-07 V                  ; 3.57 V             ; -0.141 V           ; 0.301 V                             ; 0.239 V                             ; 4.61e-10 s                 ; 4.2e-10 s                  ; No                        ; No                        ;
; GPIO_1_out_zero_value[16] ; 3.3-V LVTTL  ; 0 s                 ; 0 s                 ; 3.46 V                       ; 1.85e-07 V                   ; 3.57 V              ; -0.141 V            ; 0.301 V                              ; 0.239 V                              ; 4.61e-10 s                  ; 4.2e-10 s                   ; No                         ; No                         ; 3.46 V                      ; 1.85e-07 V                  ; 3.57 V             ; -0.141 V           ; 0.301 V                             ; 0.239 V                             ; 4.61e-10 s                 ; 4.2e-10 s                  ; No                        ; No                        ;
; ~ALTERA_DCLK~             ; 3.3-V LVTTL  ; 0 s                 ; 0 s                 ; 3.46 V                       ; 6.54e-08 V                   ; 3.66 V              ; -0.26 V             ; 0.41 V                               ; 0.32 V                               ; 1.57e-10 s                  ; 2.15e-10 s                  ; No                         ; Yes                        ; 3.46 V                      ; 6.54e-08 V                  ; 3.66 V             ; -0.26 V            ; 0.41 V                              ; 0.32 V                              ; 1.57e-10 s                 ; 2.15e-10 s                 ; No                        ; Yes                       ;
; ~ALTERA_nCEO~             ; 3.3-V LVTTL  ; 0 s                 ; 0 s                 ; 3.46 V                       ; 1.25e-07 V                   ; 3.57 V              ; -0.0855 V           ; 0.315 V                              ; 0.175 V                              ; 6.79e-10 s                  ; 6.15e-10 s                  ; No                         ; No                         ; 3.46 V                      ; 1.25e-07 V                  ; 3.57 V             ; -0.0855 V          ; 0.315 V                             ; 0.175 V                             ; 6.79e-10 s                 ; 6.15e-10 s                 ; No                        ; No                        ;
+---------------------------+--------------+---------------------+---------------------+------------------------------+------------------------------+---------------------+---------------------+--------------------------------------+--------------------------------------+-----------------------------+-----------------------------+----------------------------+----------------------------+-----------------------------+-----------------------------+--------------------+--------------------+-------------------------------------+-------------------------------------+----------------------------+----------------------------+---------------------------+---------------------------+


+-------------------------------------------------------------------+
; Setup Transfers                                                   ;
+------------+----------+----------+----------+----------+----------+
; From Clock ; To Clock ; RR Paths ; FR Paths ; RF Paths ; FF Paths ;
+------------+----------+----------+----------+----------+----------+
; CLK        ; CLK      ; 69456    ; 0        ; 0        ; 0        ;
+------------+----------+----------+----------+----------+----------+
Entries labeled "false path" only account for clock-to-clock false paths and not path-based false paths. As a result, actual path counts may be lower than reported.


+-------------------------------------------------------------------+
; Hold Transfers                                                    ;
+------------+----------+----------+----------+----------+----------+
; From Clock ; To Clock ; RR Paths ; FR Paths ; RF Paths ; FF Paths ;
+------------+----------+----------+----------+----------+----------+
; CLK        ; CLK      ; 69456    ; 0        ; 0        ; 0        ;
+------------+----------+----------+----------+----------+----------+
Entries labeled "false path" only account for clock-to-clock false paths and not path-based false paths. As a result, actual path counts may be lower than reported.


+-------------------------------------------------------------------+
; Recovery Transfers                                                ;
+------------+----------+----------+----------+----------+----------+
; From Clock ; To Clock ; RR Paths ; FR Paths ; RF Paths ; FF Paths ;
+------------+----------+----------+----------+----------+----------+
; CLK        ; CLK      ; 469      ; 0        ; 0        ; 0        ;
+------------+----------+----------+----------+----------+----------+
Entries labeled "false path" only account for clock-to-clock false paths and not path-based false paths. As a result, actual path counts may be lower than reported.


+-------------------------------------------------------------------+
; Removal Transfers                                                 ;
+------------+----------+----------+----------+----------+----------+
; From Clock ; To Clock ; RR Paths ; FR Paths ; RF Paths ; FF Paths ;
+------------+----------+----------+----------+----------+----------+
; CLK        ; CLK      ; 469      ; 0        ; 0        ; 0        ;
+------------+----------+----------+----------+----------+----------+
Entries labeled "false path" only account for clock-to-clock false paths and not path-based false paths. As a result, actual path counts may be lower than reported.


---------------
; Report TCCS ;
---------------
No dedicated SERDES Transmitter circuitry present in device or used in design


---------------
; Report RSKM ;
---------------
No non-DPA dedicated SERDES Receiver circuitry present in device or used in design


+------------------------------------------------+
; Unconstrained Paths Summary                    ;
+---------------------------------+-------+------+
; Property                        ; Setup ; Hold ;
+---------------------------------+-------+------+
; Illegal Clocks                  ; 0     ; 0    ;
; Unconstrained Clocks            ; 0     ; 0    ;
; Unconstrained Input Ports       ; 0     ; 0    ;
; Unconstrained Input Port Paths  ; 0     ; 0    ;
; Unconstrained Output Ports      ; 0     ; 0    ;
; Unconstrained Output Port Paths ; 0     ; 0    ;
+---------------------------------+-------+------+


+-------------------------------------+
; Clock Status Summary                ;
+--------+-------+------+-------------+
; Target ; Clock ; Type ; Status      ;
+--------+-------+------+-------------+
; CLK    ; CLK   ; Base ; Constrained ;
+--------+-------+------+-------------+


+--------------------------+
; Timing Analyzer Messages ;
+--------------------------+
Info: *******************************************************************
Info: Running Quartus Prime Timing Analyzer
    Info: Version 21.1.1 Build 850 06/23/2022 SJ Lite Edition
    Info: Processing started: Wed Dec 10 17:15:39 2025
Info: Command: quartus_sta fec_saylinx_board_top -c fec_saylinx_board_top
Info: qsta_default_script.tcl version: #1
Info (20030): Parallel compilation is enabled and will use 16 of the 16 processors detected
Info (21077): Low junction temperature is 0 degrees C
Info (21077): High junction temperature is 85 degrees C
Info (332104): Reading SDC File: 'fec_saylinx_board_top.sdc'
Info (332151): Clock uncertainty is not calculated until you update the timing netlist.
Info (332123): Deriving Clock Uncertainty. Please refer to report_sdc in the Timing Analyzer to see clock uncertainties.
Info: Found TIMING_ANALYZER_REPORT_SCRIPT_INCLUDE_DEFAULT_ANALYSIS = ON
Info: Analyzing Slow 1200mV 85C Model
Info (332146): Worst-case setup slack is 5.308
    Info (332119):     Slack       End Point TNS Clock 
    Info (332119): ========= =================== =====================
    Info (332119):     5.308               0.000 CLK 
Info (332146): Worst-case hold slack is 0.453
    Info (332119):     Slack       End Point TNS Clock 
    Info (332119): ========= =================== =====================
    Info (332119):     0.453               0.000 CLK 
Info (332140): No Recovery paths to report
Info (332140): No Removal paths to report
Info (332146): Worst-case minimum pulse width slack is 9.406
    Info (332119):     Slack       End Point TNS Clock 
    Info (332119): ========= =================== =====================
    Info (332119):     9.406               0.000 CLK 
Info: Analyzing Slow 1200mV 0C Model
Info (334003): Started post-fitting delay annotation
Info (334004): Delay annotation completed successfully
Info (332123): Deriving Clock Uncertainty. Please refer to report_sdc in the Timing Analyzer to see clock uncertainties.
Info (332146): Worst-case setup slack is 6.118
    Info (332119):     Slack       End Point TNS Clock 
    Info (332119): ========= =================== =====================
    Info (332119):     6.118               0.000 CLK 
Info (332146): Worst-case hold slack is 0.401
    Info (332119):     Slack       End Point TNS Clock 
    Info (332119): ========= =================== =====================
    Info (332119):     0.401               0.000 CLK 
Info (332140): No Recovery paths to report
Info (332140): No Removal paths to report
Info (332146): Worst-case minimum pulse width slack is 9.427
    Info (332119):     Slack       End Point TNS Clock 
    Info (332119): ========= =================== =====================
    Info (332119):     9.427               0.000 CLK 
Info: Analyzing Fast 1200mV 0C Model
Info (332123): Deriving Clock Uncertainty. Please refer to report_sdc in the Timing Analyzer to see clock uncertainties.
Info (332146): Worst-case setup slack is 12.152
    Info (332119):     Slack       End Point TNS Clock 
    Info (332119): ========= =================== =====================
    Info (332119):    12.152               0.000 CLK 
Info (332146): Worst-case hold slack is 0.186
    Info (332119):     Slack       End Point TNS Clock 
    Info (332119): ========= =================== =====================
    Info (332119):     0.186               0.000 CLK 
Info (332140): No Recovery paths to report
Info (332140): No Removal paths to report
Info (332146): Worst-case minimum pulse width slack is 9.239
    Info (332119):     Slack       End Point TNS Clock 
    Info (332119): ========= =================== =====================
    Info (332119):     9.239               0.000 CLK 
Info (332101): Design is fully constrained for setup requirements
Info (332101): Design is fully constrained for hold requirements
Info: Quartus Prime Timing Analyzer was successful. 0 errors, 0 warnings
    Info: Peak virtual memory: 4943 megabytes
    Info: Processing ended: Wed Dec 10 17:15:42 2025
    Info: Elapsed time: 00:00:03
    Info: Total CPU time (on all processors): 00:00:03


