Fitter report for fec_saylinx_board_top
Wed Dec 10 17:15:35 2025
Quartus Prime Version 21.1.1 Build 850 06/23/2022 SJ Lite Edition


---------------------
; Table of Contents ;
---------------------
  1. Legal Notice
  2. Fitter Summary
  3. Fitter Settings
  4. Parallel Compilation
  5. Fitter Netlist Optimizations
  6. Incremental Compilation Preservation Summary
  7. Incremental Compilation Partition Settings
  8. Incremental Compilation Placement Preservation
  9. Pin-Out File
 10. Fitter Resource Usage Summary
 11. Fitter Partition Statistics
 12. Input Pins
 13. Output Pins
 14. Dual Purpose and Dedicated Pins
 15. I/O Bank Usage
 16. All Package Pins
 17. I/O Assignment Warnings
 18. Fitter Resource Utilization by Entity
 19. Delay Chain Summary
 20. Pad To Core Delay Chain Fanout
 21. Control Signals
 22. Global & Other Fast Signals
 23. Fitter DSP Block Usage Summary
 24. DSP Block Details
 25. Routing Usage Summary
 26. LAB Logic Elements
 27. LAB-wide Signals
 28. LAB Signals Sourced
 29. LAB Signals Sourced Out
 30. LAB Distinct Inputs
 31. I/O Rules Summary
 32. I/O Rules Details
 33. I/O Rules Matrix
 34. Fitter Device Options
 35. Operating Settings and Conditions
 36. Estimated Delay Added for Hold Timing Summary
 37. Estimated Delay Added for Hold Timing Details
 38. Fitter Messages
 39. Fitter Suppressed Messages



----------------
; Legal Notice ;
----------------
Copyright (C) 2022  Intel Corporation. All rights reserved.
Your use of Intel Corporation's design tools, logic functions 
and other software and tools, and any partner logic 
functions, and any output files from any of the foregoing 
(including device programming or simulation files), and any 
associated documentation or information are expressly subject 
to the terms and conditions of the Intel Program License 
Subscription Agreement, the Intel Quartus Prime License Agreement,
the Intel FPGA IP License Agreement, or other applicable license
agreement, including, without limitation, that your use is for
the sole purpose of programming logic devices manufactured by
Intel and sold by Intel or its authorized distributors.  Please
refer to the applicable agreement for further details, at
https://fpgasoftware.intel.com/eula.



+----------------------------------------------------------------------------------+
; Fitter Summary                                                                   ;
+------------------------------------+---------------------------------------------+
; Fitter Status                      ; Successful - Wed Dec 10 17:15:35 2025       ;
; Quartus Prime Version              ; 21.1.1 Build 850 06/23/2022 SJ Lite Edition ;
; Revision Name                      ; fec_saylinx_board_top                       ;
; Top-level Entity Name              ; fec_saylinx_board_top                       ;
; Family                             ; Cyclone IV E                                ;
; Device                             ; EP4CE6F17C8                                 ;
; Timing Models                      ; Final                                       ;
; Total logic elements               ; 862 / 6,272 ( 14 % )                        ;
;     Total combinational functions  ; 852 / 6,272 ( 14 % )                        ;
;     Dedicated logic registers      ; 448 / 6,272 ( 7 % )                         ;
; Total registers                    ; 448                                         ;
; Total pins                         ; 93 / 180 ( 52 % )                           ;
; Total virtual pins                 ; 0                                           ;
; Total memory bits                  ; 0 / 276,480 ( 0 % )                         ;
; Embedded Multiplier 9-bit elements ; 2 / 30 ( 7 % )                              ;
; Total PLLs                         ; 0 / 2 ( 0 % )                               ;
+------------------------------------+---------------------------------------------+


+----------------------------------------------------------------------------------------------------------------------------------------------------+
; Fitter Settings                                                                                                                                    ;
+--------------------------------------------------------------------+---------------------------------------+---------------------------------------+
; Option                                                             ; Setting                               ; Default Value                         ;
+--------------------------------------------------------------------+---------------------------------------+---------------------------------------+
; Device                                                             ; EP4CE6F17C8                           ;                                       ;
; Maximum processors allowed for parallel compilation                ; All                                   ;                                       ;
; Minimum Core Junction Temperature                                  ; 0                                     ;                                       ;
; Maximum Core Junction Temperature                                  ; 85                                    ;                                       ;
; Fit Attempts to Skip                                               ; 0                                     ; 0.0                                   ;
; Use smart compilation                                              ; Off                                   ; Off                                   ;
; Enable parallel Assembler and Timing Analyzer during compilation   ; On                                    ; On                                    ;
; Enable compact report table                                        ; Off                                   ; Off                                   ;
; Auto Merge PLLs                                                    ; On                                    ; On                                    ;
; Router Timing Optimization Level                                   ; Normal                                ; Normal                                ;
; Perform Clocking Topology Analysis During Routing                  ; Off                                   ; Off                                   ;
; Placement Effort Multiplier                                        ; 1.0                                   ; 1.0                                   ;
; Router Effort Multiplier                                           ; 1.0                                   ; 1.0                                   ;
; Optimize Hold Timing                                               ; All Paths                             ; All Paths                             ;
; Optimize Multi-Corner Timing                                       ; On                                    ; On                                    ;
; Power Optimization During Fitting                                  ; Normal compilation                    ; Normal compilation                    ;
; SSN Optimization                                                   ; Off                                   ; Off                                   ;
; Optimize Timing                                                    ; Normal compilation                    ; Normal compilation                    ;
; Optimize Timing for ECOs                                           ; Off                                   ; Off                                   ;
; Regenerate Full Fit Report During ECO Compiles                     ; Off                                   ; Off                                   ;
; Optimize IOC Register Placement for Timing                         ; Normal                                ; Normal                                ;
; Limit to One Fitting Attempt                                       ; Off                                   ; Off                                   ;
; Final Placement Optimizations                                      ; Automatically                         ; Automatically                         ;
; Fitter Aggressive Routability Optimizations                        ; Automatically                         ; Automatically                         ;
; Fitter Initial Placement Seed                                      ; 1                                     ; 1                                     ;
; Periphery to Core Placement and Routing Optimization               ; Off                                   ; Off                                   ;
; PCI I/O                                                            ; Off                                   ; Off                                   ;
; Weak Pull-Up Resistor                                              ; Off                                   ; Off                                   ;
; Enable Bus-Hold Circuitry                                          ; Off                                   ; Off                                   ;
; Auto Packed Registers                                              ; Auto                                  ; Auto                                  ;
; Auto Delay Chains                                                  ; On                                    ; On                                    ;
; Auto Delay Chains for High Fanout Input Pins                       ; Off                                   ; Off                                   ;
; Allow Single-ended Buffer for Differential-XSTL Input              ; Off                                   ; Off                                   ;
; Treat Bidirectional Pin as Output Pin                              ; Off                                   ; Off                                   ;
; Perform Physical Synthesis for Combinational Logic for Fitting     ; Off                                   ; Off                                   ;
; Perform Physical Synthesis for Combinational Logic for Performance ; Off                                   ; Off                                   ;
; Perform Register Duplication for Performance                       ; Off                                   ; Off                                   ;
; Perform Logic to Memory Mapping for Fitting                        ; Off                                   ; Off                                   ;
; Perform Register Retiming for Performance                          ; Off                                   ; Off                                   ;
; Perform Asynchronous Signal Pipelining                             ; Off                                   ; Off                                   ;
; Fitter Effort                                                      ; Auto Fit                              ; Auto Fit                              ;
; Physical Synthesis Effort Level                                    ; Normal                                ; Normal                                ;
; Logic Cell Insertion - Logic Duplication                           ; Auto                                  ; Auto                                  ;
; Auto Register Duplication                                          ; Auto                                  ; Auto                                  ;
; Auto Global Clock                                                  ; On                                    ; On                                    ;
; Auto Global Register Control Signals                               ; On                                    ; On                                    ;
; Reserve all unused pins                                            ; As input tri-stated with weak pull-up ; As input tri-stated with weak pull-up ;
; Synchronizer Identification                                        ; Auto                                  ; Auto                                  ;
; Enable Beneficial Skew Optimization                                ; On                                    ; On                                    ;
; Optimize Design for Metastability                                  ; On                                    ; On                                    ;
; Force Fitter to Avoid Periphery Placement Warnings                 ; Off                                   ; Off                                   ;
; Enable input tri-state on active configuration pins in user mode   ; Off                                   ; Off                                   ;
+--------------------------------------------------------------------+---------------------------------------+---------------------------------------+


+------------------------------------------+
; Parallel Compilation                     ;
+----------------------------+-------------+
; Processors                 ; Number      ;
+----------------------------+-------------+
; Number detected on machine ; 16          ;
; Maximum allowed            ; 16          ;
;                            ;             ;
; Average used               ; 1.27        ;
; Maximum used               ; 16          ;
;                            ;             ;
; Usage by Processor         ; % Time Used ;
;     Processor 1            ; 100.0%      ;
;     Processor 2            ;   2.2%      ;
;     Processor 3            ;   1.8%      ;
;     Processor 4            ;   1.8%      ;
;     Processor 5            ;   1.8%      ;
;     Processor 6            ;   1.7%      ;
;     Processor 7            ;   1.7%      ;
;     Processor 8            ;   1.7%      ;
;     Processors 9-16        ;   1.7%      ;
+----------------------------+-------------+


+-----------------------------------------------------------------------------------------------------------------------------------------------------------------------------------------------------------------------------------------------------------------------+
; Fitter Netlist Optimizations                                                                                                                                                                                                                                          ;
+-----------------------------------------------+-----------------+------------------+---------------------+-----------+----------------+------------------------------------------------------------------------------------+------------------+-----------------------+
; Node                                          ; Action          ; Operation        ; Reason              ; Node Port ; Node Port Name ; Destination Node                                                                   ; Destination Port ; Destination Port Name ;
+-----------------------------------------------+-----------------+------------------+---------------------+-----------+----------------+------------------------------------------------------------------------------------+------------------+-----------------------+
; morr_l2:calc_unit|root3:root3_inst|prod_r[2]  ; Packed Register ; Register Packing ; Timing optimization ; Q         ;                ; morr_l2:calc_unit|root3:root3_inst|lpm_mult:Mult0|mult_vct:auto_generated|mac_out2 ; DATAOUT          ;                       ;
; morr_l2:calc_unit|root3:root3_inst|prod_r[3]  ; Packed Register ; Register Packing ; Timing optimization ; Q         ;                ; morr_l2:calc_unit|root3:root3_inst|lpm_mult:Mult0|mult_vct:auto_generated|mac_out2 ; DATAOUT          ;                       ;
; morr_l2:calc_unit|root3:root3_inst|prod_r[4]  ; Packed Register ; Register Packing ; Timing optimization ; Q         ;                ; morr_l2:calc_unit|root3:root3_inst|lpm_mult:Mult0|mult_vct:auto_generated|mac_out2 ; DATAOUT          ;                       ;
; morr_l2:calc_unit|root3:root3_inst|prod_r[5]  ; Packed Register ; Register Packing ; Timing optimization ; Q         ;                ; morr_l2:calc_unit|root3:root3_inst|lpm_mult:Mult0|mult_vct:auto_generated|mac_out2 ; DATAOUT          ;                       ;
; morr_l2:calc_unit|root3:root3_inst|prod_r[6]  ; Packed Register ; Register Packing ; Timing optimization ; Q         ;                ; morr_l2:calc_unit|root3:root3_inst|lpm_mult:Mult0|mult_vct:auto_generated|mac_out2 ; DATAOUT          ;                       ;
; morr_l2:calc_unit|root3:root3_inst|prod_r[7]  ; Packed Register ; Register Packing ; Timing optimization ; Q         ;                ; morr_l2:calc_unit|root3:root3_inst|lpm_mult:Mult0|mult_vct:auto_generated|mac_out2 ; DATAOUT          ;                       ;
; morr_l2:calc_unit|root3:root3_inst|prod_r[8]  ; Packed Register ; Register Packing ; Timing optimization ; Q         ;                ; morr_l2:calc_unit|root3:root3_inst|lpm_mult:Mult0|mult_vct:auto_generated|mac_out2 ; DATAOUT          ;                       ;
; morr_l2:calc_unit|root3:root3_inst|prod_r[9]  ; Packed Register ; Register Packing ; Timing optimization ; Q         ;                ; morr_l2:calc_unit|root3:root3_inst|lpm_mult:Mult0|mult_vct:auto_generated|mac_out2 ; DATAOUT          ;                       ;
; morr_l2:calc_unit|root3:root3_inst|prod_r[10] ; Packed Register ; Register Packing ; Timing optimization ; Q         ;                ; morr_l2:calc_unit|root3:root3_inst|lpm_mult:Mult0|mult_vct:auto_generated|mac_out2 ; DATAOUT          ;                       ;
; morr_l2:calc_unit|root3:root3_inst|prod_r[11] ; Packed Register ; Register Packing ; Timing optimization ; Q         ;                ; morr_l2:calc_unit|root3:root3_inst|lpm_mult:Mult0|mult_vct:auto_generated|mac_out2 ; DATAOUT          ;                       ;
; morr_l2:calc_unit|root3:root3_inst|prod_r[12] ; Packed Register ; Register Packing ; Timing optimization ; Q         ;                ; morr_l2:calc_unit|root3:root3_inst|lpm_mult:Mult0|mult_vct:auto_generated|mac_out2 ; DATAOUT          ;                       ;
; morr_l2:calc_unit|root3:root3_inst|prod_r[13] ; Packed Register ; Register Packing ; Timing optimization ; Q         ;                ; morr_l2:calc_unit|root3:root3_inst|lpm_mult:Mult0|mult_vct:auto_generated|mac_out2 ; DATAOUT          ;                       ;
; morr_l2:calc_unit|root3:root3_inst|prod_r[14] ; Packed Register ; Register Packing ; Timing optimization ; Q         ;                ; morr_l2:calc_unit|root3:root3_inst|lpm_mult:Mult0|mult_vct:auto_generated|mac_out2 ; DATAOUT          ;                       ;
; morr_l2:calc_unit|root3:root3_inst|prod_r[15] ; Packed Register ; Register Packing ; Timing optimization ; Q         ;                ; morr_l2:calc_unit|root3:root3_inst|lpm_mult:Mult0|mult_vct:auto_generated|mac_out2 ; DATAOUT          ;                       ;
; morr_l2:calc_unit|root3:root3_inst|prod_r[16] ; Packed Register ; Register Packing ; Timing optimization ; Q         ;                ; morr_l2:calc_unit|root3:root3_inst|lpm_mult:Mult0|mult_vct:auto_generated|mac_out2 ; DATAOUT          ;                       ;
; morr_l2:calc_unit|root3:root3_inst|prod_r[17] ; Packed Register ; Register Packing ; Timing optimization ; Q         ;                ; morr_l2:calc_unit|root3:root3_inst|lpm_mult:Mult0|mult_vct:auto_generated|mac_out2 ; DATAOUT          ;                       ;
; morr_l2:calc_unit|root3:root3_inst|prod_r[18] ; Packed Register ; Register Packing ; Timing optimization ; Q         ;                ; morr_l2:calc_unit|root3:root3_inst|lpm_mult:Mult0|mult_vct:auto_generated|mac_out2 ; DATAOUT          ;                       ;
; morr_l2:calc_unit|root3:root3_inst|prod_r[19] ; Packed Register ; Register Packing ; Timing optimization ; Q         ;                ; morr_l2:calc_unit|root3:root3_inst|lpm_mult:Mult0|mult_vct:auto_generated|mac_out2 ; DATAOUT          ;                       ;
; morr_l2:calc_unit|root3:root3_inst|prod_r[20] ; Packed Register ; Register Packing ; Timing optimization ; Q         ;                ; morr_l2:calc_unit|root3:root3_inst|lpm_mult:Mult0|mult_vct:auto_generated|mac_out2 ; DATAOUT          ;                       ;
; morr_l2:calc_unit|root3:root3_inst|prod_r[21] ; Packed Register ; Register Packing ; Timing optimization ; Q         ;                ; morr_l2:calc_unit|root3:root3_inst|lpm_mult:Mult0|mult_vct:auto_generated|mac_out2 ; DATAOUT          ;                       ;
; morr_l2:calc_unit|root3:root3_inst|prod_r[22] ; Packed Register ; Register Packing ; Timing optimization ; Q         ;                ; morr_l2:calc_unit|root3:root3_inst|lpm_mult:Mult0|mult_vct:auto_generated|mac_out2 ; DATAOUT          ;                       ;
+-----------------------------------------------+-----------------+------------------+---------------------+-----------+----------------+------------------------------------------------------------------------------------+------------------+-----------------------+


+---------------------------------------------------------------------------------------------------+
; Incremental Compilation Preservation Summary                                                      ;
+---------------------+---------------------+----------------------------+--------------------------+
; Type                ; Total [A + B]       ; From Design Partitions [A] ; From Rapid Recompile [B] ;
+---------------------+---------------------+----------------------------+--------------------------+
; Placement (by node) ;                     ;                            ;                          ;
;     -- Requested    ; 0.00 % ( 0 / 1520 ) ; 0.00 % ( 0 / 1520 )        ; 0.00 % ( 0 / 1520 )      ;
;     -- Achieved     ; 0.00 % ( 0 / 1520 ) ; 0.00 % ( 0 / 1520 )        ; 0.00 % ( 0 / 1520 )      ;
;                     ;                     ;                            ;                          ;
; Routing (by net)    ;                     ;                            ;                          ;
;     -- Requested    ; 0.00 % ( 0 / 0 )    ; 0.00 % ( 0 / 0 )           ; 0.00 % ( 0 / 0 )         ;
;     -- Achieved     ; 0.00 % ( 0 / 0 )    ; 0.00 % ( 0 / 0 )           ; 0.00 % ( 0 / 0 )         ;
+---------------------+---------------------+----------------------------+--------------------------+


+----------------------------------------------------------------------------------------------------------------------------------------------------------------------------------------+
; Incremental Compilation Partition Settings                                                                                                                                             ;
+--------------------------------+----------------+-------------------+-------------------------+------------------------+------------------------------+--------------------------------+
; Partition Name                 ; Partition Type ; Netlist Type Used ; Preservation Level Used ; Netlist Type Requested ; Preservation Level Requested ; Contents                       ;
+--------------------------------+----------------+-------------------+-------------------------+------------------------+------------------------------+--------------------------------+
; Top                            ; User-created   ; Source File       ; N/A                     ; Source File            ; N/A                          ;                                ;
; hard_block:auto_generated_inst ; Auto-generated ; Source File       ; N/A                     ; Source File            ; N/A                          ; hard_block:auto_generated_inst ;
+--------------------------------+----------------+-------------------+-------------------------+------------------------+------------------------------+--------------------------------+


+------------------------------------------------------------------------------------------------------------------------------------+
; Incremental Compilation Placement Preservation                                                                                     ;
+--------------------------------+-----------------------+-------------------------+-------------------+---------------------+-------+
; Partition Name                 ; Preservation Achieved ; Preservation Level Used ; Netlist Type Used ; Preservation Method ; Notes ;
+--------------------------------+-----------------------+-------------------------+-------------------+---------------------+-------+
; Top                            ; 0.00 % ( 0 / 1510 )   ; N/A                     ; Source File       ; N/A                 ;       ;
; hard_block:auto_generated_inst ; 0.00 % ( 0 / 10 )     ; N/A                     ; Source File       ; N/A                 ;       ;
+--------------------------------+-----------------------+-------------------------+-------------------+---------------------+-------+


+--------------+
; Pin-Out File ;
+--------------+
The pin-out file can be found in C:/Schema/lab3/output_files/fec_saylinx_board_top.pin.


+--------------------------------------------------------------------+
; Fitter Resource Usage Summary                                      ;
+---------------------------------------------+----------------------+
; Resource                                    ; Usage                ;
+---------------------------------------------+----------------------+
; Total logic elements                        ; 862 / 6,272 ( 14 % ) ;
;     -- Combinational with no register       ; 414                  ;
;     -- Register only                        ; 10                   ;
;     -- Combinational with a register        ; 438                  ;
;                                             ;                      ;
; Logic element usage by number of LUT inputs ;                      ;
;     -- 4 input functions                    ; 282                  ;
;     -- 3 input functions                    ; 247                  ;
;     -- <=2 input functions                  ; 323                  ;
;     -- Register only                        ; 10                   ;
;                                             ;                      ;
; Logic elements by mode                      ;                      ;
;     -- normal mode                          ; 547                  ;
;     -- arithmetic mode                      ; 305                  ;
;                                             ;                      ;
; Total registers*                            ; 448 / 7,124 ( 6 % )  ;
;     -- Dedicated logic registers            ; 448 / 6,272 ( 7 % )  ;
;     -- I/O registers                        ; 0 / 852 ( 0 % )      ;
;                                             ;                      ;
; Total LABs:  partially or completely used   ; 64 / 392 ( 16 % )    ;
; Virtual pins                                ; 0                    ;
; I/O pins                                    ; 93 / 180 ( 52 % )    ;
;     -- Clock pins                           ; 3 / 3 ( 100 % )      ;
;     -- Dedicated input pins                 ; 0 / 9 ( 0 % )        ;
;                                             ;                      ;
; M9Ks                                        ; 0 / 30 ( 0 % )       ;
; Total block memory bits                     ; 0 / 276,480 ( 0 % )  ;
; Total block memory implementation bits      ; 0 / 276,480 ( 0 % )  ;
; Embedded Multiplier 9-bit elements          ; 2 / 30 ( 7 % )       ;
; PLLs                                        ; 0 / 2 ( 0 % )        ;
; Global signals                              ; 1                    ;
;     -- Global clocks                        ; 1 / 10 ( 10 % )      ;
; JTAGs                                       ; 0 / 1 ( 0 % )        ;
; CRC blocks                                  ; 0 / 1 ( 0 % )        ;
; ASMI blocks                                 ; 0 / 1 ( 0 % )        ;
; Oscillator blocks                           ; 0 / 1 ( 0 % )        ;
; Impedance control blocks                    ; 0 / 4 ( 0 % )        ;
; Average interconnect usage (total/H/V)      ; 2.5% / 2.4% / 2.6%   ;
; Peak interconnect usage (total/H/V)         ; 5.8% / 5.5% / 6.1%   ;
; Maximum fan-out                             ; 449                  ;
; Highest non-global fan-out                  ; 449                  ;
; Total fan-out                               ; 4511                 ;
; Average fan-out                             ; 3.00                 ;
+---------------------------------------------+----------------------+
*  Register count does not include registers inside RAM blocks or DSP blocks.



+----------------------------------------------------------------------------------------------------+
; Fitter Partition Statistics                                                                        ;
+---------------------------------------------+---------------------+--------------------------------+
; Statistic                                   ; Top                 ; hard_block:auto_generated_inst ;
+---------------------------------------------+---------------------+--------------------------------+
; Difficulty Clustering Region                ; Low                 ; Low                            ;
;                                             ;                     ;                                ;
; Total logic elements                        ; 862 / 6272 ( 14 % ) ; 0 / 6272 ( 0 % )               ;
;     -- Combinational with no register       ; 414                 ; 0                              ;
;     -- Register only                        ; 10                  ; 0                              ;
;     -- Combinational with a register        ; 438                 ; 0                              ;
;                                             ;                     ;                                ;
; Logic element usage by number of LUT inputs ;                     ;                                ;
;     -- 4 input functions                    ; 282                 ; 0                              ;
;     -- 3 input functions                    ; 247                 ; 0                              ;
;     -- <=2 input functions                  ; 323                 ; 0                              ;
;     -- Register only                        ; 10                  ; 0                              ;
;                                             ;                     ;                                ;
; Logic elements by mode                      ;                     ;                                ;
;     -- normal mode                          ; 547                 ; 0                              ;
;     -- arithmetic mode                      ; 305                 ; 0                              ;
;                                             ;                     ;                                ;
; Total registers                             ; 448                 ; 0                              ;
;     -- Dedicated logic registers            ; 448 / 6272 ( 7 % )  ; 0 / 6272 ( 0 % )               ;
;     -- I/O registers                        ; 0                   ; 0                              ;
;                                             ;                     ;                                ;
; Total LABs:  partially or completely used   ; 64 / 392 ( 16 % )   ; 0 / 392 ( 0 % )                ;
;                                             ;                     ;                                ;
; Virtual pins                                ; 0                   ; 0                              ;
; I/O pins                                    ; 93                  ; 0                              ;
; Embedded Multiplier 9-bit elements          ; 2 / 30 ( 7 % )      ; 0 / 30 ( 0 % )                 ;
; Total memory bits                           ; 0                   ; 0                              ;
; Total RAM block bits                        ; 0                   ; 0                              ;
; Clock control block                         ; 1 / 12 ( 8 % )      ; 0 / 12 ( 0 % )                 ;
;                                             ;                     ;                                ;
; Connections                                 ;                     ;                                ;
;     -- Input Connections                    ; 0                   ; 0                              ;
;     -- Registered Input Connections         ; 0                   ; 0                              ;
;     -- Output Connections                   ; 0                   ; 0                              ;
;     -- Registered Output Connections        ; 0                   ; 0                              ;
;                                             ;                     ;                                ;
; Internal Connections                        ;                     ;                                ;
;     -- Total Connections                    ; 4572                ; 5                              ;
;     -- Registered Connections               ; 1538                ; 0                              ;
;                                             ;                     ;                                ;
; External Connections                        ;                     ;                                ;
;     -- Top                                  ; 0                   ; 0                              ;
;     -- hard_block:auto_generated_inst       ; 0                   ; 0                              ;
;                                             ;                     ;                                ;
; Partition Interface                         ;                     ;                                ;
;     -- Input Ports                          ; 39                  ; 0                              ;
;     -- Output Ports                         ; 54                  ; 0                              ;
;     -- Bidir Ports                          ; 0                   ; 0                              ;
;                                             ;                     ;                                ;
; Registered Ports                            ;                     ;                                ;
;     -- Registered Input Ports               ; 0                   ; 0                              ;
;     -- Registered Output Ports              ; 0                   ; 0                              ;
;                                             ;                     ;                                ;
; Port Connectivity                           ;                     ;                                ;
;     -- Input Ports driven by GND            ; 0                   ; 0                              ;
;     -- Output Ports driven by GND           ; 0                   ; 0                              ;
;     -- Input Ports driven by VCC            ; 0                   ; 0                              ;
;     -- Output Ports driven by VCC           ; 0                   ; 0                              ;
;     -- Input Ports with no Source           ; 0                   ; 0                              ;
;     -- Output Ports with no Source          ; 0                   ; 0                              ;
;     -- Input Ports with no Fanout           ; 0                   ; 0                              ;
;     -- Output Ports with no Fanout          ; 0                   ; 0                              ;
+---------------------------------------------+---------------------+--------------------------------+


+----------------------------------------------------------------------------------------------------------------------------------------------------------------------------------------------------------------------------------------------------------------------------------------------------------+
; Input Pins                                                                                                                                                                                                                                                                                               ;
+-------------------------+-------+----------+--------------+--------------+--------------+-----------------------+--------------------+--------+----------------+---------------+-----------------+----------+--------------+--------------+---------------------------+----------------------+-----------+
; Name                    ; Pin # ; I/O Bank ; X coordinate ; Y coordinate ; Z coordinate ; Combinational Fan-Out ; Registered Fan-Out ; Global ; Input Register ; Power Up High ; PCI I/O Enabled ; Bus Hold ; Weak Pull Up ; I/O Standard ; Termination Control Block ; Location assigned by ; Slew Rate ;
+-------------------------+-------+----------+--------------+--------------+--------------+-----------------------+--------------------+--------+----------------+---------------+-----------------+----------+--------------+--------------+---------------------------+----------------------+-----------+
; CLK                     ; E1    ; 1        ; 0            ; 11           ; 7            ; 449                   ; 0                  ; yes    ; no             ; no            ; yes             ; no       ; Off          ; 3.3-V LVTTL  ; --                        ; User                 ; no        ;
; GPIO_0_input_pullup[0]  ; P1    ; 2        ; 0            ; 4            ; 21           ; 3                     ; 0                  ; no     ; no             ; no            ; yes             ; no       ; On           ; 3.3-V LVTTL  ; --                        ; User                 ; no        ;
; GPIO_0_input_pullup[10] ; T8    ; 3        ; 16           ; 0            ; 0            ; 2                     ; 0                  ; no     ; no             ; no            ; yes             ; no       ; On           ; 3.3-V LVTTL  ; --                        ; User                 ; no        ;
; GPIO_0_input_pullup[11] ; T9    ; 4        ; 18           ; 0            ; 14           ; 2                     ; 0                  ; no     ; no             ; no            ; yes             ; no       ; On           ; 3.3-V LVTTL  ; --                        ; User                 ; no        ;
; GPIO_0_input_pullup[12] ; T10   ; 4        ; 21           ; 0            ; 0            ; 2                     ; 0                  ; no     ; no             ; no            ; yes             ; no       ; On           ; 3.3-V LVTTL  ; --                        ; User                 ; no        ;
; GPIO_0_input_pullup[13] ; T11   ; 4        ; 23           ; 0            ; 7            ; 2                     ; 0                  ; no     ; no             ; no            ; yes             ; no       ; On           ; 3.3-V LVTTL  ; --                        ; User                 ; no        ;
; GPIO_0_input_pullup[14] ; T12   ; 4        ; 25           ; 0            ; 21           ; 2                     ; 0                  ; no     ; no             ; no            ; yes             ; no       ; On           ; 3.3-V LVTTL  ; --                        ; User                 ; no        ;
; GPIO_0_input_pullup[15] ; T13   ; 4        ; 28           ; 0            ; 7            ; 2                     ; 0                  ; no     ; no             ; no            ; yes             ; no       ; On           ; 3.3-V LVTTL  ; --                        ; User                 ; no        ;
; GPIO_0_input_pullup[16] ; T14   ; 4        ; 30           ; 0            ; 14           ; 0                     ; 0                  ; no     ; no             ; no            ; yes             ; no       ; On           ; 3.3-V LVTTL  ; --                        ; User                 ; no        ;
; GPIO_0_input_pullup[1]  ; R1    ; 2        ; 0            ; 5            ; 21           ; 3                     ; 0                  ; no     ; no             ; no            ; yes             ; no       ; On           ; 3.3-V LVTTL  ; --                        ; User                 ; no        ;
; GPIO_0_input_pullup[2]  ; K9    ; 4        ; 18           ; 0            ; 7            ; 3                     ; 0                  ; no     ; no             ; no            ; yes             ; no       ; On           ; 3.3-V LVTTL  ; --                        ; User                 ; no        ;
; GPIO_0_input_pullup[3]  ; L10   ; 4        ; 25           ; 0            ; 7            ; 3                     ; 0                  ; no     ; no             ; no            ; yes             ; no       ; On           ; 3.3-V LVTTL  ; --                        ; User                 ; no        ;
; GPIO_0_input_pullup[4]  ; T2    ; 3        ; 3            ; 0            ; 0            ; 3                     ; 0                  ; no     ; no             ; no            ; yes             ; no       ; On           ; 3.3-V LVTTL  ; --                        ; User                 ; no        ;
; GPIO_0_input_pullup[5]  ; T3    ; 3        ; 1            ; 0            ; 0            ; 3                     ; 0                  ; no     ; no             ; no            ; yes             ; no       ; On           ; 3.3-V LVTTL  ; --                        ; User                 ; no        ;
; GPIO_0_input_pullup[6]  ; T4    ; 3        ; 5            ; 0            ; 14           ; 3                     ; 0                  ; no     ; no             ; no            ; yes             ; no       ; On           ; 3.3-V LVTTL  ; --                        ; User                 ; no        ;
; GPIO_0_input_pullup[7]  ; T5    ; 3        ; 9            ; 0            ; 0            ; 3                     ; 0                  ; no     ; no             ; no            ; yes             ; no       ; On           ; 3.3-V LVTTL  ; --                        ; User                 ; no        ;
; GPIO_0_input_pullup[8]  ; T6    ; 3        ; 11           ; 0            ; 14           ; 2                     ; 0                  ; no     ; no             ; no            ; yes             ; no       ; On           ; 3.3-V LVTTL  ; --                        ; User                 ; no        ;
; GPIO_0_input_pullup[9]  ; T7    ; 3        ; 13           ; 0            ; 21           ; 2                     ; 0                  ; no     ; no             ; no            ; yes             ; no       ; On           ; 3.3-V LVTTL  ; --                        ; User                 ; no        ;
; GPIO_1_input_pullup[0]  ; B1    ; 1        ; 0            ; 22           ; 0            ; 0                     ; 0                  ; no     ; no             ; no            ; yes             ; no       ; On           ; 3.3-V LVTTL  ; --                        ; User                 ; no        ;
; GPIO_1_input_pullup[10] ; B12   ; 7        ; 25           ; 24           ; 7            ; 0                     ; 0                  ; no     ; no             ; no            ; yes             ; no       ; On           ; 3.3-V LVTTL  ; --                        ; User                 ; no        ;
; GPIO_1_input_pullup[11] ; B13   ; 7        ; 30           ; 24           ; 21           ; 0                     ; 0                  ; no     ; no             ; no            ; yes             ; no       ; On           ; 3.3-V LVTTL  ; --                        ; User                 ; no        ;
; GPIO_1_input_pullup[12] ; D5    ; 8        ; 3            ; 24           ; 0            ; 0                     ; 0                  ; no     ; no             ; no            ; yes             ; no       ; On           ; 3.3-V LVTTL  ; --                        ; User                 ; no        ;
; GPIO_1_input_pullup[13] ; C6    ; 8        ; 9            ; 24           ; 7            ; 0                     ; 0                  ; no     ; no             ; no            ; yes             ; no       ; On           ; 3.3-V LVTTL  ; --                        ; User                 ; no        ;
; GPIO_1_input_pullup[14] ; F8    ; 8        ; 13           ; 24           ; 21           ; 0                     ; 0                  ; no     ; no             ; no            ; yes             ; no       ; On           ; 3.3-V LVTTL  ; --                        ; User                 ; no        ;
; GPIO_1_input_pullup[15] ; D8    ; 8        ; 13           ; 24           ; 7            ; 0                     ; 0                  ; no     ; no             ; no            ; yes             ; no       ; On           ; 3.3-V LVTTL  ; --                        ; User                 ; no        ;
; GPIO_1_input_pullup[16] ; E9    ; 7        ; 18           ; 24           ; 21           ; 0                     ; 0                  ; no     ; no             ; no            ; yes             ; no       ; On           ; 3.3-V LVTTL  ; --                        ; User                 ; no        ;
; GPIO_1_input_pullup[1]  ; B3    ; 8        ; 3            ; 24           ; 21           ; 0                     ; 0                  ; no     ; no             ; no            ; yes             ; no       ; On           ; 3.3-V LVTTL  ; --                        ; User                 ; no        ;
; GPIO_1_input_pullup[2]  ; B4    ; 8        ; 5            ; 24           ; 21           ; 0                     ; 0                  ; no     ; no             ; no            ; yes             ; no       ; On           ; 3.3-V LVTTL  ; --                        ; User                 ; no        ;
; GPIO_1_input_pullup[3]  ; B5    ; 8        ; 5            ; 24           ; 7            ; 0                     ; 0                  ; no     ; no             ; no            ; yes             ; no       ; On           ; 3.3-V LVTTL  ; --                        ; User                 ; no        ;
; GPIO_1_input_pullup[4]  ; B6    ; 8        ; 9            ; 24           ; 21           ; 0                     ; 0                  ; no     ; no             ; no            ; yes             ; no       ; On           ; 3.3-V LVTTL  ; --                        ; User                 ; no        ;
; GPIO_1_input_pullup[5]  ; B7    ; 8        ; 11           ; 24           ; 7            ; 0                     ; 0                  ; no     ; no             ; no            ; yes             ; no       ; On           ; 3.3-V LVTTL  ; --                        ; User                 ; no        ;
; GPIO_1_input_pullup[6]  ; B8    ; 8        ; 16           ; 24           ; 21           ; 0                     ; 0                  ; no     ; no             ; no            ; yes             ; no       ; On           ; 3.3-V LVTTL  ; --                        ; User                 ; no        ;
; GPIO_1_input_pullup[7]  ; B9    ; 7        ; 16           ; 24           ; 7            ; 0                     ; 0                  ; no     ; no             ; no            ; yes             ; no       ; On           ; 3.3-V LVTTL  ; --                        ; User                 ; no        ;
; GPIO_1_input_pullup[8]  ; B10   ; 7        ; 21           ; 24           ; 14           ; 0                     ; 0                  ; no     ; no             ; no            ; yes             ; no       ; On           ; 3.3-V LVTTL  ; --                        ; User                 ; no        ;
; GPIO_1_input_pullup[9]  ; B11   ; 7        ; 25           ; 24           ; 21           ; 0                     ; 0                  ; no     ; no             ; no            ; yes             ; no       ; On           ; 3.3-V LVTTL  ; --                        ; User                 ; no        ;
; KEY2_N                  ; M15   ; 5        ; 34           ; 12           ; 14           ; 3                     ; 0                  ; no     ; no             ; no            ; yes             ; no       ; Off          ; 3.3-V LVTTL  ; --                        ; User                 ; no        ;
; KEY3_N                  ; M16   ; 5        ; 34           ; 12           ; 21           ; 2                     ; 0                  ; no     ; no             ; no            ; yes             ; no       ; Off          ; 3.3-V LVTTL  ; --                        ; User                 ; no        ;
; KEY4_N                  ; E16   ; 6        ; 34           ; 12           ; 7            ; 2                     ; 0                  ; no     ; no             ; no            ; yes             ; no       ; Off          ; 3.3-V LVTTL  ; --                        ; User                 ; no        ;
; RST_N                   ; N13   ; 5        ; 34           ; 2            ; 21           ; 449                   ; 0                  ; no     ; no             ; no            ; yes             ; no       ; Off          ; 3.3-V LVTTL  ; --                        ; User                 ; no        ;
+-------------------------+-------+----------+--------------+--------------+--------------+-----------------------+--------------------+--------+----------------+---------------+-----------------+----------+--------------+--------------+---------------------------+----------------------+-----------+


+------------------------------------------------------------------------------------------------------------------------------------------------------------------------------------------------------------------------------------------------------------------------------------------------------------------------------------------------------------------------------------------------------------------------------------------------------+
; Output Pins                                                                                                                                                                                                                                                                                                                                                                                                                                          ;
+---------------------------+-------+----------+--------------+--------------+--------------+-----------------+------------------------+---------------+-----------+-----------------+------------+---------------+----------+--------------+--------------+------------------+-------------+---------------------------+----------------------------+-----------------------------+----------------------+----------------------+---------------------+
; Name                      ; Pin # ; I/O Bank ; X coordinate ; Y coordinate ; Z coordinate ; Output Register ; Output Enable Register ; Power Up High ; Slew Rate ; PCI I/O Enabled ; Open Drain ; TRI Primitive ; Bus Hold ; Weak Pull Up ; I/O Standard ; Current Strength ; Termination ; Termination Control Block ; Output Buffer Pre-emphasis ; Voltage Output Differential ; Location assigned by ; Output Enable Source ; Output Enable Group ;
+---------------------------+-------+----------+--------------+--------------+--------------+-----------------+------------------------+---------------+-----------+-----------------+------------+---------------+----------+--------------+--------------+------------------+-------------+---------------------------+----------------------------+-----------------------------+----------------------+----------------------+---------------------+
; GPIO_0_out_zero_value[0]  ; N2    ; 2        ; 0            ; 7            ; 14           ; no              ; no                     ; no            ; 2         ; no              ; no         ; no            ; no       ; Off          ; 3.3-V LVTTL  ; 8mA              ; Off         ; --                        ; no                         ; no                          ; User                 ; -                    ; -                   ;
; GPIO_0_out_zero_value[10] ; R7    ; 3        ; 11           ; 0            ; 0            ; no              ; no                     ; no            ; 2         ; no              ; no         ; no            ; no       ; Off          ; 3.3-V LVTTL  ; 8mA              ; Off         ; --                        ; no                         ; no                          ; User                 ; -                    ; -                   ;
; GPIO_0_out_zero_value[11] ; R8    ; 3        ; 16           ; 0            ; 7            ; no              ; no                     ; no            ; 2         ; no              ; no         ; no            ; no       ; Off          ; 3.3-V LVTTL  ; 8mA              ; Off         ; --                        ; no                         ; no                          ; User                 ; -                    ; -                   ;
; GPIO_0_out_zero_value[12] ; R9    ; 4        ; 18           ; 0            ; 21           ; no              ; no                     ; no            ; 2         ; no              ; no         ; no            ; no       ; Off          ; 3.3-V LVTTL  ; 8mA              ; Off         ; --                        ; no                         ; no                          ; User                 ; -                    ; -                   ;
; GPIO_0_out_zero_value[13] ; R10   ; 4        ; 21           ; 0            ; 7            ; no              ; no                     ; no            ; 2         ; no              ; no         ; no            ; no       ; Off          ; 3.3-V LVTTL  ; 8mA              ; Off         ; --                        ; no                         ; no                          ; User                 ; -                    ; -                   ;
; GPIO_0_out_zero_value[14] ; R11   ; 4        ; 23           ; 0            ; 14           ; no              ; no                     ; no            ; 2         ; no              ; no         ; no            ; no       ; Off          ; 3.3-V LVTTL  ; 8mA              ; Off         ; --                        ; no                         ; no                          ; User                 ; -                    ; -                   ;
; GPIO_0_out_zero_value[15] ; R12   ; 4        ; 23           ; 0            ; 0            ; no              ; no                     ; no            ; 2         ; no              ; no         ; no            ; no       ; Off          ; 3.3-V LVTTL  ; 8mA              ; Off         ; --                        ; no                         ; no                          ; User                 ; -                    ; -                   ;
; GPIO_0_out_zero_value[16] ; R13   ; 4        ; 28           ; 0            ; 14           ; no              ; no                     ; no            ; 2         ; no              ; no         ; no            ; no       ; Off          ; 3.3-V LVTTL  ; 8mA              ; Off         ; --                        ; no                         ; no                          ; User                 ; -                    ; -                   ;
; GPIO_0_out_zero_value[1]  ; P2    ; 2        ; 0            ; 4            ; 14           ; no              ; no                     ; no            ; 2         ; no              ; no         ; no            ; no       ; Off          ; 3.3-V LVTTL  ; 8mA              ; Off         ; --                        ; no                         ; no                          ; User                 ; -                    ; -                   ;
; GPIO_0_out_zero_value[2]  ; P8    ; 3        ; 16           ; 0            ; 14           ; no              ; no                     ; no            ; 2         ; no              ; no         ; no            ; no       ; Off          ; 3.3-V LVTTL  ; 8mA              ; Off         ; --                        ; no                         ; no                          ; User                 ; -                    ; -                   ;
; GPIO_0_out_zero_value[3]  ; L9    ; 4        ; 18           ; 0            ; 0            ; no              ; no                     ; no            ; 2         ; no              ; no         ; no            ; no       ; Off          ; 3.3-V LVTTL  ; 8mA              ; Off         ; --                        ; no                         ; no                          ; User                 ; -                    ; -                   ;
; GPIO_0_out_zero_value[4]  ; M9    ; 4        ; 21           ; 0            ; 21           ; no              ; no                     ; no            ; 2         ; no              ; no         ; no            ; no       ; Off          ; 3.3-V LVTTL  ; 8mA              ; Off         ; --                        ; no                         ; no                          ; User                 ; -                    ; -                   ;
; GPIO_0_out_zero_value[5]  ; P3    ; 3        ; 1            ; 0            ; 14           ; no              ; no                     ; no            ; 2         ; no              ; no         ; no            ; no       ; Off          ; 3.3-V LVTTL  ; 8mA              ; Off         ; --                        ; no                         ; no                          ; User                 ; -                    ; -                   ;
; GPIO_0_out_zero_value[6]  ; R3    ; 3        ; 1            ; 0            ; 7            ; no              ; no                     ; no            ; 2         ; no              ; no         ; no            ; no       ; Off          ; 3.3-V LVTTL  ; 8mA              ; Off         ; --                        ; no                         ; no                          ; User                 ; -                    ; -                   ;
; GPIO_0_out_zero_value[7]  ; R4    ; 3        ; 5            ; 0            ; 21           ; no              ; no                     ; no            ; 2         ; no              ; no         ; no            ; no       ; Off          ; 3.3-V LVTTL  ; 8mA              ; Off         ; --                        ; no                         ; no                          ; User                 ; -                    ; -                   ;
; GPIO_0_out_zero_value[8]  ; R5    ; 3        ; 9            ; 0            ; 7            ; no              ; no                     ; no            ; 2         ; no              ; no         ; no            ; no       ; Off          ; 3.3-V LVTTL  ; 8mA              ; Off         ; --                        ; no                         ; no                          ; User                 ; -                    ; -                   ;
; GPIO_0_out_zero_value[9]  ; R6    ; 3        ; 11           ; 0            ; 21           ; no              ; no                     ; no            ; 2         ; no              ; no         ; no            ; no       ; Off          ; 3.3-V LVTTL  ; 8mA              ; Off         ; --                        ; no                         ; no                          ; User                 ; -                    ; -                   ;
; GPIO_1_out_zero_value[0]  ; C2    ; 1        ; 0            ; 22           ; 14           ; no              ; no                     ; no            ; 2         ; no              ; no         ; no            ; no       ; Off          ; 3.3-V LVTTL  ; 8mA              ; Off         ; --                        ; no                         ; no                          ; User                 ; -                    ; -                   ;
; GPIO_1_out_zero_value[10] ; A11   ; 7        ; 25           ; 24           ; 14           ; no              ; no                     ; no            ; 2         ; no              ; no         ; no            ; no       ; Off          ; 3.3-V LVTTL  ; 8mA              ; Off         ; --                        ; no                         ; no                          ; User                 ; -                    ; -                   ;
; GPIO_1_out_zero_value[11] ; A12   ; 7        ; 25           ; 24           ; 0            ; no              ; no                     ; no            ; 2         ; no              ; no         ; no            ; no       ; Off          ; 3.3-V LVTTL  ; 8mA              ; Off         ; --                        ; no                         ; no                          ; User                 ; -                    ; -                   ;
; GPIO_1_out_zero_value[12] ; A13   ; 7        ; 30           ; 24           ; 7            ; no              ; no                     ; no            ; 2         ; no              ; no         ; no            ; no       ; Off          ; 3.3-V LVTTL  ; 8mA              ; Off         ; --                        ; no                         ; no                          ; User                 ; -                    ; -                   ;
; GPIO_1_out_zero_value[13] ; D6    ; 8        ; 3            ; 24           ; 7            ; no              ; no                     ; no            ; 2         ; no              ; no         ; no            ; no       ; Off          ; 3.3-V LVTTL  ; 8mA              ; Off         ; --                        ; no                         ; no                          ; User                 ; -                    ; -                   ;
; GPIO_1_out_zero_value[14] ; E7    ; 8        ; 7            ; 24           ; 0            ; no              ; no                     ; no            ; 2         ; no              ; no         ; no            ; no       ; Off          ; 3.3-V LVTTL  ; 8mA              ; Off         ; --                        ; no                         ; no                          ; User                 ; -                    ; -                   ;
; GPIO_1_out_zero_value[15] ; C8    ; 8        ; 13           ; 24           ; 0            ; no              ; no                     ; no            ; 2         ; no              ; no         ; no            ; no       ; Off          ; 3.3-V LVTTL  ; 8mA              ; Off         ; --                        ; no                         ; no                          ; User                 ; -                    ; -                   ;
; GPIO_1_out_zero_value[16] ; E8    ; 8        ; 13           ; 24           ; 14           ; no              ; no                     ; no            ; 2         ; no              ; no         ; no            ; no       ; Off          ; 3.3-V LVTTL  ; 8mA              ; Off         ; --                        ; no                         ; no                          ; User                 ; -                    ; -                   ;
; GPIO_1_out_zero_value[1]  ; A2    ; 8        ; 5            ; 24           ; 0            ; no              ; no                     ; no            ; 2         ; no              ; no         ; no            ; no       ; Off          ; 3.3-V LVTTL  ; 8mA              ; Off         ; --                        ; no                         ; no                          ; User                 ; -                    ; -                   ;
; GPIO_1_out_zero_value[2]  ; A3    ; 8        ; 3            ; 24           ; 14           ; no              ; no                     ; no            ; 2         ; no              ; no         ; no            ; no       ; Off          ; 3.3-V LVTTL  ; 8mA              ; Off         ; --                        ; no                         ; no                          ; User                 ; -                    ; -                   ;
; GPIO_1_out_zero_value[3]  ; A4    ; 8        ; 5            ; 24           ; 14           ; no              ; no                     ; no            ; 2         ; no              ; no         ; no            ; no       ; Off          ; 3.3-V LVTTL  ; 8mA              ; Off         ; --                        ; no                         ; no                          ; User                 ; -                    ; -                   ;
; GPIO_1_out_zero_value[4]  ; A5    ; 8        ; 7            ; 24           ; 14           ; no              ; no                     ; no            ; 2         ; no              ; no         ; no            ; no       ; Off          ; 3.3-V LVTTL  ; 8mA              ; Off         ; --                        ; no                         ; no                          ; User                 ; -                    ; -                   ;
; GPIO_1_out_zero_value[5]  ; A6    ; 8        ; 9            ; 24           ; 14           ; no              ; no                     ; no            ; 2         ; no              ; no         ; no            ; no       ; Off          ; 3.3-V LVTTL  ; 8mA              ; Off         ; --                        ; no                         ; no                          ; User                 ; -                    ; -                   ;
; GPIO_1_out_zero_value[6]  ; A7    ; 8        ; 11           ; 24           ; 0            ; no              ; no                     ; no            ; 2         ; no              ; no         ; no            ; no       ; Off          ; 3.3-V LVTTL  ; 8mA              ; Off         ; --                        ; no                         ; no                          ; User                 ; -                    ; -                   ;
; GPIO_1_out_zero_value[7]  ; A8    ; 8        ; 16           ; 24           ; 14           ; no              ; no                     ; no            ; 2         ; no              ; no         ; no            ; no       ; Off          ; 3.3-V LVTTL  ; 8mA              ; Off         ; --                        ; no                         ; no                          ; User                 ; -                    ; -                   ;
; GPIO_1_out_zero_value[8]  ; A9    ; 7        ; 16           ; 24           ; 0            ; no              ; no                     ; no            ; 2         ; no              ; no         ; no            ; no       ; Off          ; 3.3-V LVTTL  ; 8mA              ; Off         ; --                        ; no                         ; no                          ; User                 ; -                    ; -                   ;
; GPIO_1_out_zero_value[9]  ; A10   ; 7        ; 21           ; 24           ; 7            ; no              ; no                     ; no            ; 2         ; no              ; no         ; no            ; no       ; Off          ; 3.3-V LVTTL  ; 8mA              ; Off         ; --                        ; no                         ; no                          ; User                 ; -                    ; -                   ;
; LED[0]                    ; E10   ; 7        ; 28           ; 24           ; 21           ; no              ; no                     ; no            ; 2         ; no              ; no         ; no            ; no       ; Off          ; 3.3-V LVTTL  ; 8mA              ; Off         ; --                        ; no                         ; no                          ; User                 ; -                    ; -                   ;
; LED[1]                    ; F9    ; 7        ; 23           ; 24           ; 14           ; no              ; no                     ; no            ; 2         ; no              ; no         ; no            ; no       ; Off          ; 3.3-V LVTTL  ; 8mA              ; Off         ; --                        ; no                         ; no                          ; User                 ; -                    ; -                   ;
; LED[2]                    ; C9    ; 7        ; 18           ; 24           ; 7            ; no              ; no                     ; no            ; 2         ; no              ; no         ; no            ; no       ; Off          ; 3.3-V LVTTL  ; 8mA              ; Off         ; --                        ; no                         ; no                          ; User                 ; -                    ; -                   ;
; LED[3]                    ; D9    ; 7        ; 18           ; 24           ; 14           ; no              ; no                     ; no            ; 2         ; no              ; no         ; no            ; no       ; Off          ; 3.3-V LVTTL  ; 8mA              ; Off         ; --                        ; no                         ; no                          ; User                 ; -                    ; -                   ;
; SEG_DATA[0]               ; R16   ; 5        ; 34           ; 5            ; 14           ; no              ; no                     ; no            ; 2         ; no              ; no         ; no            ; no       ; Off          ; 3.3-V LVTTL  ; 8mA              ; Off         ; --                        ; no                         ; no                          ; User                 ; -                    ; -                   ;
; SEG_DATA[1]               ; N15   ; 5        ; 34           ; 7            ; 14           ; no              ; no                     ; no            ; 2         ; no              ; no         ; no            ; no       ; Off          ; 3.3-V LVTTL  ; 8mA              ; Off         ; --                        ; no                         ; no                          ; User                 ; -                    ; -                   ;
; SEG_DATA[2]               ; N12   ; 4        ; 32           ; 0            ; 0            ; no              ; no                     ; no            ; 2         ; no              ; no         ; no            ; no       ; Off          ; 3.3-V LVTTL  ; 8mA              ; Off         ; --                        ; no                         ; no                          ; User                 ; -                    ; -                   ;
; SEG_DATA[3]               ; P15   ; 5        ; 34           ; 4            ; 14           ; no              ; no                     ; no            ; 2         ; no              ; no         ; no            ; no       ; Off          ; 3.3-V LVTTL  ; 8mA              ; Off         ; --                        ; no                         ; no                          ; User                 ; -                    ; -                   ;
; SEG_DATA[4]               ; T15   ; 4        ; 30           ; 0            ; 7            ; no              ; no                     ; no            ; 2         ; no              ; no         ; no            ; no       ; Off          ; 3.3-V LVTTL  ; 8mA              ; Off         ; --                        ; no                         ; no                          ; User                 ; -                    ; -                   ;
; SEG_DATA[5]               ; P16   ; 5        ; 34           ; 5            ; 21           ; no              ; no                     ; no            ; 2         ; no              ; no         ; no            ; no       ; Off          ; 3.3-V LVTTL  ; 8mA              ; Off         ; --                        ; no                         ; no                          ; User                 ; -                    ; -                   ;
; SEG_DATA[6]               ; N16   ; 5        ; 34           ; 7            ; 21           ; no              ; no                     ; no            ; 2         ; no              ; no         ; no            ; no       ; Off          ; 3.3-V LVTTL  ; 8mA              ; Off         ; --                        ; no                         ; no                          ; User                 ; -                    ; -                   ;
; SEG_DATA[7]               ; R14   ; 4        ; 30           ; 0            ; 0            ; no              ; no                     ; no            ; 2         ; no              ; no         ; no            ; no       ; Off          ; 3.3-V LVTTL  ; 8mA              ; Off         ; --                        ; no                         ; no                          ; User                 ; -                    ; -                   ;
; SEG_SEL[0]                ; D1    ; 1        ; 0            ; 21           ; 21           ; no              ; no                     ; no            ; 2         ; no              ; no         ; no            ; no       ; Off          ; 3.3-V LVTTL  ; 8mA              ; Off         ; --                        ; no                         ; no                          ; User                 ; -                    ; -                   ;
; SEG_SEL[1]                ; E6    ; 8        ; 7            ; 24           ; 7            ; no              ; no                     ; no            ; 2         ; no              ; no         ; no            ; no       ; Off          ; 3.3-V LVTTL  ; 8mA              ; Off         ; --                        ; no                         ; no                          ; User                 ; -                    ; -                   ;
; SEG_SEL[2]                ; M11   ; 4        ; 32           ; 0            ; 7            ; no              ; no                     ; no            ; 2         ; no              ; no         ; no            ; no       ; Off          ; 3.3-V LVTTL  ; 8mA              ; Off         ; --                        ; no                         ; no                          ; User                 ; -                    ; -                   ;
; SEG_SEL[3]                ; P11   ; 4        ; 28           ; 0            ; 21           ; no              ; no                     ; no            ; 2         ; no              ; no         ; no            ; no       ; Off          ; 3.3-V LVTTL  ; 8mA              ; Off         ; --                        ; no                         ; no                          ; User                 ; -                    ; -                   ;
; SEG_SEL[4]                ; N11   ; 4        ; 30           ; 0            ; 21           ; no              ; no                     ; no            ; 2         ; no              ; no         ; no            ; no       ; Off          ; 3.3-V LVTTL  ; 8mA              ; Off         ; --                        ; no                         ; no                          ; User                 ; -                    ; -                   ;
; SEG_SEL[5]                ; M10   ; 4        ; 28           ; 0            ; 0            ; no              ; no                     ; no            ; 2         ; no              ; no         ; no            ; no       ; Off          ; 3.3-V LVTTL  ; 8mA              ; Off         ; --                        ; no                         ; no                          ; User                 ; -                    ; -                   ;
; SEG_SEL[6]                ; P9    ; 4        ; 25           ; 0            ; 0            ; no              ; no                     ; no            ; 2         ; no              ; no         ; no            ; no       ; Off          ; 3.3-V LVTTL  ; 8mA              ; Off         ; --                        ; no                         ; no                          ; User                 ; -                    ; -                   ;
; SEG_SEL[7]                ; N9    ; 4        ; 21           ; 0            ; 14           ; no              ; no                     ; no            ; 2         ; no              ; no         ; no            ; no       ; Off          ; 3.3-V LVTTL  ; 8mA              ; Off         ; --                        ; no                         ; no                          ; User                 ; -                    ; -                   ;
+---------------------------+-------+----------+--------------+--------------+--------------+-----------------+------------------------+---------------+-----------+-----------------+------------+---------------+----------+--------------+--------------+------------------+-------------+---------------------------+----------------------------+-----------------------------+----------------------+----------------------+---------------------+


+---------------------------------------------------------------------------------------------------------------------------+
; Dual Purpose and Dedicated Pins                                                                                           ;
+----------+-----------------------------+--------------------------+---------------------------+---------------------------+
; Location ; Pin Name                    ; Reserved As              ; User Signal Name          ; Pin Type                  ;
+----------+-----------------------------+--------------------------+---------------------------+---------------------------+
; C1       ; DIFFIO_L1n, DATA1, ASDO     ; As input tri-stated      ; ~ALTERA_ASDO_DATA1~       ; Dual Purpose Pin          ;
; D2       ; DIFFIO_L2p, FLASH_nCE, nCSO ; As input tri-stated      ; ~ALTERA_FLASH_nCE_nCSO~   ; Dual Purpose Pin          ;
; F4       ; nSTATUS                     ; -                        ; -                         ; Dedicated Programming Pin ;
; H1       ; DCLK                        ; As output driving ground ; ~ALTERA_DCLK~             ; Dual Purpose Pin          ;
; H2       ; DATA0                       ; As input tri-stated      ; ~ALTERA_DATA0~            ; Dual Purpose Pin          ;
; H5       ; nCONFIG                     ; -                        ; -                         ; Dedicated Programming Pin ;
; J3       ; nCE                         ; -                        ; -                         ; Dedicated Programming Pin ;
; H14      ; CONF_DONE                   ; -                        ; -                         ; Dedicated Programming Pin ;
; H13      ; MSEL0                       ; -                        ; -                         ; Dedicated Programming Pin ;
; H12      ; MSEL1                       ; -                        ; -                         ; Dedicated Programming Pin ;
; G12      ; MSEL2                       ; -                        ; -                         ; Dedicated Programming Pin ;
; G12      ; MSEL3                       ; -                        ; -                         ; Dedicated Programming Pin ;
; F16      ; DIFFIO_R3n, nCEO            ; Use as programming pin   ; ~ALTERA_nCEO~             ; Dual Purpose Pin          ;
; E8       ; DIFFIO_T10n, DATA2          ; Use as regular IO        ; GPIO_1_out_zero_value[16] ; Dual Purpose Pin          ;
; F8       ; DIFFIO_T10p, DATA3          ; Use as regular IO        ; GPIO_1_input_pullup[14]   ; Dual Purpose Pin          ;
; B7       ; DIFFIO_T9p, DATA4           ; Use as regular IO        ; GPIO_1_input_pullup[5]    ; Dual Purpose Pin          ;
; E7       ; DATA5                       ; Use as regular IO        ; GPIO_1_out_zero_value[14] ; Dual Purpose Pin          ;
; E6       ; DATA6                       ; Use as regular IO        ; SEG_SEL[1]                ; Dual Purpose Pin          ;
; A5       ; DIFFIO_T6n, DATA7           ; Use as regular IO        ; GPIO_1_out_zero_value[4]  ; Dual Purpose Pin          ;
+----------+-----------------------------+--------------------------+---------------------------+---------------------------+


+------------------------------------------------------------+
; I/O Bank Usage                                             ;
+----------+------------------+---------------+--------------+
; I/O Bank ; Usage            ; VCCIO Voltage ; VREF Voltage ;
+----------+------------------+---------------+--------------+
; 1        ; 8 / 17 ( 47 % )  ; 3.3V          ; --           ;
; 2        ; 4 / 19 ( 21 % )  ; 3.3V          ; --           ;
; 3        ; 15 / 26 ( 58 % ) ; 3.3V          ; --           ;
; 4        ; 24 / 27 ( 89 % ) ; 3.3V          ; --           ;
; 5        ; 8 / 25 ( 32 % )  ; 3.3V          ; --           ;
; 6        ; 2 / 14 ( 14 % )  ; 3.3V          ; --           ;
; 7        ; 15 / 26 ( 58 % ) ; 3.3V          ; --           ;
; 8        ; 22 / 26 ( 85 % ) ; 3.3V          ; --           ;
+----------+------------------+---------------+--------------+


+-----------------------------------------------------------------------------------------------------------------------------------------------------------------------------------------+
; All Package Pins                                                                                                                                                                        ;
+----------+------------+----------+-----------------------------------------------------------+--------+--------------+---------+------------+-----------------+----------+--------------+
; Location ; Pad Number ; I/O Bank ; Pin Name/Usage                                            ; Dir.   ; I/O Standard ; Voltage ; I/O Type   ; User Assignment ; Bus Hold ; Weak Pull Up ;
+----------+------------+----------+-----------------------------------------------------------+--------+--------------+---------+------------+-----------------+----------+--------------+
; A1       ;            ; 8        ; VCCIO8                                                    ; power  ;              ; 3.3V    ; --         ;                 ; --       ; --           ;
; A2       ; 194        ; 8        ; GPIO_1_out_zero_value[1]                                  ; output ; 3.3-V LVTTL  ;         ; Column I/O ; Y               ; no       ; Off          ;
; A3       ; 200        ; 8        ; GPIO_1_out_zero_value[2]                                  ; output ; 3.3-V LVTTL  ;         ; Column I/O ; Y               ; no       ; Off          ;
; A4       ; 196        ; 8        ; GPIO_1_out_zero_value[3]                                  ; output ; 3.3-V LVTTL  ;         ; Column I/O ; Y               ; no       ; Off          ;
; A5       ; 192        ; 8        ; GPIO_1_out_zero_value[4]                                  ; output ; 3.3-V LVTTL  ;         ; Column I/O ; Y               ; no       ; Off          ;
; A6       ; 188        ; 8        ; GPIO_1_out_zero_value[5]                                  ; output ; 3.3-V LVTTL  ;         ; Column I/O ; Y               ; no       ; Off          ;
; A7       ; 183        ; 8        ; GPIO_1_out_zero_value[6]                                  ; output ; 3.3-V LVTTL  ;         ; Column I/O ; Y               ; no       ; Off          ;
; A8       ; 177        ; 8        ; GPIO_1_out_zero_value[7]                                  ; output ; 3.3-V LVTTL  ;         ; Column I/O ; Y               ; no       ; Off          ;
; A9       ; 175        ; 7        ; GPIO_1_out_zero_value[8]                                  ; output ; 3.3-V LVTTL  ;         ; Column I/O ; Y               ; no       ; Off          ;
; A10      ; 168        ; 7        ; GPIO_1_out_zero_value[9]                                  ; output ; 3.3-V LVTTL  ;         ; Column I/O ; Y               ; no       ; Off          ;
; A11      ; 161        ; 7        ; GPIO_1_out_zero_value[10]                                 ; output ; 3.3-V LVTTL  ;         ; Column I/O ; Y               ; no       ; Off          ;
; A12      ; 159        ; 7        ; GPIO_1_out_zero_value[11]                                 ; output ; 3.3-V LVTTL  ;         ; Column I/O ; Y               ; no       ; Off          ;
; A13      ; 153        ; 7        ; GPIO_1_out_zero_value[12]                                 ; output ; 3.3-V LVTTL  ;         ; Column I/O ; Y               ; no       ; Off          ;
; A14      ; 155        ; 7        ; RESERVED_INPUT_WITH_WEAK_PULLUP                           ;        ;              ;         ; Column I/O ;                 ; no       ; On           ;
; A15      ; 167        ; 7        ; RESERVED_INPUT_WITH_WEAK_PULLUP                           ;        ;              ;         ; Column I/O ;                 ; no       ; On           ;
; A16      ;            ; 7        ; VCCIO7                                                    ; power  ;              ; 3.3V    ; --         ;                 ; --       ; --           ;
; B1       ; 3          ; 1        ; GPIO_1_input_pullup[0]                                    ; input  ; 3.3-V LVTTL  ;         ; Row I/O    ; Y               ; no       ; On           ;
; B2       ;            ;          ; GND                                                       ; gnd    ;              ;         ; --         ;                 ; --       ; --           ;
; B3       ; 201        ; 8        ; GPIO_1_input_pullup[1]                                    ; input  ; 3.3-V LVTTL  ;         ; Column I/O ; Y               ; no       ; On           ;
; B4       ; 197        ; 8        ; GPIO_1_input_pullup[2]                                    ; input  ; 3.3-V LVTTL  ;         ; Column I/O ; Y               ; no       ; On           ;
; B5       ; 195        ; 8        ; GPIO_1_input_pullup[3]                                    ; input  ; 3.3-V LVTTL  ;         ; Column I/O ; Y               ; no       ; On           ;
; B6       ; 189        ; 8        ; GPIO_1_input_pullup[4]                                    ; input  ; 3.3-V LVTTL  ;         ; Column I/O ; Y               ; no       ; On           ;
; B7       ; 184        ; 8        ; GPIO_1_input_pullup[5]                                    ; input  ; 3.3-V LVTTL  ;         ; Column I/O ; Y               ; no       ; On           ;
; B8       ; 178        ; 8        ; GPIO_1_input_pullup[6]                                    ; input  ; 3.3-V LVTTL  ;         ; Column I/O ; Y               ; no       ; On           ;
; B9       ; 176        ; 7        ; GPIO_1_input_pullup[7]                                    ; input  ; 3.3-V LVTTL  ;         ; Column I/O ; Y               ; no       ; On           ;
; B10      ; 169        ; 7        ; GPIO_1_input_pullup[8]                                    ; input  ; 3.3-V LVTTL  ;         ; Column I/O ; Y               ; no       ; On           ;
; B11      ; 162        ; 7        ; GPIO_1_input_pullup[9]                                    ; input  ; 3.3-V LVTTL  ;         ; Column I/O ; Y               ; no       ; On           ;
; B12      ; 160        ; 7        ; GPIO_1_input_pullup[10]                                   ; input  ; 3.3-V LVTTL  ;         ; Column I/O ; Y               ; no       ; On           ;
; B13      ; 154        ; 7        ; GPIO_1_input_pullup[11]                                   ; input  ; 3.3-V LVTTL  ;         ; Column I/O ; Y               ; no       ; On           ;
; B14      ; 156        ; 7        ; RESERVED_INPUT_WITH_WEAK_PULLUP                           ;        ;              ;         ; Column I/O ;                 ; no       ; On           ;
; B15      ;            ;          ; GND                                                       ; gnd    ;              ;         ; --         ;                 ; --       ; --           ;
; B16      ; 141        ; 6        ; RESERVED_INPUT_WITH_WEAK_PULLUP                           ;        ;              ;         ; Row I/O    ;                 ; no       ; On           ;
; C1       ; 5          ; 1        ; ~ALTERA_ASDO_DATA1~ / RESERVED_INPUT_WITH_WEAK_PULLUP     ; input  ; 3.3-V LVTTL  ;         ; Row I/O    ; N               ; no       ; On           ;
; C2       ; 4          ; 1        ; GPIO_1_out_zero_value[0]                                  ; output ; 3.3-V LVTTL  ;         ; Row I/O    ; Y               ; no       ; Off          ;
; C3       ; 202        ; 8        ; RESERVED_INPUT_WITH_WEAK_PULLUP                           ;        ;              ;         ; Column I/O ;                 ; no       ; On           ;
; C4       ;            ; 8        ; VCCIO8                                                    ; power  ;              ; 3.3V    ; --         ;                 ; --       ; --           ;
; C5       ;            ;          ; GND                                                       ; gnd    ;              ;         ; --         ;                 ; --       ; --           ;
; C6       ; 187        ; 8        ; GPIO_1_input_pullup[13]                                   ; input  ; 3.3-V LVTTL  ;         ; Column I/O ; Y               ; no       ; On           ;
; C7       ;            ; 8        ; VCCIO8                                                    ; power  ;              ; 3.3V    ; --         ;                 ; --       ; --           ;
; C8       ; 179        ; 8        ; GPIO_1_out_zero_value[15]                                 ; output ; 3.3-V LVTTL  ;         ; Column I/O ; Y               ; no       ; Off          ;
; C9       ; 172        ; 7        ; LED[2]                                                    ; output ; 3.3-V LVTTL  ;         ; Column I/O ; Y               ; no       ; Off          ;
; C10      ;            ; 7        ; VCCIO7                                                    ; power  ;              ; 3.3V    ; --         ;                 ; --       ; --           ;
; C11      ; 163        ; 7        ; RESERVED_INPUT_WITH_WEAK_PULLUP                           ;        ;              ;         ; Column I/O ;                 ; --       ; --           ;
; C12      ;            ;          ; GND                                                       ; gnd    ;              ;         ; --         ;                 ; --       ; --           ;
; C13      ;            ; 7        ; VCCIO7                                                    ; power  ;              ; 3.3V    ; --         ;                 ; --       ; --           ;
; C14      ; 149        ; 7        ; RESERVED_INPUT_WITH_WEAK_PULLUP                           ;        ;              ;         ; Column I/O ;                 ; no       ; On           ;
; C15      ; 147        ; 6        ; RESERVED_INPUT_WITH_WEAK_PULLUP                           ;        ;              ;         ; Row I/O    ;                 ; no       ; On           ;
; C16      ; 146        ; 6        ; RESERVED_INPUT_WITH_WEAK_PULLUP                           ;        ;              ;         ; Row I/O    ;                 ; no       ; On           ;
; D1       ; 8          ; 1        ; SEG_SEL[0]                                                ; output ; 3.3-V LVTTL  ;         ; Row I/O    ; Y               ; no       ; Off          ;
; D2       ; 7          ; 1        ; ~ALTERA_FLASH_nCE_nCSO~ / RESERVED_INPUT_WITH_WEAK_PULLUP ; input  ; 3.3-V LVTTL  ;         ; Row I/O    ; N               ; no       ; On           ;
; D3       ; 203        ; 8        ; RESERVED_INPUT_WITH_WEAK_PULLUP                           ;        ;              ;         ; Column I/O ;                 ; no       ; On           ;
; D4       ; 0          ; 1        ; RESERVED_INPUT_WITH_WEAK_PULLUP                           ;        ;              ;         ; Row I/O    ;                 ; no       ; On           ;
; D5       ; 198        ; 8        ; GPIO_1_input_pullup[12]                                   ; input  ; 3.3-V LVTTL  ;         ; Column I/O ; Y               ; no       ; On           ;
; D6       ; 199        ; 8        ; GPIO_1_out_zero_value[13]                                 ; output ; 3.3-V LVTTL  ;         ; Column I/O ; Y               ; no       ; Off          ;
; D7       ;            ;          ; GND                                                       ; gnd    ;              ;         ; --         ;                 ; --       ; --           ;
; D8       ; 180        ; 8        ; GPIO_1_input_pullup[15]                                   ; input  ; 3.3-V LVTTL  ;         ; Column I/O ; Y               ; no       ; On           ;
; D9       ; 173        ; 7        ; LED[3]                                                    ; output ; 3.3-V LVTTL  ;         ; Column I/O ; Y               ; no       ; Off          ;
; D10      ;            ;          ; GND                                                       ; gnd    ;              ;         ; --         ;                 ; --       ; --           ;
; D11      ; 151        ; 7        ; RESERVED_INPUT_WITH_WEAK_PULLUP                           ;        ;              ;         ; Column I/O ;                 ; no       ; On           ;
; D12      ; 152        ; 7        ; RESERVED_INPUT_WITH_WEAK_PULLUP                           ;        ;              ;         ; Column I/O ;                 ; no       ; On           ;
; D13      ;            ;          ; VCCD_PLL2                                                 ; power  ;              ; 1.2V    ; --         ;                 ; --       ; --           ;
; D14      ; 150        ; 7        ; RESERVED_INPUT_WITH_WEAK_PULLUP                           ;        ;              ;         ; Column I/O ;                 ; no       ; On           ;
; D15      ; 144        ; 6        ; RESERVED_INPUT_WITH_WEAK_PULLUP                           ;        ;              ;         ; Row I/O    ;                 ; no       ; On           ;
; D16      ; 143        ; 6        ; RESERVED_INPUT_WITH_WEAK_PULLUP                           ;        ;              ;         ; Row I/O    ;                 ; no       ; On           ;
; E1       ; 24         ; 1        ; CLK                                                       ; input  ; 3.3-V LVTTL  ;         ; Row I/O    ; Y               ; no       ; Off          ;
; E2       ;            ;          ; GND                                                       ; gnd    ;              ;         ; --         ;                 ; --       ; --           ;
; E3       ;            ; 1        ; VCCIO1                                                    ; power  ;              ; 3.3V    ; --         ;                 ; --       ; --           ;
; E4       ;            ;          ; GND                                                       ; gnd    ;              ;         ; --         ;                 ; --       ; --           ;
; E5       ; 1          ; 1        ; RESERVED_INPUT_WITH_WEAK_PULLUP                           ;        ;              ;         ; Row I/O    ;                 ; no       ; On           ;
; E6       ; 191        ; 8        ; SEG_SEL[1]                                                ; output ; 3.3-V LVTTL  ;         ; Column I/O ; Y               ; no       ; Off          ;
; E7       ; 190        ; 8        ; GPIO_1_out_zero_value[14]                                 ; output ; 3.3-V LVTTL  ;         ; Column I/O ; Y               ; no       ; Off          ;
; E8       ; 181        ; 8        ; GPIO_1_out_zero_value[16]                                 ; output ; 3.3-V LVTTL  ;         ; Column I/O ; Y               ; no       ; Off          ;
; E9       ; 174        ; 7        ; GPIO_1_input_pullup[16]                                   ; input  ; 3.3-V LVTTL  ;         ; Column I/O ; Y               ; no       ; On           ;
; E10      ; 158        ; 7        ; LED[0]                                                    ; output ; 3.3-V LVTTL  ;         ; Column I/O ; Y               ; no       ; Off          ;
; E11      ; 157        ; 7        ; RESERVED_INPUT_WITH_WEAK_PULLUP                           ;        ;              ;         ; Column I/O ;                 ; no       ; On           ;
; E12      ;            ;          ; GNDA2                                                     ; gnd    ;              ;         ; --         ;                 ; --       ; --           ;
; E13      ;            ;          ; GND                                                       ; gnd    ;              ;         ; --         ;                 ; --       ; --           ;
; E14      ;            ; 6        ; VCCIO6                                                    ; power  ;              ; 3.3V    ; --         ;                 ; --       ; --           ;
; E15      ; 128        ; 6        ; GND+                                                      ;        ;              ;         ; Row I/O    ;                 ; --       ; --           ;
; E16      ; 127        ; 6        ; KEY4_N                                                    ; input  ; 3.3-V LVTTL  ;         ; Row I/O    ; Y               ; no       ; Off          ;
; F1       ; 12         ; 1        ; RESERVED_INPUT_WITH_WEAK_PULLUP                           ;        ;              ;         ; Row I/O    ;                 ; no       ; On           ;
; F2       ; 11         ; 1        ; RESERVED_INPUT_WITH_WEAK_PULLUP                           ;        ;              ;         ; Row I/O    ;                 ; no       ; On           ;
; F3       ; 6          ; 1        ; RESERVED_INPUT_WITH_WEAK_PULLUP                           ;        ;              ;         ; Row I/O    ;                 ; --       ; --           ;
; F4       ; 9          ; 1        ; ^nSTATUS                                                  ;        ;              ;         ; --         ;                 ; --       ; --           ;
; F5       ; 2          ; 1        ; RESERVED_INPUT_WITH_WEAK_PULLUP                           ;        ;              ;         ; Row I/O    ;                 ; no       ; On           ;
; F6       ; 185        ; 8        ; RESERVED_INPUT_WITH_WEAK_PULLUP                           ;        ;              ;         ; Column I/O ;                 ; no       ; On           ;
; F7       ; 186        ; 8        ; RESERVED_INPUT_WITH_WEAK_PULLUP                           ;        ;              ;         ; Column I/O ;                 ; no       ; On           ;
; F8       ; 182        ; 8        ; GPIO_1_input_pullup[14]                                   ; input  ; 3.3-V LVTTL  ;         ; Column I/O ; Y               ; no       ; On           ;
; F9       ; 165        ; 7        ; LED[1]                                                    ; output ; 3.3-V LVTTL  ;         ; Column I/O ; Y               ; no       ; Off          ;
; F10      ; 164        ; 7        ; RESERVED_INPUT_WITH_WEAK_PULLUP                           ;        ;              ;         ; Column I/O ;                 ; no       ; On           ;
; F11      ; 166        ; 7        ; RESERVED_INPUT_WITH_WEAK_PULLUP                           ;        ;              ;         ; Column I/O ;                 ; no       ; On           ;
; F12      ;            ; --       ; VCCA2                                                     ; power  ;              ; 2.5V    ; --         ;                 ; --       ; --           ;
; F13      ; 138        ; 6        ; RESERVED_INPUT_WITH_WEAK_PULLUP                           ;        ;              ;         ; Row I/O    ;                 ; no       ; On           ;
; F14      ; 142        ; 6        ; RESERVED_INPUT_WITH_WEAK_PULLUP                           ;        ;              ;         ; Row I/O    ;                 ; --       ; --           ;
; F15      ; 140        ; 6        ; RESERVED_INPUT_WITH_WEAK_PULLUP                           ;        ;              ;         ; Row I/O    ;                 ; no       ; On           ;
; F16      ; 139        ; 6        ; ~ALTERA_nCEO~ / RESERVED_OUTPUT_OPEN_DRAIN                ; output ; 3.3-V LVTTL  ;         ; Row I/O    ; N               ; no       ; Off          ;
; G1       ; 14         ; 1        ; RESERVED_INPUT_WITH_WEAK_PULLUP                           ;        ;              ;         ; Row I/O    ;                 ; no       ; On           ;
; G2       ; 13         ; 1        ; RESERVED_INPUT_WITH_WEAK_PULLUP                           ;        ;              ;         ; Row I/O    ;                 ; no       ; On           ;
; G3       ;            ; 1        ; VCCIO1                                                    ; power  ;              ; 3.3V    ; --         ;                 ; --       ; --           ;
; G4       ;            ;          ; GND                                                       ; gnd    ;              ;         ; --         ;                 ; --       ; --           ;
; G5       ; 10         ; 1        ; RESERVED_INPUT_WITH_WEAK_PULLUP                           ;        ;              ;         ; Row I/O    ;                 ; no       ; On           ;
; G6       ;            ;          ; VCCINT                                                    ; power  ;              ; 1.2V    ; --         ;                 ; --       ; --           ;
; G7       ;            ;          ; VCCINT                                                    ; power  ;              ; 1.2V    ; --         ;                 ; --       ; --           ;
; G8       ;            ;          ; VCCINT                                                    ; power  ;              ; 1.2V    ; --         ;                 ; --       ; --           ;
; G9       ;            ;          ; VCCINT                                                    ; power  ;              ; 1.2V    ; --         ;                 ; --       ; --           ;
; G10      ;            ;          ; VCCINT                                                    ; power  ;              ; 1.2V    ; --         ;                 ; --       ; --           ;
; G11      ; 145        ; 6        ; RESERVED_INPUT_WITH_WEAK_PULLUP                           ;        ;              ;         ; Row I/O    ;                 ; no       ; On           ;
; G12      ; 132        ; 6        ; ^MSEL2                                                    ;        ;              ;         ; --         ;                 ; --       ; --           ;
; G12      ; 133        ; 6        ; ^MSEL3                                                    ;        ;              ;         ; --         ;                 ; --       ; --           ;
; G13      ;            ;          ; GND                                                       ; gnd    ;              ;         ; --         ;                 ; --       ; --           ;
; G14      ;            ; 6        ; VCCIO6                                                    ; power  ;              ; 3.3V    ; --         ;                 ; --       ; --           ;
; G15      ; 137        ; 6        ; RESERVED_INPUT_WITH_WEAK_PULLUP                           ;        ;              ;         ; Row I/O    ;                 ; no       ; On           ;
; G16      ; 136        ; 6        ; RESERVED_INPUT_WITH_WEAK_PULLUP                           ;        ;              ;         ; Row I/O    ;                 ; no       ; On           ;
; H1       ; 15         ; 1        ; ~ALTERA_DCLK~                                             ; output ; 3.3-V LVTTL  ;         ; Row I/O    ; N               ; no       ; On           ;
; H2       ; 16         ; 1        ; ~ALTERA_DATA0~ / RESERVED_INPUT_WITH_WEAK_PULLUP          ; input  ; 3.3-V LVTTL  ;         ; Row I/O    ; N               ; no       ; On           ;
; H3       ; 19         ; 1        ; #TCK                                                      ; input  ;              ;         ; --         ;                 ; --       ; --           ;
; H4       ; 18         ; 1        ; #TDI                                                      ; input  ;              ;         ; --         ;                 ; --       ; --           ;
; H5       ; 17         ; 1        ; ^nCONFIG                                                  ;        ;              ;         ; --         ;                 ; --       ; --           ;
; H6       ;            ;          ; VCCINT                                                    ; power  ;              ; 1.2V    ; --         ;                 ; --       ; --           ;
; H7       ;            ;          ; GND                                                       ; gnd    ;              ;         ; --         ;                 ; --       ; --           ;
; H8       ;            ;          ; GND                                                       ; gnd    ;              ;         ; --         ;                 ; --       ; --           ;
; H9       ;            ;          ; GND                                                       ; gnd    ;              ;         ; --         ;                 ; --       ; --           ;
; H10      ;            ;          ; GND                                                       ; gnd    ;              ;         ; --         ;                 ; --       ; --           ;
; H11      ;            ;          ; VCCINT                                                    ; power  ;              ; 1.2V    ; --         ;                 ; --       ; --           ;
; H12      ; 131        ; 6        ; ^MSEL1                                                    ;        ;              ;         ; --         ;                 ; --       ; --           ;
; H13      ; 130        ; 6        ; ^MSEL0                                                    ;        ;              ;         ; --         ;                 ; --       ; --           ;
; H14      ; 129        ; 6        ; ^CONF_DONE                                                ;        ;              ;         ; --         ;                 ; --       ; --           ;
; H15      ;            ;          ; GND                                                       ; gnd    ;              ;         ; --         ;                 ; --       ; --           ;
; H16      ;            ;          ; GND                                                       ; gnd    ;              ;         ; --         ;                 ; --       ; --           ;
; J1       ; 28         ; 2        ; RESERVED_INPUT_WITH_WEAK_PULLUP                           ;        ;              ;         ; Row I/O    ;                 ; no       ; On           ;
; J2       ; 27         ; 2        ; RESERVED_INPUT_WITH_WEAK_PULLUP                           ;        ;              ;         ; Row I/O    ;                 ; no       ; On           ;
; J3       ; 22         ; 1        ; ^nCE                                                      ;        ;              ;         ; --         ;                 ; --       ; --           ;
; J4       ; 21         ; 1        ; #TDO                                                      ; output ;              ;         ; --         ;                 ; --       ; --           ;
; J5       ; 20         ; 1        ; #TMS                                                      ; input  ;              ;         ; --         ;                 ; --       ; --           ;
; J6       ; 29         ; 2        ; RESERVED_INPUT_WITH_WEAK_PULLUP                           ;        ;              ;         ; Row I/O    ;                 ; no       ; On           ;
; J7       ;            ;          ; GND                                                       ; gnd    ;              ;         ; --         ;                 ; --       ; --           ;
; J8       ;            ;          ; GND                                                       ; gnd    ;              ;         ; --         ;                 ; --       ; --           ;
; J9       ;            ;          ; GND                                                       ; gnd    ;              ;         ; --         ;                 ; --       ; --           ;
; J10      ;            ;          ; GND                                                       ; gnd    ;              ;         ; --         ;                 ; --       ; --           ;
; J11      ; 117        ; 5        ; RESERVED_INPUT_WITH_WEAK_PULLUP                           ;        ;              ;         ; Row I/O    ;                 ; no       ; On           ;
; J12      ; 123        ; 5        ; RESERVED_INPUT_WITH_WEAK_PULLUP                           ;        ;              ;         ; Row I/O    ;                 ; no       ; On           ;
; J13      ; 124        ; 5        ; RESERVED_INPUT_WITH_WEAK_PULLUP                           ;        ;              ;         ; Row I/O    ;                 ; no       ; On           ;
; J14      ; 122        ; 5        ; RESERVED_INPUT_WITH_WEAK_PULLUP                           ;        ;              ;         ; Row I/O    ;                 ; no       ; On           ;
; J15      ; 121        ; 5        ; RESERVED_INPUT_WITH_WEAK_PULLUP                           ;        ;              ;         ; Row I/O    ;                 ; no       ; On           ;
; J16      ; 120        ; 5        ; RESERVED_INPUT_WITH_WEAK_PULLUP                           ;        ;              ;         ; Row I/O    ;                 ; no       ; On           ;
; K1       ; 33         ; 2        ; RESERVED_INPUT_WITH_WEAK_PULLUP                           ;        ;              ;         ; Row I/O    ;                 ; no       ; On           ;
; K2       ; 32         ; 2        ; RESERVED_INPUT_WITH_WEAK_PULLUP                           ;        ;              ;         ; Row I/O    ;                 ; no       ; On           ;
; K3       ;            ; 2        ; VCCIO2                                                    ; power  ;              ; 3.3V    ; --         ;                 ; --       ; --           ;
; K4       ;            ;          ; GND                                                       ; gnd    ;              ;         ; --         ;                 ; --       ; --           ;
; K5       ; 39         ; 2        ; RESERVED_INPUT_WITH_WEAK_PULLUP                           ;        ;              ;         ; Row I/O    ;                 ; no       ; On           ;
; K6       ; 30         ; 2        ; RESERVED_INPUT_WITH_WEAK_PULLUP                           ;        ;              ;         ; Row I/O    ;                 ; no       ; On           ;
; K7       ;            ;          ; VCCINT                                                    ; power  ;              ; 1.2V    ; --         ;                 ; --       ; --           ;
; K8       ; 60         ; 3        ; RESERVED_INPUT_WITH_WEAK_PULLUP                           ;        ;              ;         ; Column I/O ;                 ; no       ; On           ;
; K9       ; 76         ; 4        ; GPIO_0_input_pullup[2]                                    ; input  ; 3.3-V LVTTL  ;         ; Column I/O ; Y               ; no       ; On           ;
; K10      ; 87         ; 4        ; RESERVED_INPUT_WITH_WEAK_PULLUP                           ;        ;              ;         ; Column I/O ;                 ; no       ; On           ;
; K11      ; 110        ; 5        ; RESERVED_INPUT_WITH_WEAK_PULLUP                           ;        ;              ;         ; Row I/O    ;                 ; no       ; On           ;
; K12      ; 105        ; 5        ; RESERVED_INPUT_WITH_WEAK_PULLUP                           ;        ;              ;         ; Row I/O    ;                 ; no       ; On           ;
; K13      ;            ;          ; GND                                                       ; gnd    ;              ;         ; --         ;                 ; --       ; --           ;
; K14      ;            ; 5        ; VCCIO5                                                    ; power  ;              ; 3.3V    ; --         ;                 ; --       ; --           ;
; K15      ; 119        ; 5        ; RESERVED_INPUT_WITH_WEAK_PULLUP                           ;        ;              ;         ; Row I/O    ;                 ; no       ; On           ;
; K16      ; 118        ; 5        ; RESERVED_INPUT_WITH_WEAK_PULLUP                           ;        ;              ;         ; Row I/O    ;                 ; no       ; On           ;
; L1       ; 35         ; 2        ; RESERVED_INPUT_WITH_WEAK_PULLUP                           ;        ;              ;         ; Row I/O    ;                 ; no       ; On           ;
; L2       ; 34         ; 2        ; RESERVED_INPUT_WITH_WEAK_PULLUP                           ;        ;              ;         ; Row I/O    ;                 ; no       ; On           ;
; L3       ; 36         ; 2        ; RESERVED_INPUT_WITH_WEAK_PULLUP                           ;        ;              ;         ; Row I/O    ;                 ; --       ; --           ;
; L4       ; 40         ; 2        ; RESERVED_INPUT_WITH_WEAK_PULLUP                           ;        ;              ;         ; Row I/O    ;                 ; no       ; On           ;
; L5       ;            ; --       ; VCCA1                                                     ; power  ;              ; 2.5V    ; --         ;                 ; --       ; --           ;
; L6       ; 31         ; 2        ; RESERVED_INPUT_WITH_WEAK_PULLUP                           ;        ;              ;         ; Row I/O    ;                 ; no       ; On           ;
; L7       ; 65         ; 3        ; RESERVED_INPUT_WITH_WEAK_PULLUP                           ;        ;              ;         ; Column I/O ;                 ; no       ; On           ;
; L8       ; 68         ; 3        ; RESERVED_INPUT_WITH_WEAK_PULLUP                           ;        ;              ;         ; Column I/O ;                 ; no       ; On           ;
; L9       ; 77         ; 4        ; GPIO_0_out_zero_value[3]                                  ; output ; 3.3-V LVTTL  ;         ; Column I/O ; Y               ; no       ; Off          ;
; L10      ; 88         ; 4        ; GPIO_0_input_pullup[3]                                    ; input  ; 3.3-V LVTTL  ;         ; Column I/O ; Y               ; no       ; On           ;
; L11      ; 99         ; 4        ; RESERVED_INPUT_WITH_WEAK_PULLUP                           ;        ;              ;         ; Column I/O ;                 ; no       ; On           ;
; L12      ; 104        ; 5        ; RESERVED_INPUT_WITH_WEAK_PULLUP                           ;        ;              ;         ; Row I/O    ;                 ; no       ; On           ;
; L13      ; 114        ; 5        ; RESERVED_INPUT_WITH_WEAK_PULLUP                           ;        ;              ;         ; Row I/O    ;                 ; no       ; On           ;
; L14      ; 113        ; 5        ; RESERVED_INPUT_WITH_WEAK_PULLUP                           ;        ;              ;         ; Row I/O    ;                 ; --       ; --           ;
; L15      ; 116        ; 5        ; RESERVED_INPUT_WITH_WEAK_PULLUP                           ;        ;              ;         ; Row I/O    ;                 ; no       ; On           ;
; L16      ; 115        ; 5        ; RESERVED_INPUT_WITH_WEAK_PULLUP                           ;        ;              ;         ; Row I/O    ;                 ; no       ; On           ;
; M1       ; 26         ; 2        ; GND+                                                      ;        ;              ;         ; Row I/O    ;                 ; --       ; --           ;
; M2       ; 25         ; 2        ; GND+                                                      ;        ;              ;         ; Row I/O    ;                 ; --       ; --           ;
; M3       ;            ; 2        ; VCCIO2                                                    ; power  ;              ; 3.3V    ; --         ;                 ; --       ; --           ;
; M4       ;            ;          ; GND                                                       ; gnd    ;              ;         ; --         ;                 ; --       ; --           ;
; M5       ;            ;          ; GNDA1                                                     ; gnd    ;              ;         ; --         ;                 ; --       ; --           ;
; M6       ; 57         ; 3        ; RESERVED_INPUT_WITH_WEAK_PULLUP                           ;        ;              ;         ; Column I/O ;                 ; no       ; On           ;
; M7       ; 59         ; 3        ; RESERVED_INPUT_WITH_WEAK_PULLUP                           ;        ;              ;         ; Column I/O ;                 ; no       ; On           ;
; M8       ; 69         ; 3        ; RESERVED_INPUT_WITH_WEAK_PULLUP                           ;        ;              ;         ; Column I/O ;                 ; no       ; On           ;
; M9       ; 78         ; 4        ; GPIO_0_out_zero_value[4]                                  ; output ; 3.3-V LVTTL  ;         ; Column I/O ; Y               ; no       ; Off          ;
; M10      ; 93         ; 4        ; SEG_SEL[5]                                                ; output ; 3.3-V LVTTL  ;         ; Column I/O ; Y               ; no       ; Off          ;
; M11      ; 100        ; 4        ; SEG_SEL[2]                                                ; output ; 3.3-V LVTTL  ;         ; Column I/O ; Y               ; no       ; Off          ;
; M12      ; 103        ; 5        ; RESERVED_INPUT_WITH_WEAK_PULLUP                           ;        ;              ;         ; Row I/O    ;                 ; no       ; On           ;
; M13      ;            ;          ; GND                                                       ; gnd    ;              ;         ; --         ;                 ; --       ; --           ;
; M14      ;            ; 5        ; VCCIO5                                                    ; power  ;              ; 3.3V    ; --         ;                 ; --       ; --           ;
; M15      ; 126        ; 5        ; KEY2_N                                                    ; input  ; 3.3-V LVTTL  ;         ; Row I/O    ; Y               ; no       ; Off          ;
; M16      ; 125        ; 5        ; KEY3_N                                                    ; input  ; 3.3-V LVTTL  ;         ; Row I/O    ; Y               ; no       ; Off          ;
; N1       ; 38         ; 2        ; RESERVED_INPUT_WITH_WEAK_PULLUP                           ;        ;              ;         ; Row I/O    ;                 ; no       ; On           ;
; N2       ; 37         ; 2        ; GPIO_0_out_zero_value[0]                                  ; output ; 3.3-V LVTTL  ;         ; Row I/O    ; Y               ; no       ; Off          ;
; N3       ; 45         ; 3        ; RESERVED_INPUT_WITH_WEAK_PULLUP                           ;        ;              ;         ; Column I/O ;                 ; no       ; On           ;
; N4       ;            ;          ; VCCD_PLL1                                                 ; power  ;              ; 1.2V    ; --         ;                 ; --       ; --           ;
; N5       ; 55         ; 3        ; RESERVED_INPUT_WITH_WEAK_PULLUP                           ;        ;              ;         ; Column I/O ;                 ; no       ; On           ;
; N6       ; 56         ; 3        ; RESERVED_INPUT_WITH_WEAK_PULLUP                           ;        ;              ;         ; Column I/O ;                 ; no       ; On           ;
; N7       ;            ;          ; GND                                                       ; gnd    ;              ;         ; --         ;                 ; --       ; --           ;
; N8       ; 70         ; 3        ; RESERVED_INPUT_WITH_WEAK_PULLUP                           ;        ;              ;         ; Column I/O ;                 ; no       ; On           ;
; N9       ; 79         ; 4        ; SEG_SEL[7]                                                ; output ; 3.3-V LVTTL  ;         ; Column I/O ; Y               ; no       ; Off          ;
; N10      ;            ;          ; GND                                                       ; gnd    ;              ;         ; --         ;                 ; --       ; --           ;
; N11      ; 94         ; 4        ; SEG_SEL[4]                                                ; output ; 3.3-V LVTTL  ;         ; Column I/O ; Y               ; no       ; Off          ;
; N12      ; 101        ; 4        ; SEG_DATA[2]                                               ; output ; 3.3-V LVTTL  ;         ; Column I/O ; Y               ; no       ; Off          ;
; N13      ; 102        ; 5        ; RST_N                                                     ; input  ; 3.3-V LVTTL  ;         ; Row I/O    ; Y               ; no       ; Off          ;
; N14      ; 106        ; 5        ; RESERVED_INPUT_WITH_WEAK_PULLUP                           ;        ;              ;         ; Row I/O    ;                 ; no       ; On           ;
; N15      ; 112        ; 5        ; SEG_DATA[1]                                               ; output ; 3.3-V LVTTL  ;         ; Row I/O    ; Y               ; no       ; Off          ;
; N16      ; 111        ; 5        ; SEG_DATA[6]                                               ; output ; 3.3-V LVTTL  ;         ; Row I/O    ; Y               ; no       ; Off          ;
; P1       ; 44         ; 2        ; GPIO_0_input_pullup[0]                                    ; input  ; 3.3-V LVTTL  ;         ; Row I/O    ; Y               ; no       ; On           ;
; P2       ; 43         ; 2        ; GPIO_0_out_zero_value[1]                                  ; output ; 3.3-V LVTTL  ;         ; Row I/O    ; Y               ; no       ; Off          ;
; P3       ; 46         ; 3        ; GPIO_0_out_zero_value[5]                                  ; output ; 3.3-V LVTTL  ;         ; Column I/O ; Y               ; no       ; Off          ;
; P4       ;            ; 3        ; VCCIO3                                                    ; power  ;              ; 3.3V    ; --         ;                 ; --       ; --           ;
; P5       ;            ;          ; GND                                                       ; gnd    ;              ;         ; --         ;                 ; --       ; --           ;
; P6       ; 58         ; 3        ; RESERVED_INPUT_WITH_WEAK_PULLUP                           ;        ;              ;         ; Column I/O ;                 ; --       ; --           ;
; P7       ;            ; 3        ; VCCIO3                                                    ; power  ;              ; 3.3V    ; --         ;                 ; --       ; --           ;
; P8       ; 71         ; 3        ; GPIO_0_out_zero_value[2]                                  ; output ; 3.3-V LVTTL  ;         ; Column I/O ; Y               ; no       ; Off          ;
; P9       ; 89         ; 4        ; SEG_SEL[6]                                                ; output ; 3.3-V LVTTL  ;         ; Column I/O ; Y               ; no       ; Off          ;
; P10      ;            ; 4        ; VCCIO4                                                    ; power  ;              ; 3.3V    ; --         ;                 ; --       ; --           ;
; P11      ; 90         ; 4        ; SEG_SEL[3]                                                ; output ; 3.3-V LVTTL  ;         ; Column I/O ; Y               ; no       ; Off          ;
; P12      ;            ;          ; GND                                                       ; gnd    ;              ;         ; --         ;                 ; --       ; --           ;
; P13      ;            ; 4        ; VCCIO4                                                    ; power  ;              ; 3.3V    ; --         ;                 ; --       ; --           ;
; P14      ; 98         ; 4        ; RESERVED_INPUT_WITH_WEAK_PULLUP                           ;        ;              ;         ; Column I/O ;                 ; no       ; On           ;
; P15      ; 107        ; 5        ; SEG_DATA[3]                                               ; output ; 3.3-V LVTTL  ;         ; Row I/O    ; Y               ; no       ; Off          ;
; P16      ; 108        ; 5        ; SEG_DATA[5]                                               ; output ; 3.3-V LVTTL  ;         ; Row I/O    ; Y               ; no       ; Off          ;
; R1       ; 42         ; 2        ; GPIO_0_input_pullup[1]                                    ; input  ; 3.3-V LVTTL  ;         ; Row I/O    ; Y               ; no       ; On           ;
; R2       ;            ;          ; GND                                                       ; gnd    ;              ;         ; --         ;                 ; --       ; --           ;
; R3       ; 47         ; 3        ; GPIO_0_out_zero_value[6]                                  ; output ; 3.3-V LVTTL  ;         ; Column I/O ; Y               ; no       ; Off          ;
; R4       ; 53         ; 3        ; GPIO_0_out_zero_value[7]                                  ; output ; 3.3-V LVTTL  ;         ; Column I/O ; Y               ; no       ; Off          ;
; R5       ; 61         ; 3        ; GPIO_0_out_zero_value[8]                                  ; output ; 3.3-V LVTTL  ;         ; Column I/O ; Y               ; no       ; Off          ;
; R6       ; 63         ; 3        ; GPIO_0_out_zero_value[9]                                  ; output ; 3.3-V LVTTL  ;         ; Column I/O ; Y               ; no       ; Off          ;
; R7       ; 66         ; 3        ; GPIO_0_out_zero_value[10]                                 ; output ; 3.3-V LVTTL  ;         ; Column I/O ; Y               ; no       ; Off          ;
; R8       ; 72         ; 3        ; GPIO_0_out_zero_value[11]                                 ; output ; 3.3-V LVTTL  ;         ; Column I/O ; Y               ; no       ; Off          ;
; R9       ; 74         ; 4        ; GPIO_0_out_zero_value[12]                                 ; output ; 3.3-V LVTTL  ;         ; Column I/O ; Y               ; no       ; Off          ;
; R10      ; 80         ; 4        ; GPIO_0_out_zero_value[13]                                 ; output ; 3.3-V LVTTL  ;         ; Column I/O ; Y               ; no       ; Off          ;
; R11      ; 83         ; 4        ; GPIO_0_out_zero_value[14]                                 ; output ; 3.3-V LVTTL  ;         ; Column I/O ; Y               ; no       ; Off          ;
; R12      ; 85         ; 4        ; GPIO_0_out_zero_value[15]                                 ; output ; 3.3-V LVTTL  ;         ; Column I/O ; Y               ; no       ; Off          ;
; R13      ; 91         ; 4        ; GPIO_0_out_zero_value[16]                                 ; output ; 3.3-V LVTTL  ;         ; Column I/O ; Y               ; no       ; Off          ;
; R14      ; 97         ; 4        ; SEG_DATA[7]                                               ; output ; 3.3-V LVTTL  ;         ; Column I/O ; Y               ; no       ; Off          ;
; R15      ;            ;          ; GND                                                       ; gnd    ;              ;         ; --         ;                 ; --       ; --           ;
; R16      ; 109        ; 5        ; SEG_DATA[0]                                               ; output ; 3.3-V LVTTL  ;         ; Row I/O    ; Y               ; no       ; Off          ;
; T1       ;            ; 3        ; VCCIO3                                                    ; power  ;              ; 3.3V    ; --         ;                 ; --       ; --           ;
; T2       ; 52         ; 3        ; GPIO_0_input_pullup[4]                                    ; input  ; 3.3-V LVTTL  ;         ; Column I/O ; Y               ; no       ; On           ;
; T3       ; 48         ; 3        ; GPIO_0_input_pullup[5]                                    ; input  ; 3.3-V LVTTL  ;         ; Column I/O ; Y               ; no       ; On           ;
; T4       ; 54         ; 3        ; GPIO_0_input_pullup[6]                                    ; input  ; 3.3-V LVTTL  ;         ; Column I/O ; Y               ; no       ; On           ;
; T5       ; 62         ; 3        ; GPIO_0_input_pullup[7]                                    ; input  ; 3.3-V LVTTL  ;         ; Column I/O ; Y               ; no       ; On           ;
; T6       ; 64         ; 3        ; GPIO_0_input_pullup[8]                                    ; input  ; 3.3-V LVTTL  ;         ; Column I/O ; Y               ; no       ; On           ;
; T7       ; 67         ; 3        ; GPIO_0_input_pullup[9]                                    ; input  ; 3.3-V LVTTL  ;         ; Column I/O ; Y               ; no       ; On           ;
; T8       ; 73         ; 3        ; GPIO_0_input_pullup[10]                                   ; input  ; 3.3-V LVTTL  ;         ; Column I/O ; Y               ; no       ; On           ;
; T9       ; 75         ; 4        ; GPIO_0_input_pullup[11]                                   ; input  ; 3.3-V LVTTL  ;         ; Column I/O ; Y               ; no       ; On           ;
; T10      ; 81         ; 4        ; GPIO_0_input_pullup[12]                                   ; input  ; 3.3-V LVTTL  ;         ; Column I/O ; Y               ; no       ; On           ;
; T11      ; 84         ; 4        ; GPIO_0_input_pullup[13]                                   ; input  ; 3.3-V LVTTL  ;         ; Column I/O ; Y               ; no       ; On           ;
; T12      ; 86         ; 4        ; GPIO_0_input_pullup[14]                                   ; input  ; 3.3-V LVTTL  ;         ; Column I/O ; Y               ; no       ; On           ;
; T13      ; 92         ; 4        ; GPIO_0_input_pullup[15]                                   ; input  ; 3.3-V LVTTL  ;         ; Column I/O ; Y               ; no       ; On           ;
; T14      ; 95         ; 4        ; GPIO_0_input_pullup[16]                                   ; input  ; 3.3-V LVTTL  ;         ; Column I/O ; Y               ; no       ; On           ;
; T15      ; 96         ; 4        ; SEG_DATA[4]                                               ; output ; 3.3-V LVTTL  ;         ; Column I/O ; Y               ; no       ; Off          ;
; T16      ;            ; 4        ; VCCIO4                                                    ; power  ;              ; 3.3V    ; --         ;                 ; --       ; --           ;
+----------+------------+----------+-----------------------------------------------------------+--------+--------------+---------+------------+-----------------+----------+--------------+
Note: Pin directions (input, output or bidir) are based on device operating in user mode.


+----------------------------------------------------+
; I/O Assignment Warnings                            ;
+---------------------------+------------------------+
; Pin Name                  ; Reason                 ;
+---------------------------+------------------------+
; LED[0]                    ; Missing drive strength ;
; LED[1]                    ; Missing drive strength ;
; LED[2]                    ; Missing drive strength ;
; LED[3]                    ; Missing drive strength ;
; SEG_DATA[0]               ; Missing drive strength ;
; SEG_DATA[1]               ; Missing drive strength ;
; SEG_DATA[2]               ; Missing drive strength ;
; SEG_DATA[3]               ; Missing drive strength ;
; SEG_DATA[4]               ; Missing drive strength ;
; SEG_DATA[5]               ; Missing drive strength ;
; SEG_DATA[6]               ; Missing drive strength ;
; SEG_DATA[7]               ; Missing drive strength ;
; SEG_SEL[0]                ; Missing drive strength ;
; SEG_SEL[1]                ; Missing drive strength ;
; SEG_SEL[2]                ; Missing drive strength ;
; SEG_SEL[3]                ; Missing drive strength ;
; SEG_SEL[4]                ; Missing drive strength ;
; SEG_SEL[5]                ; Missing drive strength ;
; SEG_SEL[6]                ; Missing drive strength ;
; SEG_SEL[7]                ; Missing drive strength ;
; GPIO_0_out_zero_value[0]  ; Missing drive strength ;
; GPIO_0_out_zero_value[1]  ; Missing drive strength ;
; GPIO_0_out_zero_value[2]  ; Missing drive strength ;
; GPIO_0_out_zero_value[3]  ; Missing drive strength ;
; GPIO_0_out_zero_value[4]  ; Missing drive strength ;
; GPIO_0_out_zero_value[5]  ; Missing drive strength ;
; GPIO_0_out_zero_value[6]  ; Missing drive strength ;
; GPIO_0_out_zero_value[7]  ; Missing drive strength ;
; GPIO_0_out_zero_value[8]  ; Missing drive strength ;
; GPIO_0_out_zero_value[9]  ; Missing drive strength ;
; GPIO_0_out_zero_value[10] ; Missing drive strength ;
; GPIO_0_out_zero_value[11] ; Missing drive strength ;
; GPIO_0_out_zero_value[12] ; Missing drive strength ;
; GPIO_0_out_zero_value[13] ; Missing drive strength ;
; GPIO_0_out_zero_value[14] ; Missing drive strength ;
; GPIO_0_out_zero_value[15] ; Missing drive strength ;
; GPIO_0_out_zero_value[16] ; Missing drive strength ;
; GPIO_1_out_zero_value[0]  ; Missing drive strength ;
; GPIO_1_out_zero_value[1]  ; Missing drive strength ;
; GPIO_1_out_zero_value[2]  ; Missing drive strength ;
; GPIO_1_out_zero_value[3]  ; Missing drive strength ;
; GPIO_1_out_zero_value[4]  ; Missing drive strength ;
; GPIO_1_out_zero_value[5]  ; Missing drive strength ;
; GPIO_1_out_zero_value[6]  ; Missing drive strength ;
; GPIO_1_out_zero_value[7]  ; Missing drive strength ;
; GPIO_1_out_zero_value[8]  ; Missing drive strength ;
; GPIO_1_out_zero_value[9]  ; Missing drive strength ;
; GPIO_1_out_zero_value[10] ; Missing drive strength ;
; GPIO_1_out_zero_value[11] ; Missing drive strength ;
; GPIO_1_out_zero_value[12] ; Missing drive strength ;
; GPIO_1_out_zero_value[13] ; Missing drive strength ;
; GPIO_1_out_zero_value[14] ; Missing drive strength ;
; GPIO_1_out_zero_value[15] ; Missing drive strength ;
; GPIO_1_out_zero_value[16] ; Missing drive strength ;
+---------------------------+------------------------+


+---------------------------------------------------------------------------------------------------------------------------------------------------------------------------------------------------------------------------------------------------------------------------------------------------------------------------------------------------------------------------------+
; Fitter Resource Utilization by Entity                                                                                                                                                                                                                                                                                                                                           ;
+---------------------------------------+-------------+---------------------------+---------------+-------------+------+--------------+---------+-----------+------+--------------+--------------+-------------------+------------------+--------------------------------------------------------------------------------------------------+-----------------------+--------------+
; Compilation Hierarchy Node            ; Logic Cells ; Dedicated Logic Registers ; I/O Registers ; Memory Bits ; M9Ks ; DSP Elements ; DSP 9x9 ; DSP 18x18 ; Pins ; Virtual Pins ; LUT-Only LCs ; Register-Only LCs ; LUT/Register LCs ; Full Hierarchy Name                                                                              ; Entity Name           ; Library Name ;
+---------------------------------------+-------------+---------------------------+---------------+-------------+------+--------------+---------+-----------+------+--------------+--------------+-------------------+------------------+--------------------------------------------------------------------------------------------------+-----------------------+--------------+
; |fec_saylinx_board_top                ; 862 (260)   ; 448 (181)                 ; 0 (0)         ; 0           ; 0    ; 2            ; 0       ; 1         ; 93   ; 0            ; 414 (79)     ; 10 (2)            ; 438 (179)        ; |fec_saylinx_board_top                                                                           ; fec_saylinx_board_top ; work         ;
;    |bist_wrapper:bist_inst|           ; 152 (8)     ; 99 (0)                    ; 0 (0)         ; 0           ; 0    ; 0            ; 0       ; 0         ; 0    ; 0            ; 45 (0)       ; 0 (0)             ; 107 (8)          ; |fec_saylinx_board_top|bist_wrapper:bist_inst                                                    ; bist_wrapper          ; work         ;
;       |bist_ctrl:bist_ctrl_inst|      ; 78 (78)     ; 51 (51)                   ; 0 (0)         ; 0           ; 0    ; 0            ; 0       ; 0         ; 0    ; 0            ; 26 (26)      ; 0 (0)             ; 52 (52)          ; |fec_saylinx_board_top|bist_wrapper:bist_inst|bist_ctrl:bist_ctrl_inst                           ; bist_ctrl             ; work         ;
;       |crc8:crc8_inst|                ; 18 (18)     ; 8 (8)                     ; 0 (0)         ; 0           ; 0    ; 0            ; 0       ; 0         ; 0    ; 0            ; 10 (10)      ; 0 (0)             ; 8 (8)            ; |fec_saylinx_board_top|bist_wrapper:bist_inst|crc8:crc8_inst                                     ; crc8                  ; work         ;
;       |debounce:debounce_inst|        ; 32 (32)     ; 24 (24)                   ; 0 (0)         ; 0           ; 0    ; 0            ; 0       ; 0         ; 0    ; 0            ; 8 (8)        ; 0 (0)             ; 24 (24)          ; |fec_saylinx_board_top|bist_wrapper:bist_inst|debounce:debounce_inst                             ; debounce              ; work         ;
;       |lfsr8:lfsr1_inst|              ; 8 (8)       ; 8 (8)                     ; 0 (0)         ; 0           ; 0    ; 0            ; 0       ; 0         ; 0    ; 0            ; 0 (0)        ; 0 (0)             ; 8 (8)            ; |fec_saylinx_board_top|bist_wrapper:bist_inst|lfsr8:lfsr1_inst                                   ; lfsr8                 ; work         ;
;       |lfsr8:lfsr2_inst|              ; 9 (9)       ; 8 (8)                     ; 0 (0)         ; 0           ; 0    ; 0            ; 0       ; 0         ; 0    ; 0            ; 1 (1)        ; 0 (0)             ; 8 (8)            ; |fec_saylinx_board_top|bist_wrapper:bist_inst|lfsr8:lfsr2_inst                                   ; lfsr8                 ; work         ;
;    |morr_l2:calc_unit|                ; 386 (5)     ; 149 (4)                   ; 0 (0)         ; 0           ; 0    ; 2            ; 0       ; 1         ; 0    ; 0            ; 237 (1)      ; 8 (0)             ; 141 (6)          ; |fec_saylinx_board_top|morr_l2:calc_unit                                                         ; morr_l2               ; work         ;
;       |mult:mult_inst|                ; 105 (105)   ; 54 (54)                   ; 0 (0)         ; 0           ; 0    ; 0            ; 0       ; 0         ; 0    ; 0            ; 51 (51)      ; 0 (0)             ; 54 (54)          ; |fec_saylinx_board_top|morr_l2:calc_unit|mult:mult_inst                                          ; mult                  ; work         ;
;       |root3:root3_inst|              ; 276 (276)   ; 91 (91)                   ; 0 (0)         ; 0           ; 0    ; 2            ; 0       ; 1         ; 0    ; 0            ; 185 (185)    ; 8 (8)             ; 83 (83)          ; |fec_saylinx_board_top|morr_l2:calc_unit|root3:root3_inst                                        ; root3                 ; work         ;
;          |lpm_mult:Mult0|             ; 0 (0)       ; 0 (0)                     ; 0 (0)         ; 0           ; 0    ; 2            ; 0       ; 1         ; 0    ; 0            ; 0 (0)        ; 0 (0)             ; 0 (0)            ; |fec_saylinx_board_top|morr_l2:calc_unit|root3:root3_inst|lpm_mult:Mult0                         ; lpm_mult              ; work         ;
;             |mult_vct:auto_generated| ; 0 (0)       ; 0 (0)                     ; 0 (0)         ; 0           ; 0    ; 2            ; 0       ; 1         ; 0    ; 0            ; 0 (0)        ; 0 (0)             ; 0 (0)            ; |fec_saylinx_board_top|morr_l2:calc_unit|root3:root3_inst|lpm_mult:Mult0|mult_vct:auto_generated ; mult_vct              ; work         ;
;    |seg_display_ctrl:seg_ctrl|        ; 73 (59)     ; 19 (19)                   ; 0 (0)         ; 0           ; 0    ; 0            ; 0       ; 0         ; 0    ; 0            ; 53 (39)      ; 0 (0)             ; 20 (20)          ; |fec_saylinx_board_top|seg_display_ctrl:seg_ctrl                                                 ; seg_display_ctrl      ; work         ;
;       |hex_to_7seg:u_hex_to_7seg|     ; 14 (14)     ; 0 (0)                     ; 0 (0)         ; 0           ; 0    ; 0            ; 0       ; 0         ; 0    ; 0            ; 14 (14)      ; 0 (0)             ; 0 (0)            ; |fec_saylinx_board_top|seg_display_ctrl:seg_ctrl|hex_to_7seg:u_hex_to_7seg                       ; hex_to_7seg           ; work         ;
+---------------------------------------+-------------+---------------------------+---------------+-------------+------+--------------+---------+-----------+------+--------------+--------------+-------------------+------------------+--------------------------------------------------------------------------------------------------+-----------------------+--------------+
Note: For table entries with two numbers listed, the numbers in parentheses indicate the number of resources of the given type used by the specific entity alone. The numbers listed outside of parentheses indicate the total resources of the given type used by the specific entity and all of its sub-entities in the hierarchy.


+-----------------------------------------------------------------------------------------------------------+
; Delay Chain Summary                                                                                       ;
+---------------------------+----------+---------------+---------------+-----------------------+-----+------+
; Name                      ; Pin Type ; Pad to Core 0 ; Pad to Core 1 ; Pad to Input Register ; TCO ; TCOE ;
+---------------------------+----------+---------------+---------------+-----------------------+-----+------+
; LED[0]                    ; Output   ; --            ; --            ; --                    ; --  ; --   ;
; LED[1]                    ; Output   ; --            ; --            ; --                    ; --  ; --   ;
; LED[2]                    ; Output   ; --            ; --            ; --                    ; --  ; --   ;
; LED[3]                    ; Output   ; --            ; --            ; --                    ; --  ; --   ;
; SEG_DATA[0]               ; Output   ; --            ; --            ; --                    ; --  ; --   ;
; SEG_DATA[1]               ; Output   ; --            ; --            ; --                    ; --  ; --   ;
; SEG_DATA[2]               ; Output   ; --            ; --            ; --                    ; --  ; --   ;
; SEG_DATA[3]               ; Output   ; --            ; --            ; --                    ; --  ; --   ;
; SEG_DATA[4]               ; Output   ; --            ; --            ; --                    ; --  ; --   ;
; SEG_DATA[5]               ; Output   ; --            ; --            ; --                    ; --  ; --   ;
; SEG_DATA[6]               ; Output   ; --            ; --            ; --                    ; --  ; --   ;
; SEG_DATA[7]               ; Output   ; --            ; --            ; --                    ; --  ; --   ;
; SEG_SEL[0]                ; Output   ; --            ; --            ; --                    ; --  ; --   ;
; SEG_SEL[1]                ; Output   ; --            ; --            ; --                    ; --  ; --   ;
; SEG_SEL[2]                ; Output   ; --            ; --            ; --                    ; --  ; --   ;
; SEG_SEL[3]                ; Output   ; --            ; --            ; --                    ; --  ; --   ;
; SEG_SEL[4]                ; Output   ; --            ; --            ; --                    ; --  ; --   ;
; SEG_SEL[5]                ; Output   ; --            ; --            ; --                    ; --  ; --   ;
; SEG_SEL[6]                ; Output   ; --            ; --            ; --                    ; --  ; --   ;
; SEG_SEL[7]                ; Output   ; --            ; --            ; --                    ; --  ; --   ;
; GPIO_0_out_zero_value[0]  ; Output   ; --            ; --            ; --                    ; --  ; --   ;
; GPIO_0_out_zero_value[1]  ; Output   ; --            ; --            ; --                    ; --  ; --   ;
; GPIO_0_out_zero_value[2]  ; Output   ; --            ; --            ; --                    ; --  ; --   ;
; GPIO_0_out_zero_value[3]  ; Output   ; --            ; --            ; --                    ; --  ; --   ;
; GPIO_0_out_zero_value[4]  ; Output   ; --            ; --            ; --                    ; --  ; --   ;
; GPIO_0_out_zero_value[5]  ; Output   ; --            ; --            ; --                    ; --  ; --   ;
; GPIO_0_out_zero_value[6]  ; Output   ; --            ; --            ; --                    ; --  ; --   ;
; GPIO_0_out_zero_value[7]  ; Output   ; --            ; --            ; --                    ; --  ; --   ;
; GPIO_0_out_zero_value[8]  ; Output   ; --            ; --            ; --                    ; --  ; --   ;
; GPIO_0_out_zero_value[9]  ; Output   ; --            ; --            ; --                    ; --  ; --   ;
; GPIO_0_out_zero_value[10] ; Output   ; --            ; --            ; --                    ; --  ; --   ;
; GPIO_0_out_zero_value[11] ; Output   ; --            ; --            ; --                    ; --  ; --   ;
; GPIO_0_out_zero_value[12] ; Output   ; --            ; --            ; --                    ; --  ; --   ;
; GPIO_0_out_zero_value[13] ; Output   ; --            ; --            ; --                    ; --  ; --   ;
; GPIO_0_out_zero_value[14] ; Output   ; --            ; --            ; --                    ; --  ; --   ;
; GPIO_0_out_zero_value[15] ; Output   ; --            ; --            ; --                    ; --  ; --   ;
; GPIO_0_out_zero_value[16] ; Output   ; --            ; --            ; --                    ; --  ; --   ;
; GPIO_0_input_pullup[16]   ; Input    ; --            ; --            ; --                    ; --  ; --   ;
; GPIO_1_out_zero_value[0]  ; Output   ; --            ; --            ; --                    ; --  ; --   ;
; GPIO_1_out_zero_value[1]  ; Output   ; --            ; --            ; --                    ; --  ; --   ;
; GPIO_1_out_zero_value[2]  ; Output   ; --            ; --            ; --                    ; --  ; --   ;
; GPIO_1_out_zero_value[3]  ; Output   ; --            ; --            ; --                    ; --  ; --   ;
; GPIO_1_out_zero_value[4]  ; Output   ; --            ; --            ; --                    ; --  ; --   ;
; GPIO_1_out_zero_value[5]  ; Output   ; --            ; --            ; --                    ; --  ; --   ;
; GPIO_1_out_zero_value[6]  ; Output   ; --            ; --            ; --                    ; --  ; --   ;
; GPIO_1_out_zero_value[7]  ; Output   ; --            ; --            ; --                    ; --  ; --   ;
; GPIO_1_out_zero_value[8]  ; Output   ; --            ; --            ; --                    ; --  ; --   ;
; GPIO_1_out_zero_value[9]  ; Output   ; --            ; --            ; --                    ; --  ; --   ;
; GPIO_1_out_zero_value[10] ; Output   ; --            ; --            ; --                    ; --  ; --   ;
; GPIO_1_out_zero_value[11] ; Output   ; --            ; --            ; --                    ; --  ; --   ;
; GPIO_1_out_zero_value[12] ; Output   ; --            ; --            ; --                    ; --  ; --   ;
; GPIO_1_out_zero_value[13] ; Output   ; --            ; --            ; --                    ; --  ; --   ;
; GPIO_1_out_zero_value[14] ; Output   ; --            ; --            ; --                    ; --  ; --   ;
; GPIO_1_out_zero_value[15] ; Output   ; --            ; --            ; --                    ; --  ; --   ;
; GPIO_1_out_zero_value[16] ; Output   ; --            ; --            ; --                    ; --  ; --   ;
; GPIO_1_input_pullup[0]    ; Input    ; --            ; --            ; --                    ; --  ; --   ;
; GPIO_1_input_pullup[1]    ; Input    ; --            ; --            ; --                    ; --  ; --   ;
; GPIO_1_input_pullup[2]    ; Input    ; --            ; --            ; --                    ; --  ; --   ;
; GPIO_1_input_pullup[3]    ; Input    ; --            ; --            ; --                    ; --  ; --   ;
; GPIO_1_input_pullup[4]    ; Input    ; --            ; --            ; --                    ; --  ; --   ;
; GPIO_1_input_pullup[5]    ; Input    ; --            ; --            ; --                    ; --  ; --   ;
; GPIO_1_input_pullup[6]    ; Input    ; --            ; --            ; --                    ; --  ; --   ;
; GPIO_1_input_pullup[7]    ; Input    ; --            ; --            ; --                    ; --  ; --   ;
; GPIO_1_input_pullup[8]    ; Input    ; --            ; --            ; --                    ; --  ; --   ;
; GPIO_1_input_pullup[9]    ; Input    ; --            ; --            ; --                    ; --  ; --   ;
; GPIO_1_input_pullup[10]   ; Input    ; --            ; --            ; --                    ; --  ; --   ;
; GPIO_1_input_pullup[11]   ; Input    ; --            ; --            ; --                    ; --  ; --   ;
; GPIO_1_input_pullup[12]   ; Input    ; --            ; --            ; --                    ; --  ; --   ;
; GPIO_1_input_pullup[13]   ; Input    ; --            ; --            ; --                    ; --  ; --   ;
; GPIO_1_input_pullup[14]   ; Input    ; --            ; --            ; --                    ; --  ; --   ;
; GPIO_1_input_pullup[15]   ; Input    ; --            ; --            ; --                    ; --  ; --   ;
; GPIO_1_input_pullup[16]   ; Input    ; --            ; --            ; --                    ; --  ; --   ;
; CLK                       ; Input    ; (0) 0 ps      ; --            ; --                    ; --  ; --   ;
; RST_N                     ; Input    ; (6) 1314 ps   ; --            ; --                    ; --  ; --   ;
; GPIO_0_input_pullup[13]   ; Input    ; --            ; (6) 1314 ps   ; --                    ; --  ; --   ;
; GPIO_0_input_pullup[5]    ; Input    ; (6) 1314 ps   ; (6) 1314 ps   ; --                    ; --  ; --   ;
; GPIO_0_input_pullup[1]    ; Input    ; (6) 1314 ps   ; (6) 1314 ps   ; --                    ; --  ; --   ;
; GPIO_0_input_pullup[9]    ; Input    ; (6) 1314 ps   ; --            ; --                    ; --  ; --   ;
; GPIO_0_input_pullup[14]   ; Input    ; (6) 1314 ps   ; --            ; --                    ; --  ; --   ;
; GPIO_0_input_pullup[6]    ; Input    ; (6) 1314 ps   ; (6) 1314 ps   ; --                    ; --  ; --   ;
; GPIO_0_input_pullup[2]    ; Input    ; (6) 1314 ps   ; (6) 1314 ps   ; --                    ; --  ; --   ;
; GPIO_0_input_pullup[10]   ; Input    ; --            ; (6) 1314 ps   ; --                    ; --  ; --   ;
; GPIO_0_input_pullup[3]    ; Input    ; (6) 1314 ps   ; (6) 1314 ps   ; --                    ; --  ; --   ;
; GPIO_0_input_pullup[15]   ; Input    ; --            ; (6) 1314 ps   ; --                    ; --  ; --   ;
; GPIO_0_input_pullup[7]    ; Input    ; (6) 1314 ps   ; (6) 1314 ps   ; --                    ; --  ; --   ;
; GPIO_0_input_pullup[11]   ; Input    ; (6) 1314 ps   ; --            ; --                    ; --  ; --   ;
; GPIO_0_input_pullup[0]    ; Input    ; (6) 1314 ps   ; (6) 1314 ps   ; --                    ; --  ; --   ;
; GPIO_0_input_pullup[12]   ; Input    ; (6) 1314 ps   ; --            ; --                    ; --  ; --   ;
; GPIO_0_input_pullup[4]    ; Input    ; (6) 1314 ps   ; (6) 1314 ps   ; --                    ; --  ; --   ;
; GPIO_0_input_pullup[8]    ; Input    ; (6) 1314 ps   ; --            ; --                    ; --  ; --   ;
; KEY2_N                    ; Input    ; (0) 0 ps      ; --            ; --                    ; --  ; --   ;
; KEY4_N                    ; Input    ; (0) 0 ps      ; --            ; --                    ; --  ; --   ;
; KEY3_N                    ; Input    ; (0) 0 ps      ; --            ; --                    ; --  ; --   ;
+---------------------------+----------+---------------+---------------+-----------------------+-----+------+


+-------------------------------------------------------------------------------------------------------------------------+
; Pad To Core Delay Chain Fanout                                                                                          ;
+-------------------------------------------------------------------------------------------+-------------------+---------+
; Source Pin / Fanout                                                                       ; Pad To Core Index ; Setting ;
+-------------------------------------------------------------------------------------------+-------------------+---------+
; GPIO_0_input_pullup[16]                                                                   ;                   ;         ;
; GPIO_1_input_pullup[0]                                                                    ;                   ;         ;
; GPIO_1_input_pullup[1]                                                                    ;                   ;         ;
; GPIO_1_input_pullup[2]                                                                    ;                   ;         ;
; GPIO_1_input_pullup[3]                                                                    ;                   ;         ;
; GPIO_1_input_pullup[4]                                                                    ;                   ;         ;
; GPIO_1_input_pullup[5]                                                                    ;                   ;         ;
; GPIO_1_input_pullup[6]                                                                    ;                   ;         ;
; GPIO_1_input_pullup[7]                                                                    ;                   ;         ;
; GPIO_1_input_pullup[8]                                                                    ;                   ;         ;
; GPIO_1_input_pullup[9]                                                                    ;                   ;         ;
; GPIO_1_input_pullup[10]                                                                   ;                   ;         ;
; GPIO_1_input_pullup[11]                                                                   ;                   ;         ;
; GPIO_1_input_pullup[12]                                                                   ;                   ;         ;
; GPIO_1_input_pullup[13]                                                                   ;                   ;         ;
; GPIO_1_input_pullup[14]                                                                   ;                   ;         ;
; GPIO_1_input_pullup[15]                                                                   ;                   ;         ;
; GPIO_1_input_pullup[16]                                                                   ;                   ;         ;
; CLK                                                                                       ;                   ;         ;
; RST_N                                                                                     ;                   ;         ;
;      - display_value[8]                                                                   ; 0                 ; 6       ;
;      - display_value[9]                                                                   ; 0                 ; 6       ;
;      - display_value[10]                                                                  ; 0                 ; 6       ;
;      - display_value[11]                                                                  ; 0                 ; 6       ;
;      - display_value[12]                                                                  ; 0                 ; 6       ;
;      - display_value[13]                                                                  ; 0                 ; 6       ;
;      - display_value[14]                                                                  ; 0                 ; 6       ;
;      - display_value[15]                                                                  ; 0                 ; 6       ;
;      - bist_wrapper:bist_inst|bist_ctrl:bist_ctrl_inst|test_mode_reg                      ; 0                 ; 6       ;
;      - bist_wrapper:bist_inst|crc8:crc8_inst|crc_reg[0]                                   ; 0                 ; 6       ;
;      - morr_l2:calc_unit|mult:mult_inst|y_bo[0]                                           ; 0                 ; 6       ;
;      - morr_l2:calc_unit|mult:mult_inst|y_bo[1]                                           ; 0                 ; 6       ;
;      - morr_l2:calc_unit|mult:mult_inst|y_bo[2]                                           ; 0                 ; 6       ;
;      - morr_l2:calc_unit|mult:mult_inst|y_bo[3]                                           ; 0                 ; 6       ;
;      - morr_l2:calc_unit|mult:mult_inst|y_bo[4]                                           ; 0                 ; 6       ;
;      - morr_l2:calc_unit|mult:mult_inst|y_bo[6]                                           ; 0                 ; 6       ;
;      - morr_l2:calc_unit|mult:mult_inst|y_bo[7]                                           ; 0                 ; 6       ;
;      - seg_display_ctrl:seg_ctrl|digit_idx[0]                                             ; 0                 ; 6       ;
;      - seg_display_ctrl:seg_ctrl|digit_idx[1]                                             ; 0                 ; 6       ;
;      - seg_display_ctrl:seg_ctrl|digit_idx[2]                                             ; 0                 ; 6       ;
;      - bist_wrapper:bist_inst|crc8:crc8_inst|crc_reg[1]                                   ; 0                 ; 6       ;
;      - bist_wrapper:bist_inst|crc8:crc8_inst|crc_reg[2]                                   ; 0                 ; 6       ;
;      - bist_wrapper:bist_inst|crc8:crc8_inst|crc_reg[3]                                   ; 0                 ; 6       ;
;      - display_value[16]                                                                  ; 0                 ; 6       ;
;      - bist_wrapper:bist_inst|crc8:crc8_inst|crc_reg[7]                                   ; 0                 ; 6       ;
;      - bist_wrapper:bist_inst|crc8:crc8_inst|crc_reg[5]                                   ; 0                 ; 6       ;
;      - bist_wrapper:bist_inst|crc8:crc8_inst|crc_reg[6]                                   ; 0                 ; 6       ;
;      - bist_wrapper:bist_inst|crc8:crc8_inst|crc_reg[4]                                   ; 0                 ; 6       ;
;      - bist_wrapper:bist_inst|lfsr8:lfsr2_inst|lfsr_reg[0]                                ; 0                 ; 6       ;
;      - bist_wrapper:bist_inst|lfsr8:lfsr1_inst|lfsr_reg[0]                                ; 0                 ; 6       ;
;      - display_mode.MODE_SHOW_A                                                           ; 0                 ; 6       ;
;      - bist_wrapper:bist_inst|bist_ctrl:bist_ctrl_inst|state.ST_TEST_INIT                 ; 0                 ; 6       ;
;      - bist_wrapper:bist_inst|bist_ctrl:bist_ctrl_inst|state.ST_TEST_CRC                  ; 0                 ; 6       ;
;      - bist_wrapper:bist_inst|bist_ctrl:bist_ctrl_inst|iteration_cnt[8]                   ; 0                 ; 6       ;
;      - bist_wrapper:bist_inst|bist_ctrl:bist_ctrl_inst|test_count_reg[7]                  ; 0                 ; 6       ;
;      - bist_wrapper:bist_inst|bist_ctrl:bist_ctrl_inst|iteration_cnt[7]                   ; 0                 ; 6       ;
;      - bist_wrapper:bist_inst|bist_ctrl:bist_ctrl_inst|test_count_reg[6]                  ; 0                 ; 6       ;
;      - bist_wrapper:bist_inst|bist_ctrl:bist_ctrl_inst|iteration_cnt[6]                   ; 0                 ; 6       ;
;      - bist_wrapper:bist_inst|bist_ctrl:bist_ctrl_inst|test_count_reg[5]                  ; 0                 ; 6       ;
;      - bist_wrapper:bist_inst|bist_ctrl:bist_ctrl_inst|iteration_cnt[5]                   ; 0                 ; 6       ;
;      - bist_wrapper:bist_inst|bist_ctrl:bist_ctrl_inst|test_count_reg[4]                  ; 0                 ; 6       ;
;      - bist_wrapper:bist_inst|bist_ctrl:bist_ctrl_inst|iteration_cnt[4]                   ; 0                 ; 6       ;
;      - bist_wrapper:bist_inst|bist_ctrl:bist_ctrl_inst|test_count_reg[3]                  ; 0                 ; 6       ;
;      - bist_wrapper:bist_inst|bist_ctrl:bist_ctrl_inst|iteration_cnt[3]                   ; 0                 ; 6       ;
;      - bist_wrapper:bist_inst|bist_ctrl:bist_ctrl_inst|test_count_reg[2]                  ; 0                 ; 6       ;
;      - bist_wrapper:bist_inst|bist_ctrl:bist_ctrl_inst|iteration_cnt[2]                   ; 0                 ; 6       ;
;      - bist_wrapper:bist_inst|bist_ctrl:bist_ctrl_inst|test_count_reg[1]                  ; 0                 ; 6       ;
;      - bist_wrapper:bist_inst|bist_ctrl:bist_ctrl_inst|iteration_cnt[1]                   ; 0                 ; 6       ;
;      - bist_wrapper:bist_inst|bist_ctrl:bist_ctrl_inst|iteration_cnt[0]                   ; 0                 ; 6       ;
;      - bist_wrapper:bist_inst|bist_ctrl:bist_ctrl_inst|delay_cnt[6]                       ; 0                 ; 6       ;
;      - bist_wrapper:bist_inst|bist_ctrl:bist_ctrl_inst|delay_cnt[7]                       ; 0                 ; 6       ;
;      - bist_wrapper:bist_inst|bist_ctrl:bist_ctrl_inst|delay_cnt[8]                       ; 0                 ; 6       ;
;      - bist_wrapper:bist_inst|bist_ctrl:bist_ctrl_inst|delay_cnt[9]                       ; 0                 ; 6       ;
;      - bist_wrapper:bist_inst|bist_ctrl:bist_ctrl_inst|delay_cnt[10]                      ; 0                 ; 6       ;
;      - bist_wrapper:bist_inst|bist_ctrl:bist_ctrl_inst|delay_cnt[11]                      ; 0                 ; 6       ;
;      - bist_wrapper:bist_inst|bist_ctrl:bist_ctrl_inst|delay_cnt[12]                      ; 0                 ; 6       ;
;      - bist_wrapper:bist_inst|bist_ctrl:bist_ctrl_inst|delay_cnt[13]                      ; 0                 ; 6       ;
;      - bist_wrapper:bist_inst|bist_ctrl:bist_ctrl_inst|delay_cnt[14]                      ; 0                 ; 6       ;
;      - bist_wrapper:bist_inst|bist_ctrl:bist_ctrl_inst|delay_cnt[15]                      ; 0                 ; 6       ;
;      - bist_wrapper:bist_inst|bist_ctrl:bist_ctrl_inst|delay_cnt[16]                      ; 0                 ; 6       ;
;      - bist_wrapper:bist_inst|bist_ctrl:bist_ctrl_inst|delay_cnt[17]                      ; 0                 ; 6       ;
;      - bist_wrapper:bist_inst|bist_ctrl:bist_ctrl_inst|delay_cnt[18]                      ; 0                 ; 6       ;
;      - bist_wrapper:bist_inst|bist_ctrl:bist_ctrl_inst|delay_cnt[19]                      ; 0                 ; 6       ;
;      - bist_wrapper:bist_inst|bist_ctrl:bist_ctrl_inst|delay_cnt[20]                      ; 0                 ; 6       ;
;      - bist_wrapper:bist_inst|bist_ctrl:bist_ctrl_inst|delay_cnt[21]                      ; 0                 ; 6       ;
;      - bist_wrapper:bist_inst|bist_ctrl:bist_ctrl_inst|delay_cnt[22]                      ; 0                 ; 6       ;
;      - bist_wrapper:bist_inst|bist_ctrl:bist_ctrl_inst|delay_cnt[23]                      ; 0                 ; 6       ;
;      - bist_wrapper:bist_inst|bist_ctrl:bist_ctrl_inst|delay_cnt[24]                      ; 0                 ; 6       ;
;      - debounce_cnt2[0]                                                                   ; 0                 ; 6       ;
;      - debounce_cnt2[1]                                                                   ; 0                 ; 6       ;
;      - debounce_cnt2[2]                                                                   ; 0                 ; 6       ;
;      - debounce_cnt2[3]                                                                   ; 0                 ; 6       ;
;      - debounce_cnt2[4]                                                                   ; 0                 ; 6       ;
;      - debounce_cnt2[5]                                                                   ; 0                 ; 6       ;
;      - debounce_cnt2[6]                                                                   ; 0                 ; 6       ;
;      - debounce_cnt2[7]                                                                   ; 0                 ; 6       ;
;      - debounce_cnt2[8]                                                                   ; 0                 ; 6       ;
;      - debounce_cnt2[9]                                                                   ; 0                 ; 6       ;
;      - debounce_cnt2[10]                                                                  ; 0                 ; 6       ;
;      - debounce_cnt2[11]                                                                  ; 0                 ; 6       ;
;      - debounce_cnt2[12]                                                                  ; 0                 ; 6       ;
;      - debounce_cnt2[13]                                                                  ; 0                 ; 6       ;
;      - debounce_cnt2[14]                                                                  ; 0                 ; 6       ;
;      - debounce_cnt2[15]                                                                  ; 0                 ; 6       ;
;      - debounce_cnt2[16]                                                                  ; 0                 ; 6       ;
;      - debounce_cnt2[17]                                                                  ; 0                 ; 6       ;
;      - debounce_cnt2[18]                                                                  ; 0                 ; 6       ;
;      - debounce_cnt2[19]                                                                  ; 0                 ; 6       ;
;      - double_click_timer2[6]                                                             ; 0                 ; 6       ;
;      - double_click_timer2[7]                                                             ; 0                 ; 6       ;
;      - double_click_timer2[8]                                                             ; 0                 ; 6       ;
;      - double_click_timer2[9]                                                             ; 0                 ; 6       ;
;      - double_click_timer2[10]                                                            ; 0                 ; 6       ;
;      - double_click_timer2[11]                                                            ; 0                 ; 6       ;
;      - double_click_timer2[12]                                                            ; 0                 ; 6       ;
;      - double_click_timer2[13]                                                            ; 0                 ; 6       ;
;      - double_click_timer2[14]                                                            ; 0                 ; 6       ;
;      - double_click_timer2[15]                                                            ; 0                 ; 6       ;
;      - double_click_timer2[16]                                                            ; 0                 ; 6       ;
;      - double_click_timer2[17]                                                            ; 0                 ; 6       ;
;      - double_click_timer2[18]                                                            ; 0                 ; 6       ;
;      - double_click_timer2[19]                                                            ; 0                 ; 6       ;
;      - double_click_timer2[20]                                                            ; 0                 ; 6       ;
;      - double_click_timer2[21]                                                            ; 0                 ; 6       ;
;      - double_click_timer2[22]                                                            ; 0                 ; 6       ;
;      - double_click_timer2[23]                                                            ; 0                 ; 6       ;
;      - double_click_timer2[24]                                                            ; 0                 ; 6       ;
;      - debounce_cnt3[0]                                                                   ; 0                 ; 6       ;
;      - debounce_cnt3[1]                                                                   ; 0                 ; 6       ;
;      - debounce_cnt3[2]                                                                   ; 0                 ; 6       ;
;      - debounce_cnt3[3]                                                                   ; 0                 ; 6       ;
;      - debounce_cnt3[4]                                                                   ; 0                 ; 6       ;
;      - debounce_cnt3[5]                                                                   ; 0                 ; 6       ;
;      - debounce_cnt3[6]                                                                   ; 0                 ; 6       ;
;      - debounce_cnt3[7]                                                                   ; 0                 ; 6       ;
;      - debounce_cnt3[8]                                                                   ; 0                 ; 6       ;
;      - debounce_cnt3[9]                                                                   ; 0                 ; 6       ;
;      - debounce_cnt3[10]                                                                  ; 0                 ; 6       ;
;      - debounce_cnt3[11]                                                                  ; 0                 ; 6       ;
;      - debounce_cnt3[12]                                                                  ; 0                 ; 6       ;
;      - debounce_cnt3[13]                                                                  ; 0                 ; 6       ;
;      - debounce_cnt3[14]                                                                  ; 0                 ; 6       ;
;      - debounce_cnt3[15]                                                                  ; 0                 ; 6       ;
;      - debounce_cnt3[16]                                                                  ; 0                 ; 6       ;
;      - debounce_cnt3[17]                                                                  ; 0                 ; 6       ;
;      - debounce_cnt3[18]                                                                  ; 0                 ; 6       ;
;      - debounce_cnt3[19]                                                                  ; 0                 ; 6       ;
;      - double_click_timer3[6]                                                             ; 0                 ; 6       ;
;      - double_click_timer3[7]                                                             ; 0                 ; 6       ;
;      - double_click_timer3[8]                                                             ; 0                 ; 6       ;
;      - double_click_timer3[9]                                                             ; 0                 ; 6       ;
;      - double_click_timer3[10]                                                            ; 0                 ; 6       ;
;      - double_click_timer3[11]                                                            ; 0                 ; 6       ;
;      - double_click_timer3[12]                                                            ; 0                 ; 6       ;
;      - double_click_timer3[13]                                                            ; 0                 ; 6       ;
;      - double_click_timer3[14]                                                            ; 0                 ; 6       ;
;      - double_click_timer3[15]                                                            ; 0                 ; 6       ;
;      - double_click_timer3[16]                                                            ; 0                 ; 6       ;
;      - double_click_timer3[17]                                                            ; 0                 ; 6       ;
;      - double_click_timer3[18]                                                            ; 0                 ; 6       ;
;      - double_click_timer3[19]                                                            ; 0                 ; 6       ;
;      - double_click_timer3[20]                                                            ; 0                 ; 6       ;
;      - double_click_timer3[21]                                                            ; 0                 ; 6       ;
;      - double_click_timer3[22]                                                            ; 0                 ; 6       ;
;      - double_click_timer3[23]                                                            ; 0                 ; 6       ;
;      - double_click_timer3[24]                                                            ; 0                 ; 6       ;
;      - debounce_cnt4[0]                                                                   ; 0                 ; 6       ;
;      - debounce_cnt4[1]                                                                   ; 0                 ; 6       ;
;      - debounce_cnt4[2]                                                                   ; 0                 ; 6       ;
;      - debounce_cnt4[3]                                                                   ; 0                 ; 6       ;
;      - debounce_cnt4[4]                                                                   ; 0                 ; 6       ;
;      - debounce_cnt4[5]                                                                   ; 0                 ; 6       ;
;      - debounce_cnt4[6]                                                                   ; 0                 ; 6       ;
;      - debounce_cnt4[7]                                                                   ; 0                 ; 6       ;
;      - debounce_cnt4[8]                                                                   ; 0                 ; 6       ;
;      - debounce_cnt4[9]                                                                   ; 0                 ; 6       ;
;      - debounce_cnt4[10]                                                                  ; 0                 ; 6       ;
;      - debounce_cnt4[11]                                                                  ; 0                 ; 6       ;
;      - debounce_cnt4[12]                                                                  ; 0                 ; 6       ;
;      - debounce_cnt4[13]                                                                  ; 0                 ; 6       ;
;      - debounce_cnt4[14]                                                                  ; 0                 ; 6       ;
;      - debounce_cnt4[15]                                                                  ; 0                 ; 6       ;
;      - debounce_cnt4[16]                                                                  ; 0                 ; 6       ;
;      - debounce_cnt4[17]                                                                  ; 0                 ; 6       ;
;      - debounce_cnt4[18]                                                                  ; 0                 ; 6       ;
;      - debounce_cnt4[19]                                                                  ; 0                 ; 6       ;
;      - double_click_timer4[6]                                                             ; 0                 ; 6       ;
;      - double_click_timer4[7]                                                             ; 0                 ; 6       ;
;      - double_click_timer4[8]                                                             ; 0                 ; 6       ;
;      - double_click_timer4[9]                                                             ; 0                 ; 6       ;
;      - double_click_timer4[10]                                                            ; 0                 ; 6       ;
;      - double_click_timer4[11]                                                            ; 0                 ; 6       ;
;      - double_click_timer4[12]                                                            ; 0                 ; 6       ;
;      - double_click_timer4[13]                                                            ; 0                 ; 6       ;
;      - double_click_timer4[14]                                                            ; 0                 ; 6       ;
;      - double_click_timer4[15]                                                            ; 0                 ; 6       ;
;      - double_click_timer4[16]                                                            ; 0                 ; 6       ;
;      - double_click_timer4[17]                                                            ; 0                 ; 6       ;
;      - double_click_timer4[18]                                                            ; 0                 ; 6       ;
;      - double_click_timer4[19]                                                            ; 0                 ; 6       ;
;      - double_click_timer4[20]                                                            ; 0                 ; 6       ;
;      - double_click_timer4[21]                                                            ; 0                 ; 6       ;
;      - double_click_timer4[22]                                                            ; 0                 ; 6       ;
;      - double_click_timer4[23]                                                            ; 0                 ; 6       ;
;      - double_click_timer4[24]                                                            ; 0                 ; 6       ;
;      - bist_wrapper:bist_inst|debounce:debounce_inst|counter[0]                           ; 0                 ; 6       ;
;      - bist_wrapper:bist_inst|debounce:debounce_inst|counter[1]                           ; 0                 ; 6       ;
;      - bist_wrapper:bist_inst|debounce:debounce_inst|counter[2]                           ; 0                 ; 6       ;
;      - bist_wrapper:bist_inst|debounce:debounce_inst|counter[3]                           ; 0                 ; 6       ;
;      - bist_wrapper:bist_inst|debounce:debounce_inst|counter[4]                           ; 0                 ; 6       ;
;      - bist_wrapper:bist_inst|debounce:debounce_inst|counter[5]                           ; 0                 ; 6       ;
;      - bist_wrapper:bist_inst|debounce:debounce_inst|counter[6]                           ; 0                 ; 6       ;
;      - bist_wrapper:bist_inst|debounce:debounce_inst|counter[7]                           ; 0                 ; 6       ;
;      - bist_wrapper:bist_inst|debounce:debounce_inst|counter[8]                           ; 0                 ; 6       ;
;      - bist_wrapper:bist_inst|debounce:debounce_inst|counter[9]                           ; 0                 ; 6       ;
;      - bist_wrapper:bist_inst|debounce:debounce_inst|counter[10]                          ; 0                 ; 6       ;
;      - bist_wrapper:bist_inst|debounce:debounce_inst|counter[11]                          ; 0                 ; 6       ;
;      - bist_wrapper:bist_inst|debounce:debounce_inst|counter[12]                          ; 0                 ; 6       ;
;      - bist_wrapper:bist_inst|debounce:debounce_inst|counter[13]                          ; 0                 ; 6       ;
;      - bist_wrapper:bist_inst|debounce:debounce_inst|counter[14]                          ; 0                 ; 6       ;
;      - bist_wrapper:bist_inst|debounce:debounce_inst|counter[15]                          ; 0                 ; 6       ;
;      - bist_wrapper:bist_inst|debounce:debounce_inst|counter[16]                          ; 0                 ; 6       ;
;      - bist_wrapper:bist_inst|debounce:debounce_inst|counter[17]                          ; 0                 ; 6       ;
;      - bist_wrapper:bist_inst|debounce:debounce_inst|counter[18]                          ; 0                 ; 6       ;
;      - bist_wrapper:bist_inst|debounce:debounce_inst|counter[19]                          ; 0                 ; 6       ;
;      - bist_wrapper:bist_inst|bist_ctrl:bist_ctrl_inst|delay_cnt[5]                       ; 0                 ; 6       ;
;      - double_click_timer2[5]                                                             ; 0                 ; 6       ;
;      - double_click_timer3[5]                                                             ; 0                 ; 6       ;
;      - double_click_timer4[5]                                                             ; 0                 ; 6       ;
;      - bist_wrapper:bist_inst|bist_ctrl:bist_ctrl_inst|delay_cnt[4]                       ; 0                 ; 6       ;
;      - double_click_timer2[4]                                                             ; 0                 ; 6       ;
;      - double_click_timer3[4]                                                             ; 0                 ; 6       ;
;      - double_click_timer4[4]                                                             ; 0                 ; 6       ;
;      - morr_l2:calc_unit|root3:root3_inst|s[0]                                            ; 0                 ; 6       ;
;      - morr_l2:calc_unit|root3:root3_inst|s[1]                                            ; 0                 ; 6       ;
;      - morr_l2:calc_unit|root3:root3_inst|s[2]                                            ; 0                 ; 6       ;
;      - morr_l2:calc_unit|root3:root3_inst|s[3]                                            ; 0                 ; 6       ;
;      - morr_l2:calc_unit|root3:root3_inst|s[4]                                            ; 0                 ; 6       ;
;      - morr_l2:calc_unit|root3:root3_inst|s[5]                                            ; 0                 ; 6       ;
;      - bist_wrapper:bist_inst|bist_ctrl:bist_ctrl_inst|delay_cnt[3]                       ; 0                 ; 6       ;
;      - double_click_timer2[3]                                                             ; 0                 ; 6       ;
;      - double_click_timer3[3]                                                             ; 0                 ; 6       ;
;      - double_click_timer4[3]                                                             ; 0                 ; 6       ;
;      - morr_l2:calc_unit|root3:root3_inst|x[31]                                           ; 0                 ; 6       ;
;      - morr_l2:calc_unit|root3:root3_inst|prod3_r[24]                                     ; 0                 ; 6       ;
;      - morr_l2:calc_unit|root3:root3_inst|prod3_r[23]                                     ; 0                 ; 6       ;
;      - morr_l2:calc_unit|root3:root3_inst|prod3_r[22]                                     ; 0                 ; 6       ;
;      - morr_l2:calc_unit|root3:root3_inst|prod3_r[21]                                     ; 0                 ; 6       ;
;      - morr_l2:calc_unit|root3:root3_inst|prod3_r[20]                                     ; 0                 ; 6       ;
;      - morr_l2:calc_unit|root3:root3_inst|prod3_r[19]                                     ; 0                 ; 6       ;
;      - morr_l2:calc_unit|root3:root3_inst|prod3_r[18]                                     ; 0                 ; 6       ;
;      - morr_l2:calc_unit|root3:root3_inst|prod3_r[17]                                     ; 0                 ; 6       ;
;      - morr_l2:calc_unit|root3:root3_inst|prod3_r[16]                                     ; 0                 ; 6       ;
;      - morr_l2:calc_unit|root3:root3_inst|prod3_r[15]                                     ; 0                 ; 6       ;
;      - morr_l2:calc_unit|root3:root3_inst|prod3_r[14]                                     ; 0                 ; 6       ;
;      - morr_l2:calc_unit|root3:root3_inst|prod3_r[13]                                     ; 0                 ; 6       ;
;      - morr_l2:calc_unit|root3:root3_inst|prod3_r[12]                                     ; 0                 ; 6       ;
;      - morr_l2:calc_unit|root3:root3_inst|prod3_r[11]                                     ; 0                 ; 6       ;
;      - morr_l2:calc_unit|root3:root3_inst|prod3_r[10]                                     ; 0                 ; 6       ;
;      - morr_l2:calc_unit|root3:root3_inst|prod3_r[9]                                      ; 0                 ; 6       ;
;      - morr_l2:calc_unit|root3:root3_inst|prod3_r[8]                                      ; 0                 ; 6       ;
;      - morr_l2:calc_unit|root3:root3_inst|prod3_r[7]                                      ; 0                 ; 6       ;
;      - morr_l2:calc_unit|root3:root3_inst|prod3_r[6]                                      ; 0                 ; 6       ;
;      - morr_l2:calc_unit|root3:root3_inst|prod3_r[5]                                      ; 0                 ; 6       ;
;      - morr_l2:calc_unit|root3:root3_inst|prod3_r[4]                                      ; 0                 ; 6       ;
;      - morr_l2:calc_unit|root3:root3_inst|prod3_r[3]                                      ; 0                 ; 6       ;
;      - morr_l2:calc_unit|root3:root3_inst|prod3_r[2]                                      ; 0                 ; 6       ;
;      - bist_wrapper:bist_inst|bist_ctrl:bist_ctrl_inst|delay_cnt[2]                       ; 0                 ; 6       ;
;      - double_click_timer2[2]                                                             ; 0                 ; 6       ;
;      - double_click_timer3[2]                                                             ; 0                 ; 6       ;
;      - double_click_timer4[2]                                                             ; 0                 ; 6       ;
;      - morr_l2:calc_unit|root3:root3_inst|x[30]                                           ; 0                 ; 6       ;
;      - bist_wrapper:bist_inst|bist_ctrl:bist_ctrl_inst|delay_cnt[1]                       ; 0                 ; 6       ;
;      - double_click_timer2[1]                                                             ; 0                 ; 6       ;
;      - double_click_timer3[1]                                                             ; 0                 ; 6       ;
;      - double_click_timer4[1]                                                             ; 0                 ; 6       ;
;      - morr_l2:calc_unit|root3:root3_inst|x[29]                                           ; 0                 ; 6       ;
;      - bist_wrapper:bist_inst|bist_ctrl:bist_ctrl_inst|delay_cnt[0]                       ; 0                 ; 6       ;
;      - double_click_timer2[0]                                                             ; 0                 ; 6       ;
;      - double_click_timer3[0]                                                             ; 0                 ; 6       ;
;      - double_click_timer4[0]                                                             ; 0                 ; 6       ;
;      - morr_l2:calc_unit|root3:root3_inst|x[28]                                           ; 0                 ; 6       ;
;      - morr_l2:calc_unit|root3:root3_inst|x[27]                                           ; 0                 ; 6       ;
;      - morr_l2:calc_unit|root3:root3_inst|x[26]                                           ; 0                 ; 6       ;
;      - morr_l2:calc_unit|root3:root3_inst|x[25]                                           ; 0                 ; 6       ;
;      - morr_l2:calc_unit|root3:root3_inst|x[24]                                           ; 0                 ; 6       ;
;      - morr_l2:calc_unit|root3:root3_inst|x[23]                                           ; 0                 ; 6       ;
;      - morr_l2:calc_unit|root3:root3_inst|x[22]                                           ; 0                 ; 6       ;
;      - morr_l2:calc_unit|root3:root3_inst|x[21]                                           ; 0                 ; 6       ;
;      - morr_l2:calc_unit|root3:root3_inst|x[20]                                           ; 0                 ; 6       ;
;      - morr_l2:calc_unit|root3:root3_inst|x[19]                                           ; 0                 ; 6       ;
;      - morr_l2:calc_unit|root3:root3_inst|x[18]                                           ; 0                 ; 6       ;
;      - morr_l2:calc_unit|root3:root3_inst|x[17]                                           ; 0                 ; 6       ;
;      - morr_l2:calc_unit|root3:root3_inst|x[16]                                           ; 0                 ; 6       ;
;      - morr_l2:calc_unit|root3:root3_inst|x[15]                                           ; 0                 ; 6       ;
;      - morr_l2:calc_unit|root3:root3_inst|x[14]                                           ; 0                 ; 6       ;
;      - morr_l2:calc_unit|root3:root3_inst|x[13]                                           ; 0                 ; 6       ;
;      - morr_l2:calc_unit|root3:root3_inst|x[12]                                           ; 0                 ; 6       ;
;      - morr_l2:calc_unit|root3:root3_inst|x[11]                                           ; 0                 ; 6       ;
;      - morr_l2:calc_unit|root3:root3_inst|x[10]                                           ; 0                 ; 6       ;
;      - morr_l2:calc_unit|root3:root3_inst|x[9]                                            ; 0                 ; 6       ;
;      - morr_l2:calc_unit|root3:root3_inst|x[8]                                            ; 0                 ; 6       ;
;      - morr_l2:calc_unit|root3:root3_inst|x[7]                                            ; 0                 ; 6       ;
;      - morr_l2:calc_unit|root3:root3_inst|x[6]                                            ; 0                 ; 6       ;
;      - morr_l2:calc_unit|root3:root3_inst|x[5]                                            ; 0                 ; 6       ;
;      - morr_l2:calc_unit|root3:root3_inst|x[4]                                            ; 0                 ; 6       ;
;      - morr_l2:calc_unit|root3:root3_inst|x[3]                                            ; 0                 ; 6       ;
;      - morr_l2:calc_unit|root3:root3_inst|x[2]                                            ; 0                 ; 6       ;
;      - morr_l2:calc_unit|root3:root3_inst|x[1]                                            ; 0                 ; 6       ;
;      - morr_l2:calc_unit|root3:root3_inst|x[0]                                            ; 0                 ; 6       ;
;      - display_value[7]                                                                   ; 0                 ; 6       ;
;      - display_value[6]                                                                   ; 0                 ; 6       ;
;      - display_value[5]                                                                   ; 0                 ; 6       ;
;      - display_value[4]                                                                   ; 0                 ; 6       ;
;      - display_value[0]                                                                   ; 0                 ; 6       ;
;      - display_value[1]                                                                   ; 0                 ; 6       ;
;      - display_value[2]                                                                   ; 0                 ; 6       ;
;      - display_value[3]                                                                   ; 0                 ; 6       ;
;      - morr_l2:calc_unit|mult:mult_inst|b_reg[0]                                          ; 0                 ; 6       ;
;      - morr_l2:calc_unit|mult:mult_inst|a_reg[0]                                          ; 0                 ; 6       ;
;      - morr_l2:calc_unit|mult:mult_inst|ctr[1]                                            ; 0                 ; 6       ;
;      - morr_l2:calc_unit|mult:mult_inst|ctr[0]                                            ; 0                 ; 6       ;
;      - morr_l2:calc_unit|mult:mult_inst|ctr[3]                                            ; 0                 ; 6       ;
;      - morr_l2:calc_unit|mult:mult_inst|ctr[2]                                            ; 0                 ; 6       ;
;      - morr_l2:calc_unit|mult:mult_inst|part_res[0]                                       ; 0                 ; 6       ;
;      - morr_l2:calc_unit|mult:mult_inst|state                                             ; 0                 ; 6       ;
;      - bist_wrapper:bist_inst|bist_ctrl:bist_ctrl_inst|state.ST_IDLE                      ; 0                 ; 6       ;
;      - morr_l2:calc_unit|mult:mult_inst|y_bo[5]                                           ; 0                 ; 6       ;
;      - morr_l2:calc_unit|mult:mult_inst|a_reg[1]                                          ; 0                 ; 6       ;
;      - morr_l2:calc_unit|mult:mult_inst|part_res[1]                                       ; 0                 ; 6       ;
;      - morr_l2:calc_unit|mult:mult_inst|a_reg[2]                                          ; 0                 ; 6       ;
;      - morr_l2:calc_unit|mult:mult_inst|part_res[2]                                       ; 0                 ; 6       ;
;      - morr_l2:calc_unit|mult:mult_inst|a_reg[3]                                          ; 0                 ; 6       ;
;      - morr_l2:calc_unit|mult:mult_inst|part_res[3]                                       ; 0                 ; 6       ;
;      - seg_display_ctrl:seg_ctrl|scan_cnt[15]                                             ; 0                 ; 6       ;
;      - seg_display_ctrl:seg_ctrl|scan_cnt[14]                                             ; 0                 ; 6       ;
;      - seg_display_ctrl:seg_ctrl|scan_cnt[13]                                             ; 0                 ; 6       ;
;      - seg_display_ctrl:seg_ctrl|scan_cnt[12]                                             ; 0                 ; 6       ;
;      - seg_display_ctrl:seg_ctrl|scan_cnt[9]                                              ; 0                 ; 6       ;
;      - seg_display_ctrl:seg_ctrl|scan_cnt[8]                                              ; 0                 ; 6       ;
;      - seg_display_ctrl:seg_ctrl|scan_cnt[11]                                             ; 0                 ; 6       ;
;      - seg_display_ctrl:seg_ctrl|scan_cnt[10]                                             ; 0                 ; 6       ;
;      - seg_display_ctrl:seg_ctrl|scan_cnt[6]                                              ; 0                 ; 6       ;
;      - seg_display_ctrl:seg_ctrl|scan_cnt[7]                                              ; 0                 ; 6       ;
;      - seg_display_ctrl:seg_ctrl|scan_cnt[5]                                              ; 0                 ; 6       ;
;      - seg_display_ctrl:seg_ctrl|scan_cnt[4]                                              ; 0                 ; 6       ;
;      - seg_display_ctrl:seg_ctrl|scan_cnt[3]                                              ; 0                 ; 6       ;
;      - seg_display_ctrl:seg_ctrl|scan_cnt[2]                                              ; 0                 ; 6       ;
;      - seg_display_ctrl:seg_ctrl|scan_cnt[1]                                              ; 0                 ; 6       ;
;      - seg_display_ctrl:seg_ctrl|scan_cnt[0]                                              ; 0                 ; 6       ;
;      - bist_wrapper:bist_inst|lfsr8:lfsr2_inst|lfsr_reg[5]                                ; 0                 ; 6       ;
;      - display_mode.MODE_RESULT                                                           ; 0                 ; 6       ;
;      - last_result[5]                                                                     ; 0                 ; 6       ;
;      - display_mode.MODE_SHOW_AB                                                          ; 0                 ; 6       ;
;      - bist_wrapper:bist_inst|lfsr8:lfsr1_inst|lfsr_reg[1]                                ; 0                 ; 6       ;
;      - bist_wrapper:bist_inst|bist_ctrl:bist_ctrl_inst|state.ST_TEST_DONE                 ; 0                 ; 6       ;
;      - last_result[9]                                                                     ; 0                 ; 6       ;
;      - bist_wrapper:bist_inst|lfsr8:lfsr2_inst|lfsr_reg[1]                                ; 0                 ; 6       ;
;      - last_result[1]                                                                     ; 0                 ; 6       ;
;      - bist_wrapper:bist_inst|lfsr8:lfsr1_inst|lfsr_reg[5]                                ; 0                 ; 6       ;
;      - last_result[13]                                                                    ; 0                 ; 6       ;
;      - bist_wrapper:bist_inst|lfsr8:lfsr2_inst|lfsr_reg[6]                                ; 0                 ; 6       ;
;      - last_result[6]                                                                     ; 0                 ; 6       ;
;      - bist_wrapper:bist_inst|lfsr8:lfsr1_inst|lfsr_reg[2]                                ; 0                 ; 6       ;
;      - last_result[10]                                                                    ; 0                 ; 6       ;
;      - bist_wrapper:bist_inst|lfsr8:lfsr2_inst|lfsr_reg[2]                                ; 0                 ; 6       ;
;      - last_result[2]                                                                     ; 0                 ; 6       ;
;      - bist_wrapper:bist_inst|lfsr8:lfsr1_inst|lfsr_reg[6]                                ; 0                 ; 6       ;
;      - last_result[14]                                                                    ; 0                 ; 6       ;
;      - bist_wrapper:bist_inst|lfsr8:lfsr1_inst|lfsr_reg[3]                                ; 0                 ; 6       ;
;      - last_result[11]                                                                    ; 0                 ; 6       ;
;      - bist_wrapper:bist_inst|lfsr8:lfsr2_inst|lfsr_reg[7]                                ; 0                 ; 6       ;
;      - last_result[7]                                                                     ; 0                 ; 6       ;
;      - bist_wrapper:bist_inst|lfsr8:lfsr2_inst|lfsr_reg[3]                                ; 0                 ; 6       ;
;      - last_result[3]                                                                     ; 0                 ; 6       ;
;      - bist_wrapper:bist_inst|lfsr8:lfsr1_inst|lfsr_reg[7]                                ; 0                 ; 6       ;
;      - last_result[15]                                                                    ; 0                 ; 6       ;
;      - key2_stable                                                                        ; 0                 ; 6       ;
;      - key2_prev                                                                          ; 0                 ; 6       ;
;      - key2_pending                                                                       ; 0                 ; 6       ;
;      - morr_l2:calc_unit|state.DONE_STATE                                                 ; 0                 ; 6       ;
;      - key4_stable                                                                        ; 0                 ; 6       ;
;      - key4_prev                                                                          ; 0                 ; 6       ;
;      - key4_pending                                                                       ; 0                 ; 6       ;
;      - key3_stable                                                                        ; 0                 ; 6       ;
;      - key3_pending                                                                       ; 0                 ; 6       ;
;      - key3_prev                                                                          ; 0                 ; 6       ;
;      - bist_wrapper:bist_inst|bist_ctrl:bist_ctrl_inst|test_count_reg[0]                  ; 0                 ; 6       ;
;      - last_result[8]                                                                     ; 0                 ; 6       ;
;      - bist_wrapper:bist_inst|lfsr8:lfsr2_inst|lfsr_reg[4]                                ; 0                 ; 6       ;
;      - last_result[4]                                                                     ; 0                 ; 6       ;
;      - last_result[0]                                                                     ; 0                 ; 6       ;
;      - bist_wrapper:bist_inst|lfsr8:lfsr1_inst|lfsr_reg[4]                                ; 0                 ; 6       ;
;      - last_result[12]                                                                    ; 0                 ; 6       ;
;      - morr_l2:calc_unit|mult:mult_inst|a_reg[4]                                          ; 0                 ; 6       ;
;      - morr_l2:calc_unit|mult:mult_inst|part_res[4]                                       ; 0                 ; 6       ;
;      - morr_l2:calc_unit|mult:mult_inst|a_reg[5]                                          ; 0                 ; 6       ;
;      - morr_l2:calc_unit|mult:mult_inst|a_reg[6]                                          ; 0                 ; 6       ;
;      - morr_l2:calc_unit|mult:mult_inst|part_res[6]                                       ; 0                 ; 6       ;
;      - morr_l2:calc_unit|mult:mult_inst|part_res[5]                                       ; 0                 ; 6       ;
;      - morr_l2:calc_unit|mult:mult_inst|a_reg[7]                                          ; 0                 ; 6       ;
;      - morr_l2:calc_unit|mult:mult_inst|part_res[7]                                       ; 0                 ; 6       ;
;      - bist_wrapper:bist_inst|bist_ctrl:bist_ctrl_inst|state.ST_TEST_NEXT                 ; 0                 ; 6       ;
;      - bist_wrapper:bist_inst|bist_ctrl:bist_ctrl_inst|state.ST_TEST_WAIT                 ; 0                 ; 6       ;
;      - bist_wrapper:bist_inst|debounce:debounce_inst|btn_stable                           ; 0                 ; 6       ;
;      - bist_wrapper:bist_inst|debounce:debounce_inst|btn_prev                             ; 0                 ; 6       ;
;      - bist_wrapper:bist_inst|bist_ctrl:bist_ctrl_inst|state.ST_TEST_START                ; 0                 ; 6       ;
;      - bist_wrapper:bist_inst|bist_ctrl:bist_ctrl_inst|state.ST_TEST_DELAY                ; 0                 ; 6       ;
;      - morr_l2:calc_unit|mult:mult_inst|b_reg[1]                                          ; 0                 ; 6       ;
;      - morr_l2:calc_unit|root3:root3_inst|y_bo[0]                                         ; 0                 ; 6       ;
;      - morr_l2:calc_unit|state.CALC_MULT                                                  ; 0                 ; 6       ;
;      - morr_l2:calc_unit|mult:mult_inst|y_bo[9]                                           ; 0                 ; 6       ;
;      - morr_l2:calc_unit|mult:mult_inst|y_bo[13]                                          ; 0                 ; 6       ;
;      - morr_l2:calc_unit|mult:mult_inst|y_bo[10]                                          ; 0                 ; 6       ;
;      - morr_l2:calc_unit|mult:mult_inst|y_bo[14]                                          ; 0                 ; 6       ;
;      - morr_l2:calc_unit|mult:mult_inst|y_bo[11]                                          ; 0                 ; 6       ;
;      - morr_l2:calc_unit|mult:mult_inst|y_bo[15]                                          ; 0                 ; 6       ;
;      - morr_l2:calc_unit|mult:mult_inst|done_o                                            ; 0                 ; 6       ;
;      - morr_l2:calc_unit|mult:mult_inst|y_bo[8]                                           ; 0                 ; 6       ;
;      - morr_l2:calc_unit|mult:mult_inst|y_bo[12]                                          ; 0                 ; 6       ;
;      - bist_wrapper:bist_inst|debounce:debounce_inst|sync_ff2                             ; 0                 ; 6       ;
;      - morr_l2:calc_unit|mult:mult_inst|b_reg[2]                                          ; 0                 ; 6       ;
;      - morr_l2:calc_unit|root3:root3_inst|y_bo[1]                                         ; 0                 ; 6       ;
;      - morr_l2:calc_unit|root3:root3_inst|y[0]                                            ; 0                 ; 6       ;
;      - morr_l2:calc_unit|root3:root3_inst|state.ST_DONE                                   ; 0                 ; 6       ;
;      - morr_l2:calc_unit|root3:root3_inst|done_o                                          ; 0                 ; 6       ;
;      - morr_l2:calc_unit|state.CALC_CUBRT                                                 ; 0                 ; 6       ;
;      - start_calc                                                                         ; 0                 ; 6       ;
;      - morr_l2:calc_unit|state.IDLE                                                       ; 0                 ; 6       ;
;      - morr_l2:calc_unit|mult:mult_inst|part_res[9]                                       ; 0                 ; 6       ;
;      - morr_l2:calc_unit|mult:mult_inst|part_res[8]                                       ; 0                 ; 6       ;
;      - morr_l2:calc_unit|mult:mult_inst|part_res[13]                                      ; 0                 ; 6       ;
;      - morr_l2:calc_unit|mult:mult_inst|part_res[12]                                      ; 0                 ; 6       ;
;      - morr_l2:calc_unit|mult:mult_inst|part_res[11]                                      ; 0                 ; 6       ;
;      - morr_l2:calc_unit|mult:mult_inst|part_res[10]                                      ; 0                 ; 6       ;
;      - morr_l2:calc_unit|mult:mult_inst|part_res[14]                                      ; 0                 ; 6       ;
;      - morr_l2:calc_unit|mult:mult_inst|part_res[15]                                      ; 0                 ; 6       ;
;      - bist_wrapper:bist_inst|debounce:debounce_inst|sync_ff1                             ; 0                 ; 6       ;
;      - morr_l2:calc_unit|mult:mult_inst|b_reg[3]                                          ; 0                 ; 6       ;
;      - morr_l2:calc_unit|root3:root3_inst|y_bo[2]                                         ; 0                 ; 6       ;
;      - morr_l2:calc_unit|root3:root3_inst|y[1]                                            ; 0                 ; 6       ;
;      - morr_l2:calc_unit|root3:root3_inst|prod3_r[1]                                      ; 0                 ; 6       ;
;      - morr_l2:calc_unit|root3:root3_inst|state.ST_RUN                                    ; 0                 ; 6       ;
;      - morr_l2:calc_unit|root3:root3_inst|state.ST_IDLE                                   ; 0                 ; 6       ;
;      - morr_l2:calc_unit|root3:root3_inst|en_d                                            ; 0                 ; 6       ;
;      - morr_l2:calc_unit|root3:root3_inst|busy_r                                          ; 0                 ; 6       ;
;      - morr_l2:calc_unit|root3:root3_inst|phase.10                                        ; 0                 ; 6       ;
;      - morr_l2:calc_unit|mult:mult_inst|b_reg[4]                                          ; 0                 ; 6       ;
;      - morr_l2:calc_unit|root3:root3_inst|y_bo[3]                                         ; 0                 ; 6       ;
;      - morr_l2:calc_unit|root3:root3_inst|y[2]                                            ; 0                 ; 6       ;
;      - morr_l2:calc_unit|root3:root3_inst|prod_r[1]                                       ; 0                 ; 6       ;
;      - morr_l2:calc_unit|root3:root3_inst|phase.01                                        ; 0                 ; 6       ;
;      - morr_l2:calc_unit|mult:mult_inst|b_reg[5]                                          ; 0                 ; 6       ;
;      - morr_l2:calc_unit|root3:root3_inst|y_bo[4]                                         ; 0                 ; 6       ;
;      - morr_l2:calc_unit|root3:root3_inst|y[3]                                            ; 0                 ; 6       ;
;      - morr_l2:calc_unit|root3:root3_inst|phase.00                                        ; 0                 ; 6       ;
;      - morr_l2:calc_unit|mult:mult_inst|b_reg[6]                                          ; 0                 ; 6       ;
;      - morr_l2:calc_unit|root3:root3_inst|y_bo[5]                                         ; 0                 ; 6       ;
;      - morr_l2:calc_unit|root3:root3_inst|y[4]                                            ; 0                 ; 6       ;
;      - morr_l2:calc_unit|mult:mult_inst|b_reg[7]                                          ; 0                 ; 6       ;
;      - morr_l2:calc_unit|root3:root3_inst|y_bo[6]                                         ; 0                 ; 6       ;
;      - morr_l2:calc_unit|root3:root3_inst|y[5]                                            ; 0                 ; 6       ;
;      - morr_l2:calc_unit|root3:root3_inst|y[6]                                            ; 0                 ; 6       ;
;      - morr_l2:calc_unit|root3:root3_inst|y[7]                                            ; 0                 ; 6       ;
;      - morr_l2:calc_unit|root3:root3_inst|y[8]                                            ; 0                 ; 6       ;
;      - morr_l2:calc_unit|root3:root3_inst|y[9]                                            ; 0                 ; 6       ;
;      - morr_l2:calc_unit|root3:root3_inst|y[10]                                           ; 0                 ; 6       ;
;      - morr_l2:calc_unit|root3:root3_inst|y_bo[7]                                         ; 0                 ; 6       ;
;      - morr_l2:calc_unit|root3:root3_inst|lpm_mult:Mult0|mult_vct:auto_generated|mac_out2 ; 0                 ; 6       ;
; GPIO_0_input_pullup[13]                                                                   ;                   ;         ;
;      - display_value[5]~2                                                                 ; 1                 ; 6       ;
;      - display_value~11                                                                   ; 1                 ; 6       ;
; GPIO_0_input_pullup[5]                                                                    ;                   ;         ;
;      - display_value~11                                                                   ; 0                 ; 6       ;
;      - bist_wrapper:bist_inst|a_dut_o[5]~1                                                ; 0                 ; 6       ;
;      - Selector2~0                                                                        ; 1                 ; 6       ;
; GPIO_0_input_pullup[1]                                                                    ;                   ;         ;
;      - bist_wrapper:bist_inst|a_dut_o[1]~0                                                ; 1                 ; 6       ;
;      - Selector6~0                                                                        ; 0                 ; 6       ;
;      - display_value~17                                                                   ; 0                 ; 6       ;
; GPIO_0_input_pullup[9]                                                                    ;                   ;         ;
;      - display_value[1]~5                                                                 ; 0                 ; 6       ;
;      - display_value~18                                                                   ; 0                 ; 6       ;
; GPIO_0_input_pullup[14]                                                                   ;                   ;         ;
;      - display_value[6]~1                                                                 ; 0                 ; 6       ;
;      - display_value~22                                                                   ; 0                 ; 6       ;
; GPIO_0_input_pullup[6]                                                                    ;                   ;         ;
;      - display_value~22                                                                   ; 0                 ; 6       ;
;      - bist_wrapper:bist_inst|a_dut_o[6]~3                                                ; 0                 ; 6       ;
;      - Selector1~0                                                                        ; 1                 ; 6       ;
; GPIO_0_input_pullup[2]                                                                    ;                   ;         ;
;      - bist_wrapper:bist_inst|a_dut_o[2]~2                                                ; 0                 ; 6       ;
;      - Selector5~0                                                                        ; 1                 ; 6       ;
;      - display_value~25                                                                   ; 1                 ; 6       ;
; GPIO_0_input_pullup[10]                                                                   ;                   ;         ;
;      - display_value[2]~6                                                                 ; 1                 ; 6       ;
;      - display_value~26                                                                   ; 1                 ; 6       ;
; GPIO_0_input_pullup[3]                                                                    ;                   ;         ;
;      - bist_wrapper:bist_inst|a_dut_o[3]~4                                                ; 0                 ; 6       ;
;      - Selector4~0                                                                        ; 1                 ; 6       ;
;      - display_value~33                                                                   ; 1                 ; 6       ;
; GPIO_0_input_pullup[15]                                                                   ;                   ;         ;
;      - display_value[7]~0                                                                 ; 1                 ; 6       ;
;      - display_value~32                                                                   ; 1                 ; 6       ;
; GPIO_0_input_pullup[7]                                                                    ;                   ;         ;
;      - display_value~32                                                                   ; 1                 ; 6       ;
;      - bist_wrapper:bist_inst|a_dut_o[7]~5                                                ; 1                 ; 6       ;
;      - Selector0~0                                                                        ; 0                 ; 6       ;
; GPIO_0_input_pullup[11]                                                                   ;                   ;         ;
;      - display_value[3]~7                                                                 ; 0                 ; 6       ;
;      - display_value~34                                                                   ; 0                 ; 6       ;
; GPIO_0_input_pullup[0]                                                                    ;                   ;         ;
;      - bist_wrapper:bist_inst|a_dut_o[0]~6                                                ; 0                 ; 6       ;
;      - Selector7~0                                                                        ; 1                 ; 6       ;
;      - display_value~42                                                                   ; 1                 ; 6       ;
; GPIO_0_input_pullup[12]                                                                   ;                   ;         ;
;      - display_value[4]~3                                                                 ; 0                 ; 6       ;
;      - display_value~41                                                                   ; 0                 ; 6       ;
; GPIO_0_input_pullup[4]                                                                    ;                   ;         ;
;      - display_value~41                                                                   ; 0                 ; 6       ;
;      - bist_wrapper:bist_inst|a_dut_o[4]~7                                                ; 0                 ; 6       ;
;      - Selector3~0                                                                        ; 1                 ; 6       ;
; GPIO_0_input_pullup[8]                                                                    ;                   ;         ;
;      - display_value[0]~4                                                                 ; 0                 ; 6       ;
;      - display_value~43                                                                   ; 0                 ; 6       ;
; KEY2_N                                                                                    ;                   ;         ;
; KEY4_N                                                                                    ;                   ;         ;
; KEY3_N                                                                                    ;                   ;         ;
+-------------------------------------------------------------------------------------------+-------------------+---------+


+--------------------------------------------------------------------------------------------------------------------------------------------------------------------------------------------------+
; Control Signals                                                                                                                                                                                  ;
+---------------------------------------------------------------------+--------------------+---------+--------------+--------+----------------------+------------------+---------------------------+
; Name                                                                ; Location           ; Fan-Out ; Usage        ; Global ; Global Resource Used ; Global Line Name ; Enable Signal Source Name ;
+---------------------------------------------------------------------+--------------------+---------+--------------+--------+----------------------+------------------+---------------------------+
; CLK                                                                 ; PIN_E1             ; 449     ; Clock        ; yes    ; Global Clock         ; GCLK2            ; --                        ;
; RST_N                                                               ; PIN_N13            ; 449     ; Async. clear ; no     ; --                   ; --               ; --                        ;
; bist_wrapper:bist_inst|bist_ctrl:bist_ctrl_inst|Selector0~2         ; LCCOMB_X22_Y5_N10  ; 11      ; Clock enable ; no     ; --                   ; --               ; --                        ;
; bist_wrapper:bist_inst|bist_ctrl:bist_ctrl_inst|state.ST_TEST_DELAY ; FF_X22_Y7_N1       ; 28      ; Sync. clear  ; no     ; --                   ; --               ; --                        ;
; bist_wrapper:bist_inst|bist_ctrl:bist_ctrl_inst|state.ST_TEST_INIT  ; FF_X22_Y5_N3       ; 36      ; Sync. clear  ; no     ; --                   ; --               ; --                        ;
; bist_wrapper:bist_inst|bist_ctrl:bist_ctrl_inst|state.ST_TEST_NEXT  ; FF_X22_Y5_N19      ; 12      ; Sync. load   ; no     ; --                   ; --               ; --                        ;
; bist_wrapper:bist_inst|bist_ctrl:bist_ctrl_inst|test_mode_reg       ; FF_X25_Y9_N17      ; 37      ; Sync. clear  ; no     ; --                   ; --               ; --                        ;
; bist_wrapper:bist_inst|crc8:crc8_inst|crc_reg[7]~1                  ; LCCOMB_X22_Y5_N14  ; 7       ; Clock enable ; no     ; --                   ; --               ; --                        ;
; bist_wrapper:bist_inst|debounce:debounce_inst|counter[9]~52         ; LCCOMB_X28_Y5_N20  ; 20      ; Sync. clear  ; no     ; --                   ; --               ; --                        ;
; bist_wrapper:bist_inst|lfsr8:lfsr2_inst|lfsr_reg[2]~0               ; LCCOMB_X24_Y6_N16  ; 17      ; Clock enable ; no     ; --                   ; --               ; --                        ;
; debounce_cnt2[18]~54                                                ; LCCOMB_X25_Y6_N22  ; 20      ; Sync. clear  ; no     ; --                   ; --               ; --                        ;
; debounce_cnt3[12]~54                                                ; LCCOMB_X28_Y7_N22  ; 20      ; Sync. clear  ; no     ; --                   ; --               ; --                        ;
; debounce_cnt4[15]~54                                                ; LCCOMB_X29_Y6_N22  ; 20      ; Sync. clear  ; no     ; --                   ; --               ; --                        ;
; display_mode~15                                                     ; LCCOMB_X23_Y7_N14  ; 3       ; Clock enable ; no     ; --                   ; --               ; --                        ;
; display_value[2]~12                                                 ; LCCOMB_X23_Y7_N16  ; 8       ; Sync. load   ; no     ; --                   ; --               ; --                        ;
; double_click_timer2[14]~29                                          ; LCCOMB_X29_Y12_N30 ; 26      ; Sync. clear  ; no     ; --                   ; --               ; --                        ;
; double_click_timer2[14]~80                                          ; LCCOMB_X23_Y8_N30  ; 25      ; Clock enable ; no     ; --                   ; --               ; --                        ;
; double_click_timer3[18]~29                                          ; LCCOMB_X26_Y9_N30  ; 26      ; Sync. clear  ; no     ; --                   ; --               ; --                        ;
; double_click_timer3[18]~80                                          ; LCCOMB_X23_Y7_N28  ; 25      ; Clock enable ; no     ; --                   ; --               ; --                        ;
; double_click_timer4[19]~51                                          ; LCCOMB_X23_Y7_N2   ; 25      ; Clock enable ; no     ; --                   ; --               ; --                        ;
; double_click_timer4[19]~78                                          ; LCCOMB_X23_Y7_N22  ; 25      ; Sync. clear  ; no     ; --                   ; --               ; --                        ;
; last_result[0]~0                                                    ; LCCOMB_X22_Y10_N28 ; 16      ; Clock enable ; no     ; --                   ; --               ; --                        ;
; morr_l2:calc_unit|mult:mult_inst|a_reg[7]~0                         ; LCCOMB_X22_Y10_N24 ; 8       ; Clock enable ; no     ; --                   ; --               ; --                        ;
; morr_l2:calc_unit|mult:mult_inst|b_reg~1                            ; LCCOMB_X22_Y10_N0  ; 29      ; Clock enable ; no     ; --                   ; --               ; --                        ;
; morr_l2:calc_unit|mult:mult_inst|y_bo[15]~4                         ; LCCOMB_X22_Y10_N20 ; 17      ; Clock enable ; no     ; --                   ; --               ; --                        ;
; morr_l2:calc_unit|root3:root3_inst|Selector4~0                      ; LCCOMB_X24_Y10_N18 ; 2       ; Clock enable ; no     ; --                   ; --               ; --                        ;
; morr_l2:calc_unit|root3:root3_inst|prod3_r[24]~53                   ; LCCOMB_X22_Y14_N24 ; 24      ; Clock enable ; no     ; --                   ; --               ; --                        ;
; morr_l2:calc_unit|root3:root3_inst|s[5]~10                          ; LCCOMB_X22_Y14_N18 ; 6       ; Clock enable ; no     ; --                   ; --               ; --                        ;
; morr_l2:calc_unit|root3:root3_inst|state.ST_DONE                    ; FF_X22_Y14_N17     ; 13      ; Clock enable ; no     ; --                   ; --               ; --                        ;
; morr_l2:calc_unit|root3:root3_inst|state.ST_RUN                     ; FF_X22_Y14_N27     ; 61      ; Sync. load   ; no     ; --                   ; --               ; --                        ;
; morr_l2:calc_unit|root3:root3_inst|x[9]~96                          ; LCCOMB_X25_Y10_N0  ; 32      ; Clock enable ; no     ; --                   ; --               ; --                        ;
; morr_l2:calc_unit|root3:root3_inst|y[5]~1                           ; LCCOMB_X25_Y10_N12 ; 11      ; Clock enable ; no     ; --                   ; --               ; --                        ;
+---------------------------------------------------------------------+--------------------+---------+--------------+--------+----------------------+------------------+---------------------------+


+----------------------------------------------------------------------------------------------------------------------------------------+
; Global & Other Fast Signals                                                                                                            ;
+------+----------+---------+--------------------------------------+----------------------+------------------+---------------------------+
; Name ; Location ; Fan-Out ; Fan-Out Using Intentional Clock Skew ; Global Resource Used ; Global Line Name ; Enable Signal Source Name ;
+------+----------+---------+--------------------------------------+----------------------+------------------+---------------------------+
; CLK  ; PIN_E1   ; 449     ; 0                                    ; Global Clock         ; GCLK2            ; --                        ;
+------+----------+---------+--------------------------------------+----------------------+------------------+---------------------------+


+-----------------------------------------------------------------------------------------------+
; Fitter DSP Block Usage Summary                                                                ;
+---------------------------------------+-------------+---------------------+-------------------+
; Statistic                             ; Number Used ; Available per Block ; Maximum Available ;
+---------------------------------------+-------------+---------------------+-------------------+
; Simple Multipliers (9-bit)            ; 0           ; 2                   ; 30                ;
; Simple Multipliers (18-bit)           ; 1           ; 1                   ; 15                ;
; Embedded Multiplier Blocks            ; 1           ; --                  ; 15                ;
; Embedded Multiplier 9-bit elements    ; 2           ; 2                   ; 30                ;
; Signed Embedded Multipliers           ; 0           ; --                  ; --                ;
; Unsigned Embedded Multipliers         ; 1           ; --                  ; --                ;
; Mixed Sign Embedded Multipliers       ; 0           ; --                  ; --                ;
; Variable Sign Embedded Multipliers    ; 0           ; --                  ; --                ;
; Dedicated Input Shift Register Chains ; 0           ; --                  ; --                ;
+---------------------------------------+-------------+---------------------+-------------------+


+---------------------------------------------------------------------------------------------------------------------------------------------------------------------------------------------------------------------------------------------------------------------------------------+
; DSP Block Details                                                                                                                                                                                                                                                                     ;
+----------------------------------------------------------------------------------------+----------------------------+--------------------+---------------------+--------------------------------+-----------------------+-----------------------+-------------------+-----------------+
; Name                                                                                   ; Mode                       ; Location           ; Sign Representation ; Has Input Shift Register Chain ; Data A Input Register ; Data B Input Register ; Pipeline Register ; Output Register ;
+----------------------------------------------------------------------------------------+----------------------------+--------------------+---------------------+--------------------------------+-----------------------+-----------------------+-------------------+-----------------+
; morr_l2:calc_unit|root3:root3_inst|lpm_mult:Mult0|mult_vct:auto_generated|mac_out2     ; Simple Multiplier (18-bit) ; DSPOUT_X20_Y10_N2  ;                     ; No                             ;                       ;                       ;                   ; yes             ;
;    morr_l2:calc_unit|root3:root3_inst|lpm_mult:Mult0|mult_vct:auto_generated|mac_mult1 ;                            ; DSPMULT_X20_Y10_N0 ; Unsigned            ;                                ; no                    ; no                    ; no                ;                 ;
+----------------------------------------------------------------------------------------+----------------------------+--------------------+---------------------+--------------------------------+-----------------------+-----------------------+-------------------+-----------------+


+------------------------------------------------+
; Routing Usage Summary                          ;
+-----------------------+------------------------+
; Routing Resource Type ; Usage                  ;
+-----------------------+------------------------+
; Block interconnects   ; 900 / 32,401 ( 3 % )   ;
; C16 interconnects     ; 30 / 1,326 ( 2 % )     ;
; C4 interconnects      ; 529 / 21,816 ( 2 % )   ;
; Direct links          ; 123 / 32,401 ( < 1 % ) ;
; Global clocks         ; 1 / 10 ( 10 % )        ;
; Local interconnects   ; 535 / 10,320 ( 5 % )   ;
; R24 interconnects     ; 26 / 1,289 ( 2 % )     ;
; R4 interconnects      ; 577 / 28,186 ( 2 % )   ;
+-----------------------+------------------------+


+----------------------------------------------------------------------------+
; LAB Logic Elements                                                         ;
+---------------------------------------------+------------------------------+
; Number of Logic Elements  (Average = 13.47) ; Number of LABs  (Total = 64) ;
+---------------------------------------------+------------------------------+
; 1                                           ; 3                            ;
; 2                                           ; 1                            ;
; 3                                           ; 1                            ;
; 4                                           ; 1                            ;
; 5                                           ; 1                            ;
; 6                                           ; 0                            ;
; 7                                           ; 0                            ;
; 8                                           ; 2                            ;
; 9                                           ; 0                            ;
; 10                                          ; 1                            ;
; 11                                          ; 3                            ;
; 12                                          ; 2                            ;
; 13                                          ; 5                            ;
; 14                                          ; 0                            ;
; 15                                          ; 7                            ;
; 16                                          ; 37                           ;
+---------------------------------------------+------------------------------+


+-------------------------------------------------------------------+
; LAB-wide Signals                                                  ;
+------------------------------------+------------------------------+
; LAB-wide Signals  (Average = 2.03) ; Number of LABs  (Total = 64) ;
+------------------------------------+------------------------------+
; 1 Async. clear                     ; 46                           ;
; 1 Clock                            ; 46                           ;
; 1 Clock enable                     ; 19                           ;
; 1 Sync. clear                      ; 10                           ;
; 1 Sync. load                       ; 6                            ;
; 2 Clock enables                    ; 3                            ;
+------------------------------------+------------------------------+


+-----------------------------------------------------------------------------+
; LAB Signals Sourced                                                         ;
+----------------------------------------------+------------------------------+
; Number of Signals Sourced  (Average = 19.94) ; Number of LABs  (Total = 64) ;
+----------------------------------------------+------------------------------+
; 0                                            ; 1                            ;
; 1                                            ; 4                            ;
; 2                                            ; 1                            ;
; 3                                            ; 0                            ;
; 4                                            ; 1                            ;
; 5                                            ; 1                            ;
; 6                                            ; 1                            ;
; 7                                            ; 0                            ;
; 8                                            ; 1                            ;
; 9                                            ; 0                            ;
; 10                                           ; 0                            ;
; 11                                           ; 0                            ;
; 12                                           ; 0                            ;
; 13                                           ; 0                            ;
; 14                                           ; 0                            ;
; 15                                           ; 3                            ;
; 16                                           ; 9                            ;
; 17                                           ; 2                            ;
; 18                                           ; 1                            ;
; 19                                           ; 1                            ;
; 20                                           ; 1                            ;
; 21                                           ; 0                            ;
; 22                                           ; 3                            ;
; 23                                           ; 8                            ;
; 24                                           ; 3                            ;
; 25                                           ; 4                            ;
; 26                                           ; 1                            ;
; 27                                           ; 7                            ;
; 28                                           ; 1                            ;
; 29                                           ; 6                            ;
; 30                                           ; 0                            ;
; 31                                           ; 0                            ;
; 32                                           ; 4                            ;
+----------------------------------------------+------------------------------+


+--------------------------------------------------------------------------------+
; LAB Signals Sourced Out                                                        ;
+-------------------------------------------------+------------------------------+
; Number of Signals Sourced Out  (Average = 7.94) ; Number of LABs  (Total = 64) ;
+-------------------------------------------------+------------------------------+
; 0                                               ; 1                            ;
; 1                                               ; 7                            ;
; 2                                               ; 8                            ;
; 3                                               ; 3                            ;
; 4                                               ; 1                            ;
; 5                                               ; 2                            ;
; 6                                               ; 2                            ;
; 7                                               ; 4                            ;
; 8                                               ; 6                            ;
; 9                                               ; 7                            ;
; 10                                              ; 3                            ;
; 11                                              ; 5                            ;
; 12                                              ; 6                            ;
; 13                                              ; 2                            ;
; 14                                              ; 1                            ;
; 15                                              ; 0                            ;
; 16                                              ; 4                            ;
; 17                                              ; 0                            ;
; 18                                              ; 1                            ;
; 19                                              ; 0                            ;
; 20                                              ; 0                            ;
; 21                                              ; 0                            ;
; 22                                              ; 0                            ;
; 23                                              ; 0                            ;
; 24                                              ; 0                            ;
; 25                                              ; 0                            ;
; 26                                              ; 0                            ;
; 27                                              ; 0                            ;
; 28                                              ; 0                            ;
; 29                                              ; 0                            ;
; 30                                              ; 0                            ;
; 31                                              ; 0                            ;
; 32                                              ; 1                            ;
+-------------------------------------------------+------------------------------+


+-----------------------------------------------------------------------------+
; LAB Distinct Inputs                                                         ;
+----------------------------------------------+------------------------------+
; Number of Distinct Inputs  (Average = 13.14) ; Number of LABs  (Total = 64) ;
+----------------------------------------------+------------------------------+
; 0                                            ; 0                            ;
; 1                                            ; 0                            ;
; 2                                            ; 0                            ;
; 3                                            ; 6                            ;
; 4                                            ; 3                            ;
; 5                                            ; 1                            ;
; 6                                            ; 7                            ;
; 7                                            ; 3                            ;
; 8                                            ; 7                            ;
; 9                                            ; 4                            ;
; 10                                           ; 1                            ;
; 11                                           ; 1                            ;
; 12                                           ; 2                            ;
; 13                                           ; 1                            ;
; 14                                           ; 1                            ;
; 15                                           ; 5                            ;
; 16                                           ; 2                            ;
; 17                                           ; 1                            ;
; 18                                           ; 2                            ;
; 19                                           ; 3                            ;
; 20                                           ; 1                            ;
; 21                                           ; 1                            ;
; 22                                           ; 1                            ;
; 23                                           ; 0                            ;
; 24                                           ; 0                            ;
; 25                                           ; 1                            ;
; 26                                           ; 2                            ;
; 27                                           ; 1                            ;
; 28                                           ; 0                            ;
; 29                                           ; 1                            ;
; 30                                           ; 0                            ;
; 31                                           ; 0                            ;
; 32                                           ; 1                            ;
; 33                                           ; 3                            ;
; 34                                           ; 0                            ;
; 35                                           ; 1                            ;
+----------------------------------------------+------------------------------+


+------------------------------------------+
; I/O Rules Summary                        ;
+----------------------------------+-------+
; I/O Rules Statistic              ; Total ;
+----------------------------------+-------+
; Total I/O Rules                  ; 30    ;
; Number of I/O Rules Passed       ; 11    ;
; Number of I/O Rules Failed       ; 0     ;
; Number of I/O Rules Unchecked    ; 0     ;
; Number of I/O Rules Inapplicable ; 19    ;
+----------------------------------+-------+


+-------------------------------------------------------------------------------------------------------------------------------------------------------------------------------------------------------------------------------------------------------------------+
; I/O Rules Details                                                                                                                                                                                                                                                 ;
+--------------+-----------+-----------------------------------+------------------------------------------------------------------------------------------------------+----------+-------------------------------------------------------+------+-------------------+
; Status       ; ID        ; Category                          ; Rule Description                                                                                     ; Severity ; Information                                           ; Area ; Extra Information ;
+--------------+-----------+-----------------------------------+------------------------------------------------------------------------------------------------------+----------+-------------------------------------------------------+------+-------------------+
; Pass         ; IO_000001 ; Capacity Checks                   ; Number of pins in an I/O bank should not exceed the number of locations available.                   ; Critical ; 0 such failures found.                                ; I/O  ;                   ;
; Inapplicable ; IO_000002 ; Capacity Checks                   ; Number of clocks in an I/O bank should not exceed the number of clocks available.                    ; Critical ; No Global Signal assignments found.                   ; I/O  ;                   ;
; Pass         ; IO_000003 ; Capacity Checks                   ; Number of pins in a Vrefgroup should not exceed the number of locations available.                   ; Critical ; 0 such failures found.                                ; I/O  ;                   ;
; Inapplicable ; IO_000004 ; Voltage Compatibility Checks      ; The I/O bank should support the requested VCCIO.                                                     ; Critical ; No IOBANK_VCCIO assignments found.                    ; I/O  ;                   ;
; Inapplicable ; IO_000005 ; Voltage Compatibility Checks      ; The I/O bank should not have competing VREF values.                                                  ; Critical ; No VREF I/O Standard assignments found.               ; I/O  ;                   ;
; Pass         ; IO_000006 ; Voltage Compatibility Checks      ; The I/O bank should not have competing VCCIO values.                                                 ; Critical ; 0 such failures found.                                ; I/O  ;                   ;
; Pass         ; IO_000007 ; Valid Location Checks             ; Checks for unavailable locations.                                                                    ; Critical ; 0 such failures found.                                ; I/O  ;                   ;
; Inapplicable ; IO_000008 ; Valid Location Checks             ; Checks for reserved locations.                                                                       ; Critical ; No reserved LogicLock region found.                   ; I/O  ;                   ;
; Pass         ; IO_000009 ; I/O Properties Checks for One I/O ; The location should support the requested I/O standard.                                              ; Critical ; 0 such failures found.                                ; I/O  ;                   ;
; Pass         ; IO_000010 ; I/O Properties Checks for One I/O ; The location should support the requested I/O direction.                                             ; Critical ; 0 such failures found.                                ; I/O  ;                   ;
; Inapplicable ; IO_000011 ; I/O Properties Checks for One I/O ; The location should support the requested Current Strength.                                          ; Critical ; No Current Strength assignments found.                ; I/O  ;                   ;
; Inapplicable ; IO_000012 ; I/O Properties Checks for One I/O ; The location should support the requested On Chip Termination value.                                 ; Critical ; No Termination assignments found.                     ; I/O  ;                   ;
; Inapplicable ; IO_000013 ; I/O Properties Checks for One I/O ; The location should support the requested Bus Hold value.                                            ; Critical ; No Enable Bus-Hold Circuitry assignments found.       ; I/O  ;                   ;
; Pass         ; IO_000014 ; I/O Properties Checks for One I/O ; The location should support the requested Weak Pull Up value.                                        ; Critical ; 0 such failures found.                                ; I/O  ;                   ;
; Pass         ; IO_000015 ; I/O Properties Checks for One I/O ; The location should support the requested PCI Clamp Diode.                                           ; Critical ; 0 such failures found.                                ; I/O  ;                   ;
; Inapplicable ; IO_000018 ; I/O Properties Checks for One I/O ; The I/O standard should support the requested Current Strength.                                      ; Critical ; No Current Strength assignments found.                ; I/O  ;                   ;
; Inapplicable ; IO_000019 ; I/O Properties Checks for One I/O ; The I/O standard should support the requested On Chip Termination value.                             ; Critical ; No Termination assignments found.                     ; I/O  ;                   ;
; Pass         ; IO_000020 ; I/O Properties Checks for One I/O ; The I/O standard should support the requested PCI Clamp Diode.                                       ; Critical ; 0 such failures found.                                ; I/O  ;                   ;
; Pass         ; IO_000021 ; I/O Properties Checks for One I/O ; The I/O standard should support the requested Weak Pull Up value.                                    ; Critical ; 0 such failures found.                                ; I/O  ;                   ;
; Inapplicable ; IO_000022 ; I/O Properties Checks for One I/O ; The I/O standard should support the requested Bus Hold value.                                        ; Critical ; No Enable Bus-Hold Circuitry assignments found.       ; I/O  ;                   ;
; Inapplicable ; IO_000023 ; I/O Properties Checks for One I/O ; The I/O standard should support the Open Drain value.                                                ; Critical ; No open drain assignments found.                      ; I/O  ;                   ;
; Inapplicable ; IO_000024 ; I/O Properties Checks for One I/O ; The I/O direction should support the On Chip Termination value.                                      ; Critical ; No Termination assignments found.                     ; I/O  ;                   ;
; Inapplicable ; IO_000026 ; I/O Properties Checks for One I/O ; On Chip Termination and Current Strength should not be used at the same time.                        ; Critical ; No Current Strength or Termination assignments found. ; I/O  ;                   ;
; Inapplicable ; IO_000027 ; I/O Properties Checks for One I/O ; Weak Pull Up and Bus Hold should not be used at the same time.                                       ; Critical ; No Enable Bus-Hold Circuitry assignments found.       ; I/O  ;                   ;
; Inapplicable ; IO_000045 ; I/O Properties Checks for One I/O ; The I/O standard should support the requested Slew Rate value.                                       ; Critical ; No Slew Rate assignments found.                       ; I/O  ;                   ;
; Inapplicable ; IO_000046 ; I/O Properties Checks for One I/O ; The location should support the requested Slew Rate value.                                           ; Critical ; No Slew Rate assignments found.                       ; I/O  ;                   ;
; Inapplicable ; IO_000047 ; I/O Properties Checks for One I/O ; On Chip Termination and Slew Rate should not be used at the same time.                               ; Critical ; No Slew Rate assignments found.                       ; I/O  ;                   ;
; Pass         ; IO_000033 ; Electromigration Checks           ; Current density for consecutive I/Os should not exceed 240mA for row I/Os and 240mA for column I/Os. ; Critical ; 0 such failures found.                                ; I/O  ;                   ;
; Inapplicable ; IO_000034 ; SI Related Distance Checks        ; Single-ended outputs should be 5 LAB row(s) away from a differential I/O.                            ; High     ; No Differential I/O Standard assignments found.       ; I/O  ;                   ;
; Inapplicable ; IO_000042 ; SI Related SSO Limit Checks       ; No more than 20 outputs are allowed in a VREF group when VREF is being read from.                    ; High     ; No VREF I/O Standard assignments found.               ; I/O  ;                   ;
+--------------+-----------+-----------------------------------+------------------------------------------------------------------------------------------------------+----------+-------------------------------------------------------+------+-------------------+


+------------------------------------------------------------------------------------------------------------------------------------------------------------------------------------------------------------------------------------------------------------------------------------------------------------------------------------------------------------------------------------------------------------------------------------------------------------------------+
; I/O Rules Matrix                                                                                                                                                                                                                                                                                                                                                                                                                                                       ;
+---------------------------+-----------+--------------+-----------+--------------+--------------+-----------+-----------+--------------+-----------+-----------+--------------+--------------+--------------+--------------+--------------+--------------+--------------+--------------+--------------+--------------+--------------+--------------+--------------+--------------+--------------+--------------+--------------+-----------+--------------+--------------+
; Pin/Rules                 ; IO_000001 ; IO_000002    ; IO_000003 ; IO_000004    ; IO_000005    ; IO_000006 ; IO_000007 ; IO_000008    ; IO_000009 ; IO_000010 ; IO_000011    ; IO_000012    ; IO_000013    ; IO_000014    ; IO_000015    ; IO_000018    ; IO_000019    ; IO_000020    ; IO_000021    ; IO_000022    ; IO_000023    ; IO_000024    ; IO_000026    ; IO_000027    ; IO_000045    ; IO_000046    ; IO_000047    ; IO_000033 ; IO_000034    ; IO_000042    ;
+---------------------------+-----------+--------------+-----------+--------------+--------------+-----------+-----------+--------------+-----------+-----------+--------------+--------------+--------------+--------------+--------------+--------------+--------------+--------------+--------------+--------------+--------------+--------------+--------------+--------------+--------------+--------------+--------------+-----------+--------------+--------------+
; Total Pass                ; 93        ; 0            ; 93        ; 0            ; 0            ; 93        ; 93        ; 0            ; 93        ; 93        ; 0            ; 0            ; 0            ; 34           ; 39           ; 0            ; 0            ; 39           ; 34           ; 0            ; 0            ; 0            ; 0            ; 0            ; 0            ; 0            ; 0            ; 93        ; 0            ; 0            ;
; Total Unchecked           ; 0         ; 0            ; 0         ; 0            ; 0            ; 0         ; 0         ; 0            ; 0         ; 0         ; 0            ; 0            ; 0            ; 0            ; 0            ; 0            ; 0            ; 0            ; 0            ; 0            ; 0            ; 0            ; 0            ; 0            ; 0            ; 0            ; 0            ; 0         ; 0            ; 0            ;
; Total Inapplicable        ; 0         ; 93           ; 0         ; 93           ; 93           ; 0         ; 0         ; 93           ; 0         ; 0         ; 93           ; 93           ; 93           ; 59           ; 54           ; 93           ; 93           ; 54           ; 59           ; 93           ; 93           ; 93           ; 93           ; 93           ; 93           ; 93           ; 93           ; 0         ; 93           ; 93           ;
; Total Fail                ; 0         ; 0            ; 0         ; 0            ; 0            ; 0         ; 0         ; 0            ; 0         ; 0         ; 0            ; 0            ; 0            ; 0            ; 0            ; 0            ; 0            ; 0            ; 0            ; 0            ; 0            ; 0            ; 0            ; 0            ; 0            ; 0            ; 0            ; 0         ; 0            ; 0            ;
; LED[0]                    ; Pass      ; Inapplicable ; Pass      ; Inapplicable ; Inapplicable ; Pass      ; Pass      ; Inapplicable ; Pass      ; Pass      ; Inapplicable ; Inapplicable ; Inapplicable ; Inapplicable ; Inapplicable ; Inapplicable ; Inapplicable ; Inapplicable ; Inapplicable ; Inapplicable ; Inapplicable ; Inapplicable ; Inapplicable ; Inapplicable ; Inapplicable ; Inapplicable ; Inapplicable ; Pass      ; Inapplicable ; Inapplicable ;
; LED[1]                    ; Pass      ; Inapplicable ; Pass      ; Inapplicable ; Inapplicable ; Pass      ; Pass      ; Inapplicable ; Pass      ; Pass      ; Inapplicable ; Inapplicable ; Inapplicable ; Inapplicable ; Inapplicable ; Inapplicable ; Inapplicable ; Inapplicable ; Inapplicable ; Inapplicable ; Inapplicable ; Inapplicable ; Inapplicable ; Inapplicable ; Inapplicable ; Inapplicable ; Inapplicable ; Pass      ; Inapplicable ; Inapplicable ;
; LED[2]                    ; Pass      ; Inapplicable ; Pass      ; Inapplicable ; Inapplicable ; Pass      ; Pass      ; Inapplicable ; Pass      ; Pass      ; Inapplicable ; Inapplicable ; Inapplicable ; Inapplicable ; Inapplicable ; Inapplicable ; Inapplicable ; Inapplicable ; Inapplicable ; Inapplicable ; Inapplicable ; Inapplicable ; Inapplicable ; Inapplicable ; Inapplicable ; Inapplicable ; Inapplicable ; Pass      ; Inapplicable ; Inapplicable ;
; LED[3]                    ; Pass      ; Inapplicable ; Pass      ; Inapplicable ; Inapplicable ; Pass      ; Pass      ; Inapplicable ; Pass      ; Pass      ; Inapplicable ; Inapplicable ; Inapplicable ; Inapplicable ; Inapplicable ; Inapplicable ; Inapplicable ; Inapplicable ; Inapplicable ; Inapplicable ; Inapplicable ; Inapplicable ; Inapplicable ; Inapplicable ; Inapplicable ; Inapplicable ; Inapplicable ; Pass      ; Inapplicable ; Inapplicable ;
; SEG_DATA[0]               ; Pass      ; Inapplicable ; Pass      ; Inapplicable ; Inapplicable ; Pass      ; Pass      ; Inapplicable ; Pass      ; Pass      ; Inapplicable ; Inapplicable ; Inapplicable ; Inapplicable ; Inapplicable ; Inapplicable ; Inapplicable ; Inapplicable ; Inapplicable ; Inapplicable ; Inapplicable ; Inapplicable ; Inapplicable ; Inapplicable ; Inapplicable ; Inapplicable ; Inapplicable ; Pass      ; Inapplicable ; Inapplicable ;
; SEG_DATA[1]               ; Pass      ; Inapplicable ; Pass      ; Inapplicable ; Inapplicable ; Pass      ; Pass      ; Inapplicable ; Pass      ; Pass      ; Inapplicable ; Inapplicable ; Inapplicable ; Inapplicable ; Inapplicable ; Inapplicable ; Inapplicable ; Inapplicable ; Inapplicable ; Inapplicable ; Inapplicable ; Inapplicable ; Inapplicable ; Inapplicable ; Inapplicable ; Inapplicable ; Inapplicable ; Pass      ; Inapplicable ; Inapplicable ;
; SEG_DATA[2]               ; Pass      ; Inapplicable ; Pass      ; Inapplicable ; Inapplicable ; Pass      ; Pass      ; Inapplicable ; Pass      ; Pass      ; Inapplicable ; Inapplicable ; Inapplicable ; Inapplicable ; Inapplicable ; Inapplicable ; Inapplicable ; Inapplicable ; Inapplicable ; Inapplicable ; Inapplicable ; Inapplicable ; Inapplicable ; Inapplicable ; Inapplicable ; Inapplicable ; Inapplicable ; Pass      ; Inapplicable ; Inapplicable ;
; SEG_DATA[3]               ; Pass      ; Inapplicable ; Pass      ; Inapplicable ; Inapplicable ; Pass      ; Pass      ; Inapplicable ; Pass      ; Pass      ; Inapplicable ; Inapplicable ; Inapplicable ; Inapplicable ; Inapplicable ; Inapplicable ; Inapplicable ; Inapplicable ; Inapplicable ; Inapplicable ; Inapplicable ; Inapplicable ; Inapplicable ; Inapplicable ; Inapplicable ; Inapplicable ; Inapplicable ; Pass      ; Inapplicable ; Inapplicable ;
; SEG_DATA[4]               ; Pass      ; Inapplicable ; Pass      ; Inapplicable ; Inapplicable ; Pass      ; Pass      ; Inapplicable ; Pass      ; Pass      ; Inapplicable ; Inapplicable ; Inapplicable ; Inapplicable ; Inapplicable ; Inapplicable ; Inapplicable ; Inapplicable ; Inapplicable ; Inapplicable ; Inapplicable ; Inapplicable ; Inapplicable ; Inapplicable ; Inapplicable ; Inapplicable ; Inapplicable ; Pass      ; Inapplicable ; Inapplicable ;
; SEG_DATA[5]               ; Pass      ; Inapplicable ; Pass      ; Inapplicable ; Inapplicable ; Pass      ; Pass      ; Inapplicable ; Pass      ; Pass      ; Inapplicable ; Inapplicable ; Inapplicable ; Inapplicable ; Inapplicable ; Inapplicable ; Inapplicable ; Inapplicable ; Inapplicable ; Inapplicable ; Inapplicable ; Inapplicable ; Inapplicable ; Inapplicable ; Inapplicable ; Inapplicable ; Inapplicable ; Pass      ; Inapplicable ; Inapplicable ;
; SEG_DATA[6]               ; Pass      ; Inapplicable ; Pass      ; Inapplicable ; Inapplicable ; Pass      ; Pass      ; Inapplicable ; Pass      ; Pass      ; Inapplicable ; Inapplicable ; Inapplicable ; Inapplicable ; Inapplicable ; Inapplicable ; Inapplicable ; Inapplicable ; Inapplicable ; Inapplicable ; Inapplicable ; Inapplicable ; Inapplicable ; Inapplicable ; Inapplicable ; Inapplicable ; Inapplicable ; Pass      ; Inapplicable ; Inapplicable ;
; SEG_DATA[7]               ; Pass      ; Inapplicable ; Pass      ; Inapplicable ; Inapplicable ; Pass      ; Pass      ; Inapplicable ; Pass      ; Pass      ; Inapplicable ; Inapplicable ; Inapplicable ; Inapplicable ; Inapplicable ; Inapplicable ; Inapplicable ; Inapplicable ; Inapplicable ; Inapplicable ; Inapplicable ; Inapplicable ; Inapplicable ; Inapplicable ; Inapplicable ; Inapplicable ; Inapplicable ; Pass      ; Inapplicable ; Inapplicable ;
; SEG_SEL[0]                ; Pass      ; Inapplicable ; Pass      ; Inapplicable ; Inapplicable ; Pass      ; Pass      ; Inapplicable ; Pass      ; Pass      ; Inapplicable ; Inapplicable ; Inapplicable ; Inapplicable ; Inapplicable ; Inapplicable ; Inapplicable ; Inapplicable ; Inapplicable ; Inapplicable ; Inapplicable ; Inapplicable ; Inapplicable ; Inapplicable ; Inapplicable ; Inapplicable ; Inapplicable ; Pass      ; Inapplicable ; Inapplicable ;
; SEG_SEL[1]                ; Pass      ; Inapplicable ; Pass      ; Inapplicable ; Inapplicable ; Pass      ; Pass      ; Inapplicable ; Pass      ; Pass      ; Inapplicable ; Inapplicable ; Inapplicable ; Inapplicable ; Inapplicable ; Inapplicable ; Inapplicable ; Inapplicable ; Inapplicable ; Inapplicable ; Inapplicable ; Inapplicable ; Inapplicable ; Inapplicable ; Inapplicable ; Inapplicable ; Inapplicable ; Pass      ; Inapplicable ; Inapplicable ;
; SEG_SEL[2]                ; Pass      ; Inapplicable ; Pass      ; Inapplicable ; Inapplicable ; Pass      ; Pass      ; Inapplicable ; Pass      ; Pass      ; Inapplicable ; Inapplicable ; Inapplicable ; Inapplicable ; Inapplicable ; Inapplicable ; Inapplicable ; Inapplicable ; Inapplicable ; Inapplicable ; Inapplicable ; Inapplicable ; Inapplicable ; Inapplicable ; Inapplicable ; Inapplicable ; Inapplicable ; Pass      ; Inapplicable ; Inapplicable ;
; SEG_SEL[3]                ; Pass      ; Inapplicable ; Pass      ; Inapplicable ; Inapplicable ; Pass      ; Pass      ; Inapplicable ; Pass      ; Pass      ; Inapplicable ; Inapplicable ; Inapplicable ; Inapplicable ; Inapplicable ; Inapplicable ; Inapplicable ; Inapplicable ; Inapplicable ; Inapplicable ; Inapplicable ; Inapplicable ; Inapplicable ; Inapplicable ; Inapplicable ; Inapplicable ; Inapplicable ; Pass      ; Inapplicable ; Inapplicable ;
; SEG_SEL[4]                ; Pass      ; Inapplicable ; Pass      ; Inapplicable ; Inapplicable ; Pass      ; Pass      ; Inapplicable ; Pass      ; Pass      ; Inapplicable ; Inapplicable ; Inapplicable ; Inapplicable ; Inapplicable ; Inapplicable ; Inapplicable ; Inapplicable ; Inapplicable ; Inapplicable ; Inapplicable ; Inapplicable ; Inapplicable ; Inapplicable ; Inapplicable ; Inapplicable ; Inapplicable ; Pass      ; Inapplicable ; Inapplicable ;
; SEG_SEL[5]                ; Pass      ; Inapplicable ; Pass      ; Inapplicable ; Inapplicable ; Pass      ; Pass      ; Inapplicable ; Pass      ; Pass      ; Inapplicable ; Inapplicable ; Inapplicable ; Inapplicable ; Inapplicable ; Inapplicable ; Inapplicable ; Inapplicable ; Inapplicable ; Inapplicable ; Inapplicable ; Inapplicable ; Inapplicable ; Inapplicable ; Inapplicable ; Inapplicable ; Inapplicable ; Pass      ; Inapplicable ; Inapplicable ;
; SEG_SEL[6]                ; Pass      ; Inapplicable ; Pass      ; Inapplicable ; Inapplicable ; Pass      ; Pass      ; Inapplicable ; Pass      ; Pass      ; Inapplicable ; Inapplicable ; Inapplicable ; Inapplicable ; Inapplicable ; Inapplicable ; Inapplicable ; Inapplicable ; Inapplicable ; Inapplicable ; Inapplicable ; Inapplicable ; Inapplicable ; Inapplicable ; Inapplicable ; Inapplicable ; Inapplicable ; Pass      ; Inapplicable ; Inapplicable ;
; SEG_SEL[7]                ; Pass      ; Inapplicable ; Pass      ; Inapplicable ; Inapplicable ; Pass      ; Pass      ; Inapplicable ; Pass      ; Pass      ; Inapplicable ; Inapplicable ; Inapplicable ; Inapplicable ; Inapplicable ; Inapplicable ; Inapplicable ; Inapplicable ; Inapplicable ; Inapplicable ; Inapplicable ; Inapplicable ; Inapplicable ; Inapplicable ; Inapplicable ; Inapplicable ; Inapplicable ; Pass      ; Inapplicable ; Inapplicable ;
; GPIO_0_out_zero_value[0]  ; Pass      ; Inapplicable ; Pass      ; Inapplicable ; Inapplicable ; Pass      ; Pass      ; Inapplicable ; Pass      ; Pass      ; Inapplicable ; Inapplicable ; Inapplicable ; Inapplicable ; Inapplicable ; Inapplicable ; Inapplicable ; Inapplicable ; Inapplicable ; Inapplicable ; Inapplicable ; Inapplicable ; Inapplicable ; Inapplicable ; Inapplicable ; Inapplicable ; Inapplicable ; Pass      ; Inapplicable ; Inapplicable ;
; GPIO_0_out_zero_value[1]  ; Pass      ; Inapplicable ; Pass      ; Inapplicable ; Inapplicable ; Pass      ; Pass      ; Inapplicable ; Pass      ; Pass      ; Inapplicable ; Inapplicable ; Inapplicable ; Inapplicable ; Inapplicable ; Inapplicable ; Inapplicable ; Inapplicable ; Inapplicable ; Inapplicable ; Inapplicable ; Inapplicable ; Inapplicable ; Inapplicable ; Inapplicable ; Inapplicable ; Inapplicable ; Pass      ; Inapplicable ; Inapplicable ;
; GPIO_0_out_zero_value[2]  ; Pass      ; Inapplicable ; Pass      ; Inapplicable ; Inapplicable ; Pass      ; Pass      ; Inapplicable ; Pass      ; Pass      ; Inapplicable ; Inapplicable ; Inapplicable ; Inapplicable ; Inapplicable ; Inapplicable ; Inapplicable ; Inapplicable ; Inapplicable ; Inapplicable ; Inapplicable ; Inapplicable ; Inapplicable ; Inapplicable ; Inapplicable ; Inapplicable ; Inapplicable ; Pass      ; Inapplicable ; Inapplicable ;
; GPIO_0_out_zero_value[3]  ; Pass      ; Inapplicable ; Pass      ; Inapplicable ; Inapplicable ; Pass      ; Pass      ; Inapplicable ; Pass      ; Pass      ; Inapplicable ; Inapplicable ; Inapplicable ; Inapplicable ; Inapplicable ; Inapplicable ; Inapplicable ; Inapplicable ; Inapplicable ; Inapplicable ; Inapplicable ; Inapplicable ; Inapplicable ; Inapplicable ; Inapplicable ; Inapplicable ; Inapplicable ; Pass      ; Inapplicable ; Inapplicable ;
; GPIO_0_out_zero_value[4]  ; Pass      ; Inapplicable ; Pass      ; Inapplicable ; Inapplicable ; Pass      ; Pass      ; Inapplicable ; Pass      ; Pass      ; Inapplicable ; Inapplicable ; Inapplicable ; Inapplicable ; Inapplicable ; Inapplicable ; Inapplicable ; Inapplicable ; Inapplicable ; Inapplicable ; Inapplicable ; Inapplicable ; Inapplicable ; Inapplicable ; Inapplicable ; Inapplicable ; Inapplicable ; Pass      ; Inapplicable ; Inapplicable ;
; GPIO_0_out_zero_value[5]  ; Pass      ; Inapplicable ; Pass      ; Inapplicable ; Inapplicable ; Pass      ; Pass      ; Inapplicable ; Pass      ; Pass      ; Inapplicable ; Inapplicable ; Inapplicable ; Inapplicable ; Inapplicable ; Inapplicable ; Inapplicable ; Inapplicable ; Inapplicable ; Inapplicable ; Inapplicable ; Inapplicable ; Inapplicable ; Inapplicable ; Inapplicable ; Inapplicable ; Inapplicable ; Pass      ; Inapplicable ; Inapplicable ;
; GPIO_0_out_zero_value[6]  ; Pass      ; Inapplicable ; Pass      ; Inapplicable ; Inapplicable ; Pass      ; Pass      ; Inapplicable ; Pass      ; Pass      ; Inapplicable ; Inapplicable ; Inapplicable ; Inapplicable ; Inapplicable ; Inapplicable ; Inapplicable ; Inapplicable ; Inapplicable ; Inapplicable ; Inapplicable ; Inapplicable ; Inapplicable ; Inapplicable ; Inapplicable ; Inapplicable ; Inapplicable ; Pass      ; Inapplicable ; Inapplicable ;
; GPIO_0_out_zero_value[7]  ; Pass      ; Inapplicable ; Pass      ; Inapplicable ; Inapplicable ; Pass      ; Pass      ; Inapplicable ; Pass      ; Pass      ; Inapplicable ; Inapplicable ; Inapplicable ; Inapplicable ; Inapplicable ; Inapplicable ; Inapplicable ; Inapplicable ; Inapplicable ; Inapplicable ; Inapplicable ; Inapplicable ; Inapplicable ; Inapplicable ; Inapplicable ; Inapplicable ; Inapplicable ; Pass      ; Inapplicable ; Inapplicable ;
; GPIO_0_out_zero_value[8]  ; Pass      ; Inapplicable ; Pass      ; Inapplicable ; Inapplicable ; Pass      ; Pass      ; Inapplicable ; Pass      ; Pass      ; Inapplicable ; Inapplicable ; Inapplicable ; Inapplicable ; Inapplicable ; Inapplicable ; Inapplicable ; Inapplicable ; Inapplicable ; Inapplicable ; Inapplicable ; Inapplicable ; Inapplicable ; Inapplicable ; Inapplicable ; Inapplicable ; Inapplicable ; Pass      ; Inapplicable ; Inapplicable ;
; GPIO_0_out_zero_value[9]  ; Pass      ; Inapplicable ; Pass      ; Inapplicable ; Inapplicable ; Pass      ; Pass      ; Inapplicable ; Pass      ; Pass      ; Inapplicable ; Inapplicable ; Inapplicable ; Inapplicable ; Inapplicable ; Inapplicable ; Inapplicable ; Inapplicable ; Inapplicable ; Inapplicable ; Inapplicable ; Inapplicable ; Inapplicable ; Inapplicable ; Inapplicable ; Inapplicable ; Inapplicable ; Pass      ; Inapplicable ; Inapplicable ;
; GPIO_0_out_zero_value[10] ; Pass      ; Inapplicable ; Pass      ; Inapplicable ; Inapplicable ; Pass      ; Pass      ; Inapplicable ; Pass      ; Pass      ; Inapplicable ; Inapplicable ; Inapplicable ; Inapplicable ; Inapplicable ; Inapplicable ; Inapplicable ; Inapplicable ; Inapplicable ; Inapplicable ; Inapplicable ; Inapplicable ; Inapplicable ; Inapplicable ; Inapplicable ; Inapplicable ; Inapplicable ; Pass      ; Inapplicable ; Inapplicable ;
; GPIO_0_out_zero_value[11] ; Pass      ; Inapplicable ; Pass      ; Inapplicable ; Inapplicable ; Pass      ; Pass      ; Inapplicable ; Pass      ; Pass      ; Inapplicable ; Inapplicable ; Inapplicable ; Inapplicable ; Inapplicable ; Inapplicable ; Inapplicable ; Inapplicable ; Inapplicable ; Inapplicable ; Inapplicable ; Inapplicable ; Inapplicable ; Inapplicable ; Inapplicable ; Inapplicable ; Inapplicable ; Pass      ; Inapplicable ; Inapplicable ;
; GPIO_0_out_zero_value[12] ; Pass      ; Inapplicable ; Pass      ; Inapplicable ; Inapplicable ; Pass      ; Pass      ; Inapplicable ; Pass      ; Pass      ; Inapplicable ; Inapplicable ; Inapplicable ; Inapplicable ; Inapplicable ; Inapplicable ; Inapplicable ; Inapplicable ; Inapplicable ; Inapplicable ; Inapplicable ; Inapplicable ; Inapplicable ; Inapplicable ; Inapplicable ; Inapplicable ; Inapplicable ; Pass      ; Inapplicable ; Inapplicable ;
; GPIO_0_out_zero_value[13] ; Pass      ; Inapplicable ; Pass      ; Inapplicable ; Inapplicable ; Pass      ; Pass      ; Inapplicable ; Pass      ; Pass      ; Inapplicable ; Inapplicable ; Inapplicable ; Inapplicable ; Inapplicable ; Inapplicable ; Inapplicable ; Inapplicable ; Inapplicable ; Inapplicable ; Inapplicable ; Inapplicable ; Inapplicable ; Inapplicable ; Inapplicable ; Inapplicable ; Inapplicable ; Pass      ; Inapplicable ; Inapplicable ;
; GPIO_0_out_zero_value[14] ; Pass      ; Inapplicable ; Pass      ; Inapplicable ; Inapplicable ; Pass      ; Pass      ; Inapplicable ; Pass      ; Pass      ; Inapplicable ; Inapplicable ; Inapplicable ; Inapplicable ; Inapplicable ; Inapplicable ; Inapplicable ; Inapplicable ; Inapplicable ; Inapplicable ; Inapplicable ; Inapplicable ; Inapplicable ; Inapplicable ; Inapplicable ; Inapplicable ; Inapplicable ; Pass      ; Inapplicable ; Inapplicable ;
; GPIO_0_out_zero_value[15] ; Pass      ; Inapplicable ; Pass      ; Inapplicable ; Inapplicable ; Pass      ; Pass      ; Inapplicable ; Pass      ; Pass      ; Inapplicable ; Inapplicable ; Inapplicable ; Inapplicable ; Inapplicable ; Inapplicable ; Inapplicable ; Inapplicable ; Inapplicable ; Inapplicable ; Inapplicable ; Inapplicable ; Inapplicable ; Inapplicable ; Inapplicable ; Inapplicable ; Inapplicable ; Pass      ; Inapplicable ; Inapplicable ;
; GPIO_0_out_zero_value[16] ; Pass      ; Inapplicable ; Pass      ; Inapplicable ; Inapplicable ; Pass      ; Pass      ; Inapplicable ; Pass      ; Pass      ; Inapplicable ; Inapplicable ; Inapplicable ; Inapplicable ; Inapplicable ; Inapplicable ; Inapplicable ; Inapplicable ; Inapplicable ; Inapplicable ; Inapplicable ; Inapplicable ; Inapplicable ; Inapplicable ; Inapplicable ; Inapplicable ; Inapplicable ; Pass      ; Inapplicable ; Inapplicable ;
; GPIO_0_input_pullup[16]   ; Pass      ; Inapplicable ; Pass      ; Inapplicable ; Inapplicable ; Pass      ; Pass      ; Inapplicable ; Pass      ; Pass      ; Inapplicable ; Inapplicable ; Inapplicable ; Pass         ; Pass         ; Inapplicable ; Inapplicable ; Pass         ; Pass         ; Inapplicable ; Inapplicable ; Inapplicable ; Inapplicable ; Inapplicable ; Inapplicable ; Inapplicable ; Inapplicable ; Pass      ; Inapplicable ; Inapplicable ;
; GPIO_1_out_zero_value[0]  ; Pass      ; Inapplicable ; Pass      ; Inapplicable ; Inapplicable ; Pass      ; Pass      ; Inapplicable ; Pass      ; Pass      ; Inapplicable ; Inapplicable ; Inapplicable ; Inapplicable ; Inapplicable ; Inapplicable ; Inapplicable ; Inapplicable ; Inapplicable ; Inapplicable ; Inapplicable ; Inapplicable ; Inapplicable ; Inapplicable ; Inapplicable ; Inapplicable ; Inapplicable ; Pass      ; Inapplicable ; Inapplicable ;
; GPIO_1_out_zero_value[1]  ; Pass      ; Inapplicable ; Pass      ; Inapplicable ; Inapplicable ; Pass      ; Pass      ; Inapplicable ; Pass      ; Pass      ; Inapplicable ; Inapplicable ; Inapplicable ; Inapplicable ; Inapplicable ; Inapplicable ; Inapplicable ; Inapplicable ; Inapplicable ; Inapplicable ; Inapplicable ; Inapplicable ; Inapplicable ; Inapplicable ; Inapplicable ; Inapplicable ; Inapplicable ; Pass      ; Inapplicable ; Inapplicable ;
; GPIO_1_out_zero_value[2]  ; Pass      ; Inapplicable ; Pass      ; Inapplicable ; Inapplicable ; Pass      ; Pass      ; Inapplicable ; Pass      ; Pass      ; Inapplicable ; Inapplicable ; Inapplicable ; Inapplicable ; Inapplicable ; Inapplicable ; Inapplicable ; Inapplicable ; Inapplicable ; Inapplicable ; Inapplicable ; Inapplicable ; Inapplicable ; Inapplicable ; Inapplicable ; Inapplicable ; Inapplicable ; Pass      ; Inapplicable ; Inapplicable ;
; GPIO_1_out_zero_value[3]  ; Pass      ; Inapplicable ; Pass      ; Inapplicable ; Inapplicable ; Pass      ; Pass      ; Inapplicable ; Pass      ; Pass      ; Inapplicable ; Inapplicable ; Inapplicable ; Inapplicable ; Inapplicable ; Inapplicable ; Inapplicable ; Inapplicable ; Inapplicable ; Inapplicable ; Inapplicable ; Inapplicable ; Inapplicable ; Inapplicable ; Inapplicable ; Inapplicable ; Inapplicable ; Pass      ; Inapplicable ; Inapplicable ;
; GPIO_1_out_zero_value[4]  ; Pass      ; Inapplicable ; Pass      ; Inapplicable ; Inapplicable ; Pass      ; Pass      ; Inapplicable ; Pass      ; Pass      ; Inapplicable ; Inapplicable ; Inapplicable ; Inapplicable ; Inapplicable ; Inapplicable ; Inapplicable ; Inapplicable ; Inapplicable ; Inapplicable ; Inapplicable ; Inapplicable ; Inapplicable ; Inapplicable ; Inapplicable ; Inapplicable ; Inapplicable ; Pass      ; Inapplicable ; Inapplicable ;
; GPIO_1_out_zero_value[5]  ; Pass      ; Inapplicable ; Pass      ; Inapplicable ; Inapplicable ; Pass      ; Pass      ; Inapplicable ; Pass      ; Pass      ; Inapplicable ; Inapplicable ; Inapplicable ; Inapplicable ; Inapplicable ; Inapplicable ; Inapplicable ; Inapplicable ; Inapplicable ; Inapplicable ; Inapplicable ; Inapplicable ; Inapplicable ; Inapplicable ; Inapplicable ; Inapplicable ; Inapplicable ; Pass      ; Inapplicable ; Inapplicable ;
; GPIO_1_out_zero_value[6]  ; Pass      ; Inapplicable ; Pass      ; Inapplicable ; Inapplicable ; Pass      ; Pass      ; Inapplicable ; Pass      ; Pass      ; Inapplicable ; Inapplicable ; Inapplicable ; Inapplicable ; Inapplicable ; Inapplicable ; Inapplicable ; Inapplicable ; Inapplicable ; Inapplicable ; Inapplicable ; Inapplicable ; Inapplicable ; Inapplicable ; Inapplicable ; Inapplicable ; Inapplicable ; Pass      ; Inapplicable ; Inapplicable ;
; GPIO_1_out_zero_value[7]  ; Pass      ; Inapplicable ; Pass      ; Inapplicable ; Inapplicable ; Pass      ; Pass      ; Inapplicable ; Pass      ; Pass      ; Inapplicable ; Inapplicable ; Inapplicable ; Inapplicable ; Inapplicable ; Inapplicable ; Inapplicable ; Inapplicable ; Inapplicable ; Inapplicable ; Inapplicable ; Inapplicable ; Inapplicable ; Inapplicable ; Inapplicable ; Inapplicable ; Inapplicable ; Pass      ; Inapplicable ; Inapplicable ;
; GPIO_1_out_zero_value[8]  ; Pass      ; Inapplicable ; Pass      ; Inapplicable ; Inapplicable ; Pass      ; Pass      ; Inapplicable ; Pass      ; Pass      ; Inapplicable ; Inapplicable ; Inapplicable ; Inapplicable ; Inapplicable ; Inapplicable ; Inapplicable ; Inapplicable ; Inapplicable ; Inapplicable ; Inapplicable ; Inapplicable ; Inapplicable ; Inapplicable ; Inapplicable ; Inapplicable ; Inapplicable ; Pass      ; Inapplicable ; Inapplicable ;
; GPIO_1_out_zero_value[9]  ; Pass      ; Inapplicable ; Pass      ; Inapplicable ; Inapplicable ; Pass      ; Pass      ; Inapplicable ; Pass      ; Pass      ; Inapplicable ; Inapplicable ; Inapplicable ; Inapplicable ; Inapplicable ; Inapplicable ; Inapplicable ; Inapplicable ; Inapplicable ; Inapplicable ; Inapplicable ; Inapplicable ; Inapplicable ; Inapplicable ; Inapplicable ; Inapplicable ; Inapplicable ; Pass      ; Inapplicable ; Inapplicable ;
; GPIO_1_out_zero_value[10] ; Pass      ; Inapplicable ; Pass      ; Inapplicable ; Inapplicable ; Pass      ; Pass      ; Inapplicable ; Pass      ; Pass      ; Inapplicable ; Inapplicable ; Inapplicable ; Inapplicable ; Inapplicable ; Inapplicable ; Inapplicable ; Inapplicable ; Inapplicable ; Inapplicable ; Inapplicable ; Inapplicable ; Inapplicable ; Inapplicable ; Inapplicable ; Inapplicable ; Inapplicable ; Pass      ; Inapplicable ; Inapplicable ;
; GPIO_1_out_zero_value[11] ; Pass      ; Inapplicable ; Pass      ; Inapplicable ; Inapplicable ; Pass      ; Pass      ; Inapplicable ; Pass      ; Pass      ; Inapplicable ; Inapplicable ; Inapplicable ; Inapplicable ; Inapplicable ; Inapplicable ; Inapplicable ; Inapplicable ; Inapplicable ; Inapplicable ; Inapplicable ; Inapplicable ; Inapplicable ; Inapplicable ; Inapplicable ; Inapplicable ; Inapplicable ; Pass      ; Inapplicable ; Inapplicable ;
; GPIO_1_out_zero_value[12] ; Pass      ; Inapplicable ; Pass      ; Inapplicable ; Inapplicable ; Pass      ; Pass      ; Inapplicable ; Pass      ; Pass      ; Inapplicable ; Inapplicable ; Inapplicable ; Inapplicable ; Inapplicable ; Inapplicable ; Inapplicable ; Inapplicable ; Inapplicable ; Inapplicable ; Inapplicable ; Inapplicable ; Inapplicable ; Inapplicable ; Inapplicable ; Inapplicable ; Inapplicable ; Pass      ; Inapplicable ; Inapplicable ;
; GPIO_1_out_zero_value[13] ; Pass      ; Inapplicable ; Pass      ; Inapplicable ; Inapplicable ; Pass      ; Pass      ; Inapplicable ; Pass      ; Pass      ; Inapplicable ; Inapplicable ; Inapplicable ; Inapplicable ; Inapplicable ; Inapplicable ; Inapplicable ; Inapplicable ; Inapplicable ; Inapplicable ; Inapplicable ; Inapplicable ; Inapplicable ; Inapplicable ; Inapplicable ; Inapplicable ; Inapplicable ; Pass      ; Inapplicable ; Inapplicable ;
; GPIO_1_out_zero_value[14] ; Pass      ; Inapplicable ; Pass      ; Inapplicable ; Inapplicable ; Pass      ; Pass      ; Inapplicable ; Pass      ; Pass      ; Inapplicable ; Inapplicable ; Inapplicable ; Inapplicable ; Inapplicable ; Inapplicable ; Inapplicable ; Inapplicable ; Inapplicable ; Inapplicable ; Inapplicable ; Inapplicable ; Inapplicable ; Inapplicable ; Inapplicable ; Inapplicable ; Inapplicable ; Pass      ; Inapplicable ; Inapplicable ;
; GPIO_1_out_zero_value[15] ; Pass      ; Inapplicable ; Pass      ; Inapplicable ; Inapplicable ; Pass      ; Pass      ; Inapplicable ; Pass      ; Pass      ; Inapplicable ; Inapplicable ; Inapplicable ; Inapplicable ; Inapplicable ; Inapplicable ; Inapplicable ; Inapplicable ; Inapplicable ; Inapplicable ; Inapplicable ; Inapplicable ; Inapplicable ; Inapplicable ; Inapplicable ; Inapplicable ; Inapplicable ; Pass      ; Inapplicable ; Inapplicable ;
; GPIO_1_out_zero_value[16] ; Pass      ; Inapplicable ; Pass      ; Inapplicable ; Inapplicable ; Pass      ; Pass      ; Inapplicable ; Pass      ; Pass      ; Inapplicable ; Inapplicable ; Inapplicable ; Inapplicable ; Inapplicable ; Inapplicable ; Inapplicable ; Inapplicable ; Inapplicable ; Inapplicable ; Inapplicable ; Inapplicable ; Inapplicable ; Inapplicable ; Inapplicable ; Inapplicable ; Inapplicable ; Pass      ; Inapplicable ; Inapplicable ;
; GPIO_1_input_pullup[0]    ; Pass      ; Inapplicable ; Pass      ; Inapplicable ; Inapplicable ; Pass      ; Pass      ; Inapplicable ; Pass      ; Pass      ; Inapplicable ; Inapplicable ; Inapplicable ; Pass         ; Pass         ; Inapplicable ; Inapplicable ; Pass         ; Pass         ; Inapplicable ; Inapplicable ; Inapplicable ; Inapplicable ; Inapplicable ; Inapplicable ; Inapplicable ; Inapplicable ; Pass      ; Inapplicable ; Inapplicable ;
; GPIO_1_input_pullup[1]    ; Pass      ; Inapplicable ; Pass      ; Inapplicable ; Inapplicable ; Pass      ; Pass      ; Inapplicable ; Pass      ; Pass      ; Inapplicable ; Inapplicable ; Inapplicable ; Pass         ; Pass         ; Inapplicable ; Inapplicable ; Pass         ; Pass         ; Inapplicable ; Inapplicable ; Inapplicable ; Inapplicable ; Inapplicable ; Inapplicable ; Inapplicable ; Inapplicable ; Pass      ; Inapplicable ; Inapplicable ;
; GPIO_1_input_pullup[2]    ; Pass      ; Inapplicable ; Pass      ; Inapplicable ; Inapplicable ; Pass      ; Pass      ; Inapplicable ; Pass      ; Pass      ; Inapplicable ; Inapplicable ; Inapplicable ; Pass         ; Pass         ; Inapplicable ; Inapplicable ; Pass         ; Pass         ; Inapplicable ; Inapplicable ; Inapplicable ; Inapplicable ; Inapplicable ; Inapplicable ; Inapplicable ; Inapplicable ; Pass      ; Inapplicable ; Inapplicable ;
; GPIO_1_input_pullup[3]    ; Pass      ; Inapplicable ; Pass      ; Inapplicable ; Inapplicable ; Pass      ; Pass      ; Inapplicable ; Pass      ; Pass      ; Inapplicable ; Inapplicable ; Inapplicable ; Pass         ; Pass         ; Inapplicable ; Inapplicable ; Pass         ; Pass         ; Inapplicable ; Inapplicable ; Inapplicable ; Inapplicable ; Inapplicable ; Inapplicable ; Inapplicable ; Inapplicable ; Pass      ; Inapplicable ; Inapplicable ;
; GPIO_1_input_pullup[4]    ; Pass      ; Inapplicable ; Pass      ; Inapplicable ; Inapplicable ; Pass      ; Pass      ; Inapplicable ; Pass      ; Pass      ; Inapplicable ; Inapplicable ; Inapplicable ; Pass         ; Pass         ; Inapplicable ; Inapplicable ; Pass         ; Pass         ; Inapplicable ; Inapplicable ; Inapplicable ; Inapplicable ; Inapplicable ; Inapplicable ; Inapplicable ; Inapplicable ; Pass      ; Inapplicable ; Inapplicable ;
; GPIO_1_input_pullup[5]    ; Pass      ; Inapplicable ; Pass      ; Inapplicable ; Inapplicable ; Pass      ; Pass      ; Inapplicable ; Pass      ; Pass      ; Inapplicable ; Inapplicable ; Inapplicable ; Pass         ; Pass         ; Inapplicable ; Inapplicable ; Pass         ; Pass         ; Inapplicable ; Inapplicable ; Inapplicable ; Inapplicable ; Inapplicable ; Inapplicable ; Inapplicable ; Inapplicable ; Pass      ; Inapplicable ; Inapplicable ;
; GPIO_1_input_pullup[6]    ; Pass      ; Inapplicable ; Pass      ; Inapplicable ; Inapplicable ; Pass      ; Pass      ; Inapplicable ; Pass      ; Pass      ; Inapplicable ; Inapplicable ; Inapplicable ; Pass         ; Pass         ; Inapplicable ; Inapplicable ; Pass         ; Pass         ; Inapplicable ; Inapplicable ; Inapplicable ; Inapplicable ; Inapplicable ; Inapplicable ; Inapplicable ; Inapplicable ; Pass      ; Inapplicable ; Inapplicable ;
; GPIO_1_input_pullup[7]    ; Pass      ; Inapplicable ; Pass      ; Inapplicable ; Inapplicable ; Pass      ; Pass      ; Inapplicable ; Pass      ; Pass      ; Inapplicable ; Inapplicable ; Inapplicable ; Pass         ; Pass         ; Inapplicable ; Inapplicable ; Pass         ; Pass         ; Inapplicable ; Inapplicable ; Inapplicable ; Inapplicable ; Inapplicable ; Inapplicable ; Inapplicable ; Inapplicable ; Pass      ; Inapplicable ; Inapplicable ;
; GPIO_1_input_pullup[8]    ; Pass      ; Inapplicable ; Pass      ; Inapplicable ; Inapplicable ; Pass      ; Pass      ; Inapplicable ; Pass      ; Pass      ; Inapplicable ; Inapplicable ; Inapplicable ; Pass         ; Pass         ; Inapplicable ; Inapplicable ; Pass         ; Pass         ; Inapplicable ; Inapplicable ; Inapplicable ; Inapplicable ; Inapplicable ; Inapplicable ; Inapplicable ; Inapplicable ; Pass      ; Inapplicable ; Inapplicable ;
; GPIO_1_input_pullup[9]    ; Pass      ; Inapplicable ; Pass      ; Inapplicable ; Inapplicable ; Pass      ; Pass      ; Inapplicable ; Pass      ; Pass      ; Inapplicable ; Inapplicable ; Inapplicable ; Pass         ; Pass         ; Inapplicable ; Inapplicable ; Pass         ; Pass         ; Inapplicable ; Inapplicable ; Inapplicable ; Inapplicable ; Inapplicable ; Inapplicable ; Inapplicable ; Inapplicable ; Pass      ; Inapplicable ; Inapplicable ;
; GPIO_1_input_pullup[10]   ; Pass      ; Inapplicable ; Pass      ; Inapplicable ; Inapplicable ; Pass      ; Pass      ; Inapplicable ; Pass      ; Pass      ; Inapplicable ; Inapplicable ; Inapplicable ; Pass         ; Pass         ; Inapplicable ; Inapplicable ; Pass         ; Pass         ; Inapplicable ; Inapplicable ; Inapplicable ; Inapplicable ; Inapplicable ; Inapplicable ; Inapplicable ; Inapplicable ; Pass      ; Inapplicable ; Inapplicable ;
; GPIO_1_input_pullup[11]   ; Pass      ; Inapplicable ; Pass      ; Inapplicable ; Inapplicable ; Pass      ; Pass      ; Inapplicable ; Pass      ; Pass      ; Inapplicable ; Inapplicable ; Inapplicable ; Pass         ; Pass         ; Inapplicable ; Inapplicable ; Pass         ; Pass         ; Inapplicable ; Inapplicable ; Inapplicable ; Inapplicable ; Inapplicable ; Inapplicable ; Inapplicable ; Inapplicable ; Pass      ; Inapplicable ; Inapplicable ;
; GPIO_1_input_pullup[12]   ; Pass      ; Inapplicable ; Pass      ; Inapplicable ; Inapplicable ; Pass      ; Pass      ; Inapplicable ; Pass      ; Pass      ; Inapplicable ; Inapplicable ; Inapplicable ; Pass         ; Pass         ; Inapplicable ; Inapplicable ; Pass         ; Pass         ; Inapplicable ; Inapplicable ; Inapplicable ; Inapplicable ; Inapplicable ; Inapplicable ; Inapplicable ; Inapplicable ; Pass      ; Inapplicable ; Inapplicable ;
; GPIO_1_input_pullup[13]   ; Pass      ; Inapplicable ; Pass      ; Inapplicable ; Inapplicable ; Pass      ; Pass      ; Inapplicable ; Pass      ; Pass      ; Inapplicable ; Inapplicable ; Inapplicable ; Pass         ; Pass         ; Inapplicable ; Inapplicable ; Pass         ; Pass         ; Inapplicable ; Inapplicable ; Inapplicable ; Inapplicable ; Inapplicable ; Inapplicable ; Inapplicable ; Inapplicable ; Pass      ; Inapplicable ; Inapplicable ;
; GPIO_1_input_pullup[14]   ; Pass      ; Inapplicable ; Pass      ; Inapplicable ; Inapplicable ; Pass      ; Pass      ; Inapplicable ; Pass      ; Pass      ; Inapplicable ; Inapplicable ; Inapplicable ; Pass         ; Pass         ; Inapplicable ; Inapplicable ; Pass         ; Pass         ; Inapplicable ; Inapplicable ; Inapplicable ; Inapplicable ; Inapplicable ; Inapplicable ; Inapplicable ; Inapplicable ; Pass      ; Inapplicable ; Inapplicable ;
; GPIO_1_input_pullup[15]   ; Pass      ; Inapplicable ; Pass      ; Inapplicable ; Inapplicable ; Pass      ; Pass      ; Inapplicable ; Pass      ; Pass      ; Inapplicable ; Inapplicable ; Inapplicable ; Pass         ; Pass         ; Inapplicable ; Inapplicable ; Pass         ; Pass         ; Inapplicable ; Inapplicable ; Inapplicable ; Inapplicable ; Inapplicable ; Inapplicable ; Inapplicable ; Inapplicable ; Pass      ; Inapplicable ; Inapplicable ;
; GPIO_1_input_pullup[16]   ; Pass      ; Inapplicable ; Pass      ; Inapplicable ; Inapplicable ; Pass      ; Pass      ; Inapplicable ; Pass      ; Pass      ; Inapplicable ; Inapplicable ; Inapplicable ; Pass         ; Pass         ; Inapplicable ; Inapplicable ; Pass         ; Pass         ; Inapplicable ; Inapplicable ; Inapplicable ; Inapplicable ; Inapplicable ; Inapplicable ; Inapplicable ; Inapplicable ; Pass      ; Inapplicable ; Inapplicable ;
; CLK                       ; Pass      ; Inapplicable ; Pass      ; Inapplicable ; Inapplicable ; Pass      ; Pass      ; Inapplicable ; Pass      ; Pass      ; Inapplicable ; Inapplicable ; Inapplicable ; Inapplicable ; Pass         ; Inapplicable ; Inapplicable ; Pass         ; Inapplicable ; Inapplicable ; Inapplicable ; Inapplicable ; Inapplicable ; Inapplicable ; Inapplicable ; Inapplicable ; Inapplicable ; Pass      ; Inapplicable ; Inapplicable ;
; RST_N                     ; Pass      ; Inapplicable ; Pass      ; Inapplicable ; Inapplicable ; Pass      ; Pass      ; Inapplicable ; Pass      ; Pass      ; Inapplicable ; Inapplicable ; Inapplicable ; Inapplicable ; Pass         ; Inapplicable ; Inapplicable ; Pass         ; Inapplicable ; Inapplicable ; Inapplicable ; Inapplicable ; Inapplicable ; Inapplicable ; Inapplicable ; Inapplicable ; Inapplicable ; Pass      ; Inapplicable ; Inapplicable ;
; GPIO_0_input_pullup[13]   ; Pass      ; Inapplicable ; Pass      ; Inapplicable ; Inapplicable ; Pass      ; Pass      ; Inapplicable ; Pass      ; Pass      ; Inapplicable ; Inapplicable ; Inapplicable ; Pass         ; Pass         ; Inapplicable ; Inapplicable ; Pass         ; Pass         ; Inapplicable ; Inapplicable ; Inapplicable ; Inapplicable ; Inapplicable ; Inapplicable ; Inapplicable ; Inapplicable ; Pass      ; Inapplicable ; Inapplicable ;
; GPIO_0_input_pullup[5]    ; Pass      ; Inapplicable ; Pass      ; Inapplicable ; Inapplicable ; Pass      ; Pass      ; Inapplicable ; Pass      ; Pass      ; Inapplicable ; Inapplicable ; Inapplicable ; Pass         ; Pass         ; Inapplicable ; Inapplicable ; Pass         ; Pass         ; Inapplicable ; Inapplicable ; Inapplicable ; Inapplicable ; Inapplicable ; Inapplicable ; Inapplicable ; Inapplicable ; Pass      ; Inapplicable ; Inapplicable ;
; GPIO_0_input_pullup[1]    ; Pass      ; Inapplicable ; Pass      ; Inapplicable ; Inapplicable ; Pass      ; Pass      ; Inapplicable ; Pass      ; Pass      ; Inapplicable ; Inapplicable ; Inapplicable ; Pass         ; Pass         ; Inapplicable ; Inapplicable ; Pass         ; Pass         ; Inapplicable ; Inapplicable ; Inapplicable ; Inapplicable ; Inapplicable ; Inapplicable ; Inapplicable ; Inapplicable ; Pass      ; Inapplicable ; Inapplicable ;
; GPIO_0_input_pullup[9]    ; Pass      ; Inapplicable ; Pass      ; Inapplicable ; Inapplicable ; Pass      ; Pass      ; Inapplicable ; Pass      ; Pass      ; Inapplicable ; Inapplicable ; Inapplicable ; Pass         ; Pass         ; Inapplicable ; Inapplicable ; Pass         ; Pass         ; Inapplicable ; Inapplicable ; Inapplicable ; Inapplicable ; Inapplicable ; Inapplicable ; Inapplicable ; Inapplicable ; Pass      ; Inapplicable ; Inapplicable ;
; GPIO_0_input_pullup[14]   ; Pass      ; Inapplicable ; Pass      ; Inapplicable ; Inapplicable ; Pass      ; Pass      ; Inapplicable ; Pass      ; Pass      ; Inapplicable ; Inapplicable ; Inapplicable ; Pass         ; Pass         ; Inapplicable ; Inapplicable ; Pass         ; Pass         ; Inapplicable ; Inapplicable ; Inapplicable ; Inapplicable ; Inapplicable ; Inapplicable ; Inapplicable ; Inapplicable ; Pass      ; Inapplicable ; Inapplicable ;
; GPIO_0_input_pullup[6]    ; Pass      ; Inapplicable ; Pass      ; Inapplicable ; Inapplicable ; Pass      ; Pass      ; Inapplicable ; Pass      ; Pass      ; Inapplicable ; Inapplicable ; Inapplicable ; Pass         ; Pass         ; Inapplicable ; Inapplicable ; Pass         ; Pass         ; Inapplicable ; Inapplicable ; Inapplicable ; Inapplicable ; Inapplicable ; Inapplicable ; Inapplicable ; Inapplicable ; Pass      ; Inapplicable ; Inapplicable ;
; GPIO_0_input_pullup[2]    ; Pass      ; Inapplicable ; Pass      ; Inapplicable ; Inapplicable ; Pass      ; Pass      ; Inapplicable ; Pass      ; Pass      ; Inapplicable ; Inapplicable ; Inapplicable ; Pass         ; Pass         ; Inapplicable ; Inapplicable ; Pass         ; Pass         ; Inapplicable ; Inapplicable ; Inapplicable ; Inapplicable ; Inapplicable ; Inapplicable ; Inapplicable ; Inapplicable ; Pass      ; Inapplicable ; Inapplicable ;
; GPIO_0_input_pullup[10]   ; Pass      ; Inapplicable ; Pass      ; Inapplicable ; Inapplicable ; Pass      ; Pass      ; Inapplicable ; Pass      ; Pass      ; Inapplicable ; Inapplicable ; Inapplicable ; Pass         ; Pass         ; Inapplicable ; Inapplicable ; Pass         ; Pass         ; Inapplicable ; Inapplicable ; Inapplicable ; Inapplicable ; Inapplicable ; Inapplicable ; Inapplicable ; Inapplicable ; Pass      ; Inapplicable ; Inapplicable ;
; GPIO_0_input_pullup[3]    ; Pass      ; Inapplicable ; Pass      ; Inapplicable ; Inapplicable ; Pass      ; Pass      ; Inapplicable ; Pass      ; Pass      ; Inapplicable ; Inapplicable ; Inapplicable ; Pass         ; Pass         ; Inapplicable ; Inapplicable ; Pass         ; Pass         ; Inapplicable ; Inapplicable ; Inapplicable ; Inapplicable ; Inapplicable ; Inapplicable ; Inapplicable ; Inapplicable ; Pass      ; Inapplicable ; Inapplicable ;
; GPIO_0_input_pullup[15]   ; Pass      ; Inapplicable ; Pass      ; Inapplicable ; Inapplicable ; Pass      ; Pass      ; Inapplicable ; Pass      ; Pass      ; Inapplicable ; Inapplicable ; Inapplicable ; Pass         ; Pass         ; Inapplicable ; Inapplicable ; Pass         ; Pass         ; Inapplicable ; Inapplicable ; Inapplicable ; Inapplicable ; Inapplicable ; Inapplicable ; Inapplicable ; Inapplicable ; Pass      ; Inapplicable ; Inapplicable ;
; GPIO_0_input_pullup[7]    ; Pass      ; Inapplicable ; Pass      ; Inapplicable ; Inapplicable ; Pass      ; Pass      ; Inapplicable ; Pass      ; Pass      ; Inapplicable ; Inapplicable ; Inapplicable ; Pass         ; Pass         ; Inapplicable ; Inapplicable ; Pass         ; Pass         ; Inapplicable ; Inapplicable ; Inapplicable ; Inapplicable ; Inapplicable ; Inapplicable ; Inapplicable ; Inapplicable ; Pass      ; Inapplicable ; Inapplicable ;
; GPIO_0_input_pullup[11]   ; Pass      ; Inapplicable ; Pass      ; Inapplicable ; Inapplicable ; Pass      ; Pass      ; Inapplicable ; Pass      ; Pass      ; Inapplicable ; Inapplicable ; Inapplicable ; Pass         ; Pass         ; Inapplicable ; Inapplicable ; Pass         ; Pass         ; Inapplicable ; Inapplicable ; Inapplicable ; Inapplicable ; Inapplicable ; Inapplicable ; Inapplicable ; Inapplicable ; Pass      ; Inapplicable ; Inapplicable ;
; GPIO_0_input_pullup[0]    ; Pass      ; Inapplicable ; Pass      ; Inapplicable ; Inapplicable ; Pass      ; Pass      ; Inapplicable ; Pass      ; Pass      ; Inapplicable ; Inapplicable ; Inapplicable ; Pass         ; Pass         ; Inapplicable ; Inapplicable ; Pass         ; Pass         ; Inapplicable ; Inapplicable ; Inapplicable ; Inapplicable ; Inapplicable ; Inapplicable ; Inapplicable ; Inapplicable ; Pass      ; Inapplicable ; Inapplicable ;
; GPIO_0_input_pullup[12]   ; Pass      ; Inapplicable ; Pass      ; Inapplicable ; Inapplicable ; Pass      ; Pass      ; Inapplicable ; Pass      ; Pass      ; Inapplicable ; Inapplicable ; Inapplicable ; Pass         ; Pass         ; Inapplicable ; Inapplicable ; Pass         ; Pass         ; Inapplicable ; Inapplicable ; Inapplicable ; Inapplicable ; Inapplicable ; Inapplicable ; Inapplicable ; Inapplicable ; Pass      ; Inapplicable ; Inapplicable ;
; GPIO_0_input_pullup[4]    ; Pass      ; Inapplicable ; Pass      ; Inapplicable ; Inapplicable ; Pass      ; Pass      ; Inapplicable ; Pass      ; Pass      ; Inapplicable ; Inapplicable ; Inapplicable ; Pass         ; Pass         ; Inapplicable ; Inapplicable ; Pass         ; Pass         ; Inapplicable ; Inapplicable ; Inapplicable ; Inapplicable ; Inapplicable ; Inapplicable ; Inapplicable ; Inapplicable ; Pass      ; Inapplicable ; Inapplicable ;
; GPIO_0_input_pullup[8]    ; Pass      ; Inapplicable ; Pass      ; Inapplicable ; Inapplicable ; Pass      ; Pass      ; Inapplicable ; Pass      ; Pass      ; Inapplicable ; Inapplicable ; Inapplicable ; Pass         ; Pass         ; Inapplicable ; Inapplicable ; Pass         ; Pass         ; Inapplicable ; Inapplicable ; Inapplicable ; Inapplicable ; Inapplicable ; Inapplicable ; Inapplicable ; Inapplicable ; Pass      ; Inapplicable ; Inapplicable ;
; KEY2_N                    ; Pass      ; Inapplicable ; Pass      ; Inapplicable ; Inapplicable ; Pass      ; Pass      ; Inapplicable ; Pass      ; Pass      ; Inapplicable ; Inapplicable ; Inapplicable ; Inapplicable ; Pass         ; Inapplicable ; Inapplicable ; Pass         ; Inapplicable ; Inapplicable ; Inapplicable ; Inapplicable ; Inapplicable ; Inapplicable ; Inapplicable ; Inapplicable ; Inapplicable ; Pass      ; Inapplicable ; Inapplicable ;
; KEY4_N                    ; Pass      ; Inapplicable ; Pass      ; Inapplicable ; Inapplicable ; Pass      ; Pass      ; Inapplicable ; Pass      ; Pass      ; Inapplicable ; Inapplicable ; Inapplicable ; Inapplicable ; Pass         ; Inapplicable ; Inapplicable ; Pass         ; Inapplicable ; Inapplicable ; Inapplicable ; Inapplicable ; Inapplicable ; Inapplicable ; Inapplicable ; Inapplicable ; Inapplicable ; Pass      ; Inapplicable ; Inapplicable ;
; KEY3_N                    ; Pass      ; Inapplicable ; Pass      ; Inapplicable ; Inapplicable ; Pass      ; Pass      ; Inapplicable ; Pass      ; Pass      ; Inapplicable ; Inapplicable ; Inapplicable ; Inapplicable ; Pass         ; Inapplicable ; Inapplicable ; Pass         ; Inapplicable ; Inapplicable ; Inapplicable ; Inapplicable ; Inapplicable ; Inapplicable ; Inapplicable ; Inapplicable ; Inapplicable ; Pass      ; Inapplicable ; Inapplicable ;
+---------------------------+-----------+--------------+-----------+--------------+--------------+-----------+-----------+--------------+-----------+-----------+--------------+--------------+--------------+--------------+--------------+--------------+--------------+--------------+--------------+--------------+--------------+--------------+--------------+--------------+--------------+--------------+--------------+-----------+--------------+--------------+


+---------------------------------------------------------------------------------------------+
; Fitter Device Options                                                                       ;
+------------------------------------------------------------------+--------------------------+
; Option                                                           ; Setting                  ;
+------------------------------------------------------------------+--------------------------+
; Enable user-supplied start-up clock (CLKUSR)                     ; Off                      ;
; Enable device-wide reset (DEV_CLRn)                              ; Off                      ;
; Enable device-wide output enable (DEV_OE)                        ; Off                      ;
; Enable INIT_DONE output                                          ; Off                      ;
; Configuration scheme                                             ; Active Serial            ;
; Error detection CRC                                              ; Off                      ;
; Enable open drain on CRC_ERROR pin                               ; Off                      ;
; Enable input tri-state on active configuration pins in user mode ; Off                      ;
; Configuration Voltage Level                                      ; Auto                     ;
; Force Configuration Voltage Level                                ; Off                      ;
; nCEO                                                             ; As output driving ground ;
; Data[0]                                                          ; As input tri-stated      ;
; Data[1]/ASDO                                                     ; As input tri-stated      ;
; Data[7..2]                                                       ; Unreserved               ;
; FLASH_nCE/nCSO                                                   ; As input tri-stated      ;
; Other Active Parallel pins                                       ; Unreserved               ;
; DCLK                                                             ; As output driving ground ;
+------------------------------------------------------------------+--------------------------+


+------------------------------------+
; Operating Settings and Conditions  ;
+---------------------------+--------+
; Setting                   ; Value  ;
+---------------------------+--------+
; Nominal Core Voltage      ; 1.20 V ;
; Low Junction Temperature  ; 0 °C   ;
; High Junction Temperature ; 85 °C  ;
+---------------------------+--------+


+------------------------------------------------------------+
; Estimated Delay Added for Hold Timing Summary              ;
+-----------------+----------------------+-------------------+
; Source Clock(s) ; Destination Clock(s) ; Delay Added in ns ;
+-----------------+----------------------+-------------------+
; I/O             ; CLK                  ; 10.1              ;
+-----------------+----------------------+-------------------+
Note: For more information on problematic transfers, consider running the Fitter again with the Optimize hold timing option (Settings Menu) turned off.
This will disable optimization of problematic paths and expose them for further analysis using the Timing Analyzer.


+------------------------------------------------------------------------------------------------------+
; Estimated Delay Added for Hold Timing Details                                                        ;
+-------------------------+--------------------------------------------------------+-------------------+
; Source Register         ; Destination Register                                   ; Delay Added in ns ;
+-------------------------+--------------------------------------------------------+-------------------+
; GPIO_0_input_pullup[11] ; display_value[3]                                       ; 0.885             ;
; GPIO_0_input_pullup[13] ; display_value[5]                                       ; 0.870             ;
; GPIO_0_input_pullup[15] ; display_value[7]                                       ; 0.760             ;
; KEY2_N                  ; bist_wrapper:bist_inst|debounce:debounce_inst|sync_ff1 ; 0.726             ;
; KEY4_N                  ; key4_stable                                            ; 0.704             ;
; GPIO_0_input_pullup[1]  ; display_value[9]                                       ; 0.687             ;
; GPIO_0_input_pullup[2]  ; display_value[10]                                      ; 0.653             ;
; KEY3_N                  ; key3_stable                                            ; 0.594             ;
; GPIO_0_input_pullup[0]  ; display_value[8]                                       ; 0.586             ;
; GPIO_0_input_pullup[7]  ; display_value[15]                                      ; 0.474             ;
; GPIO_0_input_pullup[10] ; display_value[2]                                       ; 0.473             ;
; GPIO_0_input_pullup[3]  ; display_value[11]                                      ; 0.400             ;
; GPIO_0_input_pullup[9]  ; display_value[1]                                       ; 0.389             ;
; GPIO_0_input_pullup[4]  ; display_value[12]                                      ; 0.295             ;
; GPIO_0_input_pullup[6]  ; display_value[14]                                      ; 0.251             ;
; GPIO_0_input_pullup[5]  ; display_value[13]                                      ; 0.238             ;
; GPIO_0_input_pullup[8]  ; display_value[0]                                       ; 0.180             ;
; GPIO_0_input_pullup[12] ; display_value[4]                                       ; 0.144             ;
; GPIO_0_input_pullup[14] ; display_value[6]                                       ; 0.043             ;
+-------------------------+--------------------------------------------------------+-------------------+
Note: This table only shows the top 19 path(s) that have the largest delay added for hold.


+-----------------+
; Fitter Messages ;
+-----------------+
Info (20030): Parallel compilation is enabled and will use 16 of the 16 processors detected
Info (119006): Selected device EP4CE6F17C8 for design "fec_saylinx_board_top"
Info (21077): Low junction temperature is 0 degrees C
Info (21077): High junction temperature is 85 degrees C
Info (171003): Fitter is performing an Auto Fit compilation, which may decrease Fitter effort to reduce compilation time
Warning (292013): Feature LogicLock is only available with a valid subscription license. You can purchase a software subscription to gain full access to this feature.
Info (176444): Device migration not selected. If you intend to use device migration later, you may need to change the pin assignments as they may be incompatible with other devices
    Info (176445): Device EP4CE10F17C8 is compatible
    Info (176445): Device EP4CE15F17C8 is compatible
    Info (176445): Device EP4CE22F17C8 is compatible
Info (169124): Fitter converted 5 user pins into dedicated programming pins
    Info (169125): Pin ~ALTERA_ASDO_DATA1~ is reserved at location C1
    Info (169125): Pin ~ALTERA_FLASH_nCE_nCSO~ is reserved at location D2
    Info (169125): Pin ~ALTERA_DCLK~ is reserved at location H1
    Info (169125): Pin ~ALTERA_DATA0~ is reserved at location H2
    Info (169125): Pin ~ALTERA_nCEO~ is reserved at location F16
Warning (15714): Some pins have incomplete I/O assignments. Refer to the I/O Assignment Warnings report for details
Info (332104): Reading SDC File: 'fec_saylinx_board_top.sdc'
Info (332151): Clock uncertainty is not calculated until you update the timing netlist.
Info (332154): The derive_clock_uncertainty command did not apply clock uncertainty to any clock-to-clock transfers.
Info (332129): Detected timing requirements -- optimizing circuit to achieve only the specified requirements
Info (332111): Found 1 clocks
    Info (332111):   Period   Clock Name
    Info (332111): ======== ============
    Info (332111):   20.000          CLK
Info (176353): Automatically promoted node CLK~input (placed in PIN E1 (CLK1, DIFFCLK_0n)) File: C:/Schema/lab3/fec_saylinx_board_top.v Line: 15
    Info (176355): Automatically promoted destinations to use location or clock signal Global Clock CLKCTRL_G2
Info (176233): Starting register packing
Info (176235): Finished register packing
    Extra Info (176218): Packed 21 registers into blocks of type Embedded multiplier output
Info (171121): Fitter preparation operations ending: elapsed time is 00:00:02
Info (14896): Fitter has disabled Advanced Physical Optimization because it is not supported for the current family.
Info (170189): Fitter placement preparation operations beginning
Info (170190): Fitter placement preparation operations ending: elapsed time is 00:00:00
Info (170191): Fitter placement operations beginning
Info (170137): Fitter placement was successful
Info (170192): Fitter placement operations ending: elapsed time is 00:00:01
Info (170193): Fitter routing operations beginning
Info (170195): Router estimated average interconnect usage is 2% of the available device resources
    Info (170196): Router estimated peak interconnect usage is 5% of the available device resources in the region that extends from location X11_Y0 to location X22_Y11
Info (170199): The Fitter performed an Auto Fit compilation.  Optimizations were skipped to reduce compilation time.
    Info (170201): Optimizations that may affect the design's routability were skipped
    Info (170200): Optimizations that may affect the design's timing were skipped
Info (170194): Fitter routing operations ending: elapsed time is 00:00:01
Info (11888): Total time spent on timing analysis during the Fitter is 0.56 seconds.
Info (334003): Started post-fitting delay annotation
Info (334004): Delay annotation completed successfully
Info (334003): Started post-fitting delay annotation
Info (334004): Delay annotation completed successfully
Info (11218): Fitter post-fit operations ending: elapsed time is 00:00:01
Warning (169177): 39 pins must meet Intel FPGA requirements for 3.3-, 3.0-, and 2.5-V interfaces. For more information, refer to AN 447: Interfacing Cyclone IV E Devices with 3.3/3.0/2.5-V LVTTL/LVCMOS I/O Systems.
    Info (169178): Pin GPIO_0_input_pullup[16] uses I/O standard 3.3-V LVTTL at T14 File: C:/Schema/lab3/fec_saylinx_board_top.v Line: 28
    Info (169178): Pin GPIO_1_input_pullup[0] uses I/O standard 3.3-V LVTTL at B1 File: C:/Schema/lab3/fec_saylinx_board_top.v Line: 32
    Info (169178): Pin GPIO_1_input_pullup[1] uses I/O standard 3.3-V LVTTL at B3 File: C:/Schema/lab3/fec_saylinx_board_top.v Line: 32
    Info (169178): Pin GPIO_1_input_pullup[2] uses I/O standard 3.3-V LVTTL at B4 File: C:/Schema/lab3/fec_saylinx_board_top.v Line: 32
    Info (169178): Pin GPIO_1_input_pullup[3] uses I/O standard 3.3-V LVTTL at B5 File: C:/Schema/lab3/fec_saylinx_board_top.v Line: 32
    Info (169178): Pin GPIO_1_input_pullup[4] uses I/O standard 3.3-V LVTTL at B6 File: C:/Schema/lab3/fec_saylinx_board_top.v Line: 32
    Info (169178): Pin GPIO_1_input_pullup[5] uses I/O standard 3.3-V LVTTL at B7 File: C:/Schema/lab3/fec_saylinx_board_top.v Line: 32
    Info (169178): Pin GPIO_1_input_pullup[6] uses I/O standard 3.3-V LVTTL at B8 File: C:/Schema/lab3/fec_saylinx_board_top.v Line: 32
    Info (169178): Pin GPIO_1_input_pullup[7] uses I/O standard 3.3-V LVTTL at B9 File: C:/Schema/lab3/fec_saylinx_board_top.v Line: 32
    Info (169178): Pin GPIO_1_input_pullup[8] uses I/O standard 3.3-V LVTTL at B10 File: C:/Schema/lab3/fec_saylinx_board_top.v Line: 32
    Info (169178): Pin GPIO_1_input_pullup[9] uses I/O standard 3.3-V LVTTL at B11 File: C:/Schema/lab3/fec_saylinx_board_top.v Line: 32
    Info (169178): Pin GPIO_1_input_pullup[10] uses I/O standard 3.3-V LVTTL at B12 File: C:/Schema/lab3/fec_saylinx_board_top.v Line: 32
    Info (169178): Pin GPIO_1_input_pullup[11] uses I/O standard 3.3-V LVTTL at B13 File: C:/Schema/lab3/fec_saylinx_board_top.v Line: 32
    Info (169178): Pin GPIO_1_input_pullup[12] uses I/O standard 3.3-V LVTTL at D5 File: C:/Schema/lab3/fec_saylinx_board_top.v Line: 32
    Info (169178): Pin GPIO_1_input_pullup[13] uses I/O standard 3.3-V LVTTL at C6 File: C:/Schema/lab3/fec_saylinx_board_top.v Line: 32
    Info (169178): Pin GPIO_1_input_pullup[14] uses I/O standard 3.3-V LVTTL at F8 File: C:/Schema/lab3/fec_saylinx_board_top.v Line: 32
    Info (169178): Pin GPIO_1_input_pullup[15] uses I/O standard 3.3-V LVTTL at D8 File: C:/Schema/lab3/fec_saylinx_board_top.v Line: 32
    Info (169178): Pin GPIO_1_input_pullup[16] uses I/O standard 3.3-V LVTTL at E9 File: C:/Schema/lab3/fec_saylinx_board_top.v Line: 32
    Info (169178): Pin CLK uses I/O standard 3.3-V LVTTL at E1 File: C:/Schema/lab3/fec_saylinx_board_top.v Line: 15
    Info (169178): Pin RST_N uses I/O standard 3.3-V LVTTL at N13 File: C:/Schema/lab3/fec_saylinx_board_top.v Line: 16
    Info (169178): Pin GPIO_0_input_pullup[13] uses I/O standard 3.3-V LVTTL at T11 File: C:/Schema/lab3/fec_saylinx_board_top.v Line: 28
    Info (169178): Pin GPIO_0_input_pullup[5] uses I/O standard 3.3-V LVTTL at T3 File: C:/Schema/lab3/fec_saylinx_board_top.v Line: 28
    Info (169178): Pin GPIO_0_input_pullup[1] uses I/O standard 3.3-V LVTTL at R1 File: C:/Schema/lab3/fec_saylinx_board_top.v Line: 28
    Info (169178): Pin GPIO_0_input_pullup[9] uses I/O standard 3.3-V LVTTL at T7 File: C:/Schema/lab3/fec_saylinx_board_top.v Line: 28
    Info (169178): Pin GPIO_0_input_pullup[14] uses I/O standard 3.3-V LVTTL at T12 File: C:/Schema/lab3/fec_saylinx_board_top.v Line: 28
    Info (169178): Pin GPIO_0_input_pullup[6] uses I/O standard 3.3-V LVTTL at T4 File: C:/Schema/lab3/fec_saylinx_board_top.v Line: 28
    Info (169178): Pin GPIO_0_input_pullup[2] uses I/O standard 3.3-V LVTTL at K9 File: C:/Schema/lab3/fec_saylinx_board_top.v Line: 28
    Info (169178): Pin GPIO_0_input_pullup[10] uses I/O standard 3.3-V LVTTL at T8 File: C:/Schema/lab3/fec_saylinx_board_top.v Line: 28
    Info (169178): Pin GPIO_0_input_pullup[3] uses I/O standard 3.3-V LVTTL at L10 File: C:/Schema/lab3/fec_saylinx_board_top.v Line: 28
    Info (169178): Pin GPIO_0_input_pullup[15] uses I/O standard 3.3-V LVTTL at T13 File: C:/Schema/lab3/fec_saylinx_board_top.v Line: 28
    Info (169178): Pin GPIO_0_input_pullup[7] uses I/O standard 3.3-V LVTTL at T5 File: C:/Schema/lab3/fec_saylinx_board_top.v Line: 28
    Info (169178): Pin GPIO_0_input_pullup[11] uses I/O standard 3.3-V LVTTL at T9 File: C:/Schema/lab3/fec_saylinx_board_top.v Line: 28
    Info (169178): Pin GPIO_0_input_pullup[0] uses I/O standard 3.3-V LVTTL at P1 File: C:/Schema/lab3/fec_saylinx_board_top.v Line: 28
    Info (169178): Pin GPIO_0_input_pullup[12] uses I/O standard 3.3-V LVTTL at T10 File: C:/Schema/lab3/fec_saylinx_board_top.v Line: 28
    Info (169178): Pin GPIO_0_input_pullup[4] uses I/O standard 3.3-V LVTTL at T2 File: C:/Schema/lab3/fec_saylinx_board_top.v Line: 28
    Info (169178): Pin GPIO_0_input_pullup[8] uses I/O standard 3.3-V LVTTL at T6 File: C:/Schema/lab3/fec_saylinx_board_top.v Line: 28
    Info (169178): Pin KEY2_N uses I/O standard 3.3-V LVTTL at M15 File: C:/Schema/lab3/fec_saylinx_board_top.v Line: 18
    Info (169178): Pin KEY4_N uses I/O standard 3.3-V LVTTL at E16 File: C:/Schema/lab3/fec_saylinx_board_top.v Line: 20
    Info (169178): Pin KEY3_N uses I/O standard 3.3-V LVTTL at M16 File: C:/Schema/lab3/fec_saylinx_board_top.v Line: 19
Info (144001): Generated suppressed messages file C:/Schema/lab3/output_files/fec_saylinx_board_top.fit.smsg
Info: Quartus Prime Fitter was successful. 0 errors, 3 warnings
    Info: Peak virtual memory: 6517 megabytes
    Info: Processing ended: Wed Dec 10 17:15:35 2025
    Info: Elapsed time: 00:00:07
    Info: Total CPU time (on all processors): 00:00:10


+----------------------------+
; Fitter Suppressed Messages ;
+----------------------------+
The suppressed messages can be found in C:/Schema/lab3/output_files/fec_saylinx_board_top.fit.smsg.


