Timing Analyzer report for fec_saylinx_board_top
Mon Dec  8 15:01:55 2025
Quartus Prime Version 21.1.1 Build 850 06/23/2022 SJ Lite Edition


---------------------
; Table of Contents ;
---------------------
  1. Legal Notice
  2. Timing Analyzer Summary
  3. Parallel Compilation
  4. Clocks
  5. Slow 1200mV 85C Model Fmax Summary
  6. Timing Closure Recommendations
  7. Slow 1200mV 85C Model Setup Summary
  8. Slow 1200mV 85C Model Hold Summary
  9. Slow 1200mV 85C Model Recovery Summary
 10. Slow 1200mV 85C Model Removal Summary
 11. Slow 1200mV 85C Model Minimum Pulse Width Summary
 12. Slow 1200mV 85C Model Setup: 'CLK'
 13. Slow 1200mV 85C Model Hold: 'CLK'
 14. Slow 1200mV 85C Model Metastability Summary
 15. Slow 1200mV 0C Model Fmax Summary
 16. Slow 1200mV 0C Model Setup Summary
 17. Slow 1200mV 0C Model Hold Summary
 18. Slow 1200mV 0C Model Recovery Summary
 19. Slow 1200mV 0C Model Removal Summary
 20. Slow 1200mV 0C Model Minimum Pulse Width Summary
 21. Slow 1200mV 0C Model Setup: 'CLK'
 22. Slow 1200mV 0C Model Hold: 'CLK'
 23. Slow 1200mV 0C Model Metastability Summary
 24. Fast 1200mV 0C Model Setup Summary
 25. Fast 1200mV 0C Model Hold Summary
 26. Fast 1200mV 0C Model Recovery Summary
 27. Fast 1200mV 0C Model Removal Summary
 28. Fast 1200mV 0C Model Minimum Pulse Width Summary
 29. Fast 1200mV 0C Model Setup: 'CLK'
 30. Fast 1200mV 0C Model Hold: 'CLK'
 31. Fast 1200mV 0C Model Metastability Summary
 32. Multicorner Timing Analysis Summary
 33. Board Trace Model Assignments
 34. Input Transition Times
 35. Signal Integrity Metrics (Slow 1200mv 0c Model)
 36. Signal Integrity Metrics (Slow 1200mv 85c Model)
 37. Signal Integrity Metrics (Fast 1200mv 0c Model)
 38. Setup Transfers
 39. Hold Transfers
 40. Report TCCS
 41. Report RSKM
 42. Unconstrained Paths Summary
 43. Clock Status Summary
 44. Unconstrained Input Ports
 45. Unconstrained Output Ports
 46. Unconstrained Input Ports
 47. Unconstrained Output Ports
 48. Timing Analyzer Messages



----------------
; Legal Notice ;
----------------
Copyright (C) 2022  Intel Corporation. All rights reserved.
Your use of Intel Corporation's design tools, logic functions 
and other software and tools, and any partner logic 
functions, and any output files from any of the foregoing 
(including device programming or simulation files), and any 
associated documentation or information are expressly subject 
to the terms and conditions of the Intel Program License 
Subscription Agreement, the Intel Quartus Prime License Agreement,
the Intel FPGA IP License Agreement, or other applicable license
agreement, including, without limitation, that your use is for
the sole purpose of programming logic devices manufactured by
Intel and sold by Intel or its authorized distributors.  Please
refer to the applicable agreement for further details, at
https://fpgasoftware.intel.com/eula.



+-----------------------------------------------------------------------------+
; Timing Analyzer Summary                                                     ;
+-----------------------+-----------------------------------------------------+
; Quartus Prime Version ; Version 21.1.1 Build 850 06/23/2022 SJ Lite Edition ;
; Timing Analyzer       ; Legacy Timing Analyzer                              ;
; Revision Name         ; fec_saylinx_board_top                               ;
; Device Family         ; Cyclone IV E                                        ;
; Device Name           ; EP4CE6F17C8                                         ;
; Timing Models         ; Final                                               ;
; Delay Model           ; Combined                                            ;
; Rise/Fall Delays      ; Enabled                                             ;
+-----------------------+-----------------------------------------------------+


+------------------------------------------+
; Parallel Compilation                     ;
+----------------------------+-------------+
; Processors                 ; Number      ;
+----------------------------+-------------+
; Number detected on machine ; 16          ;
; Maximum allowed            ; 16          ;
;                            ;             ;
; Average used               ; 1.61        ;
; Maximum used               ; 16          ;
;                            ;             ;
; Usage by Processor         ; % Time Used ;
;     Processor 1            ; 100.0%      ;
;     Processors 2-16        ;   4.1%      ;
+----------------------------+-------------+


+---------------------------------------------------------------------------------------------------------------------------------------------------------------------------------+
; Clocks                                                                                                                                                                          ;
+------------+------+--------+------------+-------+-------+------------+-----------+-------------+-------+--------+-----------+------------+----------+--------+--------+---------+
; Clock Name ; Type ; Period ; Frequency  ; Rise  ; Fall  ; Duty Cycle ; Divide by ; Multiply by ; Phase ; Offset ; Edge List ; Edge Shift ; Inverted ; Master ; Source ; Targets ;
+------------+------+--------+------------+-------+-------+------------+-----------+-------------+-------+--------+-----------+------------+----------+--------+--------+---------+
; CLK        ; Base ; 1.000  ; 1000.0 MHz ; 0.000 ; 0.500 ;            ;           ;             ;       ;        ;           ;            ;          ;        ;        ; { CLK } ;
+------------+------+--------+------------+-------+-------+------------+-----------+-------------+-------+--------+-----------+------------+----------+--------+--------+---------+


+--------------------------------------------------+
; Slow 1200mV 85C Model Fmax Summary               ;
+------------+-----------------+------------+------+
; Fmax       ; Restricted Fmax ; Clock Name ; Note ;
+------------+-----------------+------------+------+
; 204.54 MHz ; 204.54 MHz      ; CLK        ;      ;
+------------+-----------------+------------+------+
This panel reports FMAX for every clock in the design, regardless of the user-specified clock periods.  FMAX is only computed for paths where the source and destination registers or ports are driven by the same clock.  Paths of different clocks, including generated clocks, are ignored.  For paths between a clock and its inversion, FMAX is computed as if the rising and falling edges are scaled along with FMAX, such that the duty cycle (in terms of a percentage) is maintained. Altera recommends that you always use clock constraints and other slack reports for sign-off analysis.


----------------------------------
; Timing Closure Recommendations ;
----------------------------------
HTML report is unavailable in plain text report export.


+-------------------------------------+
; Slow 1200mV 85C Model Setup Summary ;
+-------+--------+--------------------+
; Clock ; Slack  ; End Point TNS      ;
+-------+--------+--------------------+
; CLK   ; -3.889 ; -836.149           ;
+-------+--------+--------------------+


+------------------------------------+
; Slow 1200mV 85C Model Hold Summary ;
+-------+-------+--------------------+
; Clock ; Slack ; End Point TNS      ;
+-------+-------+--------------------+
; CLK   ; 0.436 ; 0.000              ;
+-------+-------+--------------------+


------------------------------------------
; Slow 1200mV 85C Model Recovery Summary ;
------------------------------------------
No paths to report.


-----------------------------------------
; Slow 1200mV 85C Model Removal Summary ;
-----------------------------------------
No paths to report.


+---------------------------------------------------+
; Slow 1200mV 85C Model Minimum Pulse Width Summary ;
+-------+--------+----------------------------------+
; Clock ; Slack  ; End Point TNS                    ;
+-------+--------+----------------------------------+
; CLK   ; -3.000 ; -508.580                         ;
+-------+--------+----------------------------------+


+------------------------------------------------------------------------------------------------------------------------------------------------------------+
; Slow 1200mV 85C Model Setup: 'CLK'                                                                                                                         ;
+--------+---------------------------------------+-------------------------------------+--------------+-------------+--------------+------------+------------+
; Slack  ; From Node                             ; To Node                             ; Launch Clock ; Latch Clock ; Relationship ; Clock Skew ; Data Delay ;
+--------+---------------------------------------+-------------------------------------+--------------+-------------+--------------+------------+------------+
; -3.889 ; func:func_inst|mult16x8:mul|a_ext[0]  ; func:func_inst|mult16x8:mul|Y[23]   ; CLK          ; CLK         ; 1.000        ; -0.089     ; 4.801      ;
; -3.873 ; func:func_inst|mult16x8:mul|a_ext[2]  ; func:func_inst|mult16x8:mul|Y[23]   ; CLK          ; CLK         ; 1.000        ; -0.089     ; 4.785      ;
; -3.863 ; func:func_inst|mult16x8:mul|a_ext[4]  ; func:func_inst|mult16x8:mul|Y[23]   ; CLK          ; CLK         ; 1.000        ; -0.088     ; 4.776      ;
; -3.836 ; func:func_inst|mult16x8:mul|a_ext[1]  ; func:func_inst|mult16x8:mul|Y[23]   ; CLK          ; CLK         ; 1.000        ; -0.089     ; 4.748      ;
; -3.835 ; func:func_inst|mult16x8:mul|a_ext[0]  ; func:func_inst|mult16x8:mul|acc[21] ; CLK          ; CLK         ; 1.000        ; -0.090     ; 4.746      ;
; -3.835 ; debounce_cnt2[11]                     ; debounce_cnt2[13]                   ; CLK          ; CLK         ; 1.000        ; -0.080     ; 4.756      ;
; -3.835 ; debounce_cnt2[11]                     ; debounce_cnt2[10]                   ; CLK          ; CLK         ; 1.000        ; -0.080     ; 4.756      ;
; -3.835 ; debounce_cnt2[11]                     ; debounce_cnt2[11]                   ; CLK          ; CLK         ; 1.000        ; -0.080     ; 4.756      ;
; -3.835 ; debounce_cnt2[11]                     ; debounce_cnt2[12]                   ; CLK          ; CLK         ; 1.000        ; -0.080     ; 4.756      ;
; -3.835 ; debounce_cnt2[11]                     ; debounce_cnt2[14]                   ; CLK          ; CLK         ; 1.000        ; -0.080     ; 4.756      ;
; -3.835 ; debounce_cnt2[11]                     ; debounce_cnt2[15]                   ; CLK          ; CLK         ; 1.000        ; -0.080     ; 4.756      ;
; -3.835 ; debounce_cnt2[11]                     ; debounce_cnt2[19]                   ; CLK          ; CLK         ; 1.000        ; -0.080     ; 4.756      ;
; -3.835 ; debounce_cnt2[11]                     ; debounce_cnt2[16]                   ; CLK          ; CLK         ; 1.000        ; -0.080     ; 4.756      ;
; -3.835 ; debounce_cnt2[11]                     ; debounce_cnt2[17]                   ; CLK          ; CLK         ; 1.000        ; -0.080     ; 4.756      ;
; -3.835 ; debounce_cnt2[11]                     ; debounce_cnt2[18]                   ; CLK          ; CLK         ; 1.000        ; -0.080     ; 4.756      ;
; -3.834 ; func:func_inst|mult16x8:mul|a_ext[0]  ; func:func_inst|mult16x8:mul|Y[21]   ; CLK          ; CLK         ; 1.000        ; -0.090     ; 4.745      ;
; -3.819 ; func:func_inst|mult16x8:mul|a_ext[2]  ; func:func_inst|mult16x8:mul|acc[21] ; CLK          ; CLK         ; 1.000        ; -0.090     ; 4.730      ;
; -3.818 ; func:func_inst|mult16x8:mul|a_ext[2]  ; func:func_inst|mult16x8:mul|Y[21]   ; CLK          ; CLK         ; 1.000        ; -0.090     ; 4.729      ;
; -3.809 ; func:func_inst|mult16x8:mul|a_ext[4]  ; func:func_inst|mult16x8:mul|acc[21] ; CLK          ; CLK         ; 1.000        ; -0.089     ; 4.721      ;
; -3.808 ; func:func_inst|mult16x8:mul|a_ext[4]  ; func:func_inst|mult16x8:mul|Y[21]   ; CLK          ; CLK         ; 1.000        ; -0.089     ; 4.720      ;
; -3.805 ; func:func_inst|mult16x8:mul|b_reg[0]  ; func:func_inst|mult16x8:mul|Y[23]   ; CLK          ; CLK         ; 1.000        ; -0.089     ; 4.717      ;
; -3.779 ; func:func_inst|mult16x8:mul|a_ext[1]  ; func:func_inst|mult16x8:mul|acc[20] ; CLK          ; CLK         ; 1.000        ; -0.090     ; 4.690      ;
; -3.751 ; func:func_inst|mult16x8:mul|b_reg[0]  ; func:func_inst|mult16x8:mul|acc[21] ; CLK          ; CLK         ; 1.000        ; -0.090     ; 4.662      ;
; -3.750 ; func:func_inst|mult16x8:mul|b_reg[0]  ; func:func_inst|mult16x8:mul|Y[21]   ; CLK          ; CLK         ; 1.000        ; -0.090     ; 4.661      ;
; -3.720 ; func:func_inst|mult16x8:mul|a_ext[1]  ; func:func_inst|mult16x8:mul|acc[21] ; CLK          ; CLK         ; 1.000        ; -0.090     ; 4.631      ;
; -3.719 ; func:func_inst|mult16x8:mul|a_ext[1]  ; func:func_inst|mult16x8:mul|Y[21]   ; CLK          ; CLK         ; 1.000        ; -0.090     ; 4.630      ;
; -3.697 ; debounce_cnt3[0]                      ; debounce_cnt3[15]                   ; CLK          ; CLK         ; 1.000        ; -0.082     ; 4.616      ;
; -3.697 ; debounce_cnt3[0]                      ; debounce_cnt3[10]                   ; CLK          ; CLK         ; 1.000        ; -0.082     ; 4.616      ;
; -3.697 ; debounce_cnt3[0]                      ; debounce_cnt3[11]                   ; CLK          ; CLK         ; 1.000        ; -0.082     ; 4.616      ;
; -3.697 ; debounce_cnt3[0]                      ; debounce_cnt3[12]                   ; CLK          ; CLK         ; 1.000        ; -0.082     ; 4.616      ;
; -3.697 ; debounce_cnt3[0]                      ; debounce_cnt3[13]                   ; CLK          ; CLK         ; 1.000        ; -0.082     ; 4.616      ;
; -3.697 ; debounce_cnt3[0]                      ; debounce_cnt3[14]                   ; CLK          ; CLK         ; 1.000        ; -0.082     ; 4.616      ;
; -3.697 ; debounce_cnt3[0]                      ; debounce_cnt3[19]                   ; CLK          ; CLK         ; 1.000        ; -0.082     ; 4.616      ;
; -3.697 ; debounce_cnt3[0]                      ; debounce_cnt3[16]                   ; CLK          ; CLK         ; 1.000        ; -0.082     ; 4.616      ;
; -3.697 ; debounce_cnt3[0]                      ; debounce_cnt3[17]                   ; CLK          ; CLK         ; 1.000        ; -0.082     ; 4.616      ;
; -3.697 ; debounce_cnt3[0]                      ; debounce_cnt3[18]                   ; CLK          ; CLK         ; 1.000        ; -0.082     ; 4.616      ;
; -3.696 ; debounce_cnt2[15]                     ; debounce_cnt2[13]                   ; CLK          ; CLK         ; 1.000        ; -0.080     ; 4.617      ;
; -3.696 ; debounce_cnt2[15]                     ; debounce_cnt2[10]                   ; CLK          ; CLK         ; 1.000        ; -0.080     ; 4.617      ;
; -3.696 ; debounce_cnt2[15]                     ; debounce_cnt2[11]                   ; CLK          ; CLK         ; 1.000        ; -0.080     ; 4.617      ;
; -3.696 ; debounce_cnt2[15]                     ; debounce_cnt2[12]                   ; CLK          ; CLK         ; 1.000        ; -0.080     ; 4.617      ;
; -3.696 ; debounce_cnt2[15]                     ; debounce_cnt2[14]                   ; CLK          ; CLK         ; 1.000        ; -0.080     ; 4.617      ;
; -3.696 ; debounce_cnt2[15]                     ; debounce_cnt2[15]                   ; CLK          ; CLK         ; 1.000        ; -0.080     ; 4.617      ;
; -3.696 ; debounce_cnt2[15]                     ; debounce_cnt2[19]                   ; CLK          ; CLK         ; 1.000        ; -0.080     ; 4.617      ;
; -3.696 ; debounce_cnt2[15]                     ; debounce_cnt2[16]                   ; CLK          ; CLK         ; 1.000        ; -0.080     ; 4.617      ;
; -3.696 ; debounce_cnt2[15]                     ; debounce_cnt2[17]                   ; CLK          ; CLK         ; 1.000        ; -0.080     ; 4.617      ;
; -3.696 ; debounce_cnt2[15]                     ; debounce_cnt2[18]                   ; CLK          ; CLK         ; 1.000        ; -0.080     ; 4.617      ;
; -3.690 ; func:func_inst|mult16x8:mul|a_ext[3]  ; func:func_inst|mult16x8:mul|Y[23]   ; CLK          ; CLK         ; 1.000        ; -0.089     ; 4.602      ;
; -3.687 ; debounce_cnt3[3]                      ; debounce_cnt3[15]                   ; CLK          ; CLK         ; 1.000        ; -0.082     ; 4.606      ;
; -3.687 ; debounce_cnt3[3]                      ; debounce_cnt3[10]                   ; CLK          ; CLK         ; 1.000        ; -0.082     ; 4.606      ;
; -3.687 ; debounce_cnt3[3]                      ; debounce_cnt3[11]                   ; CLK          ; CLK         ; 1.000        ; -0.082     ; 4.606      ;
; -3.687 ; debounce_cnt3[3]                      ; debounce_cnt3[12]                   ; CLK          ; CLK         ; 1.000        ; -0.082     ; 4.606      ;
; -3.687 ; debounce_cnt3[3]                      ; debounce_cnt3[13]                   ; CLK          ; CLK         ; 1.000        ; -0.082     ; 4.606      ;
; -3.687 ; debounce_cnt3[3]                      ; debounce_cnt3[14]                   ; CLK          ; CLK         ; 1.000        ; -0.082     ; 4.606      ;
; -3.687 ; debounce_cnt3[3]                      ; debounce_cnt3[19]                   ; CLK          ; CLK         ; 1.000        ; -0.082     ; 4.606      ;
; -3.687 ; debounce_cnt3[3]                      ; debounce_cnt3[16]                   ; CLK          ; CLK         ; 1.000        ; -0.082     ; 4.606      ;
; -3.687 ; debounce_cnt3[3]                      ; debounce_cnt3[17]                   ; CLK          ; CLK         ; 1.000        ; -0.082     ; 4.606      ;
; -3.687 ; debounce_cnt3[3]                      ; debounce_cnt3[18]                   ; CLK          ; CLK         ; 1.000        ; -0.082     ; 4.606      ;
; -3.674 ; debounce_cnt2[14]                     ; debounce_cnt2[13]                   ; CLK          ; CLK         ; 1.000        ; -0.080     ; 4.595      ;
; -3.674 ; debounce_cnt2[14]                     ; debounce_cnt2[10]                   ; CLK          ; CLK         ; 1.000        ; -0.080     ; 4.595      ;
; -3.674 ; debounce_cnt2[14]                     ; debounce_cnt2[11]                   ; CLK          ; CLK         ; 1.000        ; -0.080     ; 4.595      ;
; -3.674 ; debounce_cnt2[14]                     ; debounce_cnt2[12]                   ; CLK          ; CLK         ; 1.000        ; -0.080     ; 4.595      ;
; -3.674 ; debounce_cnt2[14]                     ; debounce_cnt2[14]                   ; CLK          ; CLK         ; 1.000        ; -0.080     ; 4.595      ;
; -3.674 ; debounce_cnt2[14]                     ; debounce_cnt2[15]                   ; CLK          ; CLK         ; 1.000        ; -0.080     ; 4.595      ;
; -3.674 ; debounce_cnt2[14]                     ; debounce_cnt2[19]                   ; CLK          ; CLK         ; 1.000        ; -0.080     ; 4.595      ;
; -3.674 ; debounce_cnt2[14]                     ; debounce_cnt2[16]                   ; CLK          ; CLK         ; 1.000        ; -0.080     ; 4.595      ;
; -3.674 ; debounce_cnt2[14]                     ; debounce_cnt2[17]                   ; CLK          ; CLK         ; 1.000        ; -0.080     ; 4.595      ;
; -3.674 ; debounce_cnt2[14]                     ; debounce_cnt2[18]                   ; CLK          ; CLK         ; 1.000        ; -0.080     ; 4.595      ;
; -3.672 ; func:func_inst|mult16x8:mul|b_reg[0]  ; func:func_inst|mult16x8:mul|acc[20] ; CLK          ; CLK         ; 1.000        ; -0.090     ; 4.583      ;
; -3.666 ; func:func_inst|mult16x8:mul|a_ext[1]  ; func:func_inst|mult16x8:mul|acc[16] ; CLK          ; CLK         ; 1.000        ; -0.090     ; 4.577      ;
; -3.665 ; func:func_inst|mult16x8:mul|a_ext[1]  ; func:func_inst|mult16x8:mul|Y[16]   ; CLK          ; CLK         ; 1.000        ; -0.090     ; 4.576      ;
; -3.649 ; func:func_inst|mult16x8:mul|a_ext[0]  ; func:func_inst|mult16x8:mul|acc[20] ; CLK          ; CLK         ; 1.000        ; -0.090     ; 4.560      ;
; -3.643 ; func:func_inst|mult16x8:mul|a_ext[2]  ; func:func_inst|mult16x8:mul|acc[20] ; CLK          ; CLK         ; 1.000        ; -0.090     ; 4.554      ;
; -3.633 ; func:func_inst|mult16x8:mul|a_ext[3]  ; func:func_inst|mult16x8:mul|acc[20] ; CLK          ; CLK         ; 1.000        ; -0.090     ; 4.544      ;
; -3.605 ; debounce_cnt3[11]                     ; debounce_cnt3[15]                   ; CLK          ; CLK         ; 1.000        ; -0.080     ; 4.526      ;
; -3.605 ; debounce_cnt3[11]                     ; debounce_cnt3[10]                   ; CLK          ; CLK         ; 1.000        ; -0.080     ; 4.526      ;
; -3.605 ; debounce_cnt3[11]                     ; debounce_cnt3[11]                   ; CLK          ; CLK         ; 1.000        ; -0.080     ; 4.526      ;
; -3.605 ; debounce_cnt3[11]                     ; debounce_cnt3[12]                   ; CLK          ; CLK         ; 1.000        ; -0.080     ; 4.526      ;
; -3.605 ; debounce_cnt3[11]                     ; debounce_cnt3[13]                   ; CLK          ; CLK         ; 1.000        ; -0.080     ; 4.526      ;
; -3.605 ; debounce_cnt3[11]                     ; debounce_cnt3[14]                   ; CLK          ; CLK         ; 1.000        ; -0.080     ; 4.526      ;
; -3.605 ; debounce_cnt3[11]                     ; debounce_cnt3[19]                   ; CLK          ; CLK         ; 1.000        ; -0.080     ; 4.526      ;
; -3.605 ; debounce_cnt3[11]                     ; debounce_cnt3[16]                   ; CLK          ; CLK         ; 1.000        ; -0.080     ; 4.526      ;
; -3.605 ; debounce_cnt3[11]                     ; debounce_cnt3[17]                   ; CLK          ; CLK         ; 1.000        ; -0.080     ; 4.526      ;
; -3.605 ; debounce_cnt3[11]                     ; debounce_cnt3[18]                   ; CLK          ; CLK         ; 1.000        ; -0.080     ; 4.526      ;
; -3.587 ; func:func_inst|mult16x8:mul|a_ext[6]  ; func:func_inst|mult16x8:mul|Y[23]   ; CLK          ; CLK         ; 1.000        ; -0.088     ; 4.500      ;
; -3.574 ; func:func_inst|mult16x8:mul|a_ext[3]  ; func:func_inst|mult16x8:mul|acc[21] ; CLK          ; CLK         ; 1.000        ; -0.090     ; 4.485      ;
; -3.573 ; func:func_inst|mult16x8:mul|a_ext[3]  ; func:func_inst|mult16x8:mul|Y[21]   ; CLK          ; CLK         ; 1.000        ; -0.090     ; 4.484      ;
; -3.571 ; func:func_inst|mult16x8:mul|a_ext[1]  ; func:func_inst|mult16x8:mul|Y[20]   ; CLK          ; CLK         ; 1.000        ; -0.089     ; 4.483      ;
; -3.566 ; func:func_inst|mult16x8:mul|a_ext[4]  ; func:func_inst|mult16x8:mul|acc[20] ; CLK          ; CLK         ; 1.000        ; -0.089     ; 4.478      ;
; -3.559 ; func:func_inst|mult16x8:mul|b_reg[0]  ; func:func_inst|mult16x8:mul|acc[16] ; CLK          ; CLK         ; 1.000        ; -0.090     ; 4.470      ;
; -3.558 ; func:func_inst|mult16x8:mul|b_reg[0]  ; func:func_inst|mult16x8:mul|Y[16]   ; CLK          ; CLK         ; 1.000        ; -0.090     ; 4.469      ;
; -3.555 ; func:func_inst|mult16x8:mul|a_ext[10] ; func:func_inst|mult16x8:mul|Y[23]   ; CLK          ; CLK         ; 1.000        ; -0.092     ; 4.464      ;
; -3.547 ; debounce_cnt4[13]                     ; debounce_cnt4[15]                   ; CLK          ; CLK         ; 1.000        ; -0.080     ; 4.468      ;
; -3.547 ; debounce_cnt4[13]                     ; debounce_cnt4[10]                   ; CLK          ; CLK         ; 1.000        ; -0.080     ; 4.468      ;
; -3.547 ; debounce_cnt4[13]                     ; debounce_cnt4[11]                   ; CLK          ; CLK         ; 1.000        ; -0.080     ; 4.468      ;
; -3.547 ; debounce_cnt4[13]                     ; debounce_cnt4[12]                   ; CLK          ; CLK         ; 1.000        ; -0.080     ; 4.468      ;
; -3.547 ; debounce_cnt4[13]                     ; debounce_cnt4[13]                   ; CLK          ; CLK         ; 1.000        ; -0.080     ; 4.468      ;
; -3.547 ; debounce_cnt4[13]                     ; debounce_cnt4[14]                   ; CLK          ; CLK         ; 1.000        ; -0.080     ; 4.468      ;
; -3.547 ; debounce_cnt4[13]                     ; debounce_cnt4[19]                   ; CLK          ; CLK         ; 1.000        ; -0.080     ; 4.468      ;
; -3.547 ; debounce_cnt4[13]                     ; debounce_cnt4[16]                   ; CLK          ; CLK         ; 1.000        ; -0.080     ; 4.468      ;
; -3.547 ; debounce_cnt4[13]                     ; debounce_cnt4[17]                   ; CLK          ; CLK         ; 1.000        ; -0.080     ; 4.468      ;
+--------+---------------------------------------+-------------------------------------+--------------+-------------+--------------+------------+------------+


+---------------------------------------------------------------------------------------------------------------------------------------------------------------+
; Slow 1200mV 85C Model Hold: 'CLK'                                                                                                                             ;
+-------+----------------------------------------+----------------------------------------+--------------+-------------+--------------+------------+------------+
; Slack ; From Node                              ; To Node                                ; Launch Clock ; Latch Clock ; Relationship ; Clock Skew ; Data Delay ;
+-------+----------------------------------------+----------------------------------------+--------------+-------------+--------------+------------+------------+
; 0.436 ; seg_display_ctrl:seg_ctrl|digit_idx[0] ; seg_display_ctrl:seg_ctrl|digit_idx[0] ; CLK          ; CLK         ; 0.000        ; 0.098      ; 0.746      ;
; 0.454 ; seg_display_ctrl:seg_ctrl|digit_idx[2] ; seg_display_ctrl:seg_ctrl|digit_idx[2] ; CLK          ; CLK         ; 0.000        ; 0.080      ; 0.746      ;
; 0.454 ; seg_display_ctrl:seg_ctrl|digit_idx[1] ; seg_display_ctrl:seg_ctrl|digit_idx[1] ; CLK          ; CLK         ; 0.000        ; 0.080      ; 0.746      ;
; 0.454 ; display_mode.MODE_SHOW_A               ; display_mode.MODE_SHOW_A               ; CLK          ; CLK         ; 0.000        ; 0.080      ; 0.746      ;
; 0.454 ; display_mode.MODE_SHOW_B               ; display_mode.MODE_SHOW_B               ; CLK          ; CLK         ; 0.000        ; 0.080      ; 0.746      ;
; 0.454 ; key4_stable                            ; key4_stable                            ; CLK          ; CLK         ; 0.000        ; 0.080      ; 0.746      ;
; 0.454 ; key2_stable                            ; key2_stable                            ; CLK          ; CLK         ; 0.000        ; 0.080      ; 0.746      ;
; 0.454 ; func:func_inst|busy                    ; func:func_inst|busy                    ; CLK          ; CLK         ; 0.000        ; 0.080      ; 0.746      ;
; 0.454 ; func:func_inst|st.S_AB                 ; func:func_inst|st.S_AB                 ; CLK          ; CLK         ; 0.000        ; 0.080      ; 0.746      ;
; 0.454 ; func:func_inst|mult16x8:mul|state      ; func:func_inst|mult16x8:mul|state      ; CLK          ; CLK         ; 0.000        ; 0.080      ; 0.746      ;
; 0.454 ; key3_stable                            ; key3_stable                            ; CLK          ; CLK         ; 0.000        ; 0.080      ; 0.746      ;
; 0.493 ; debounce_cnt4[19]                      ; debounce_cnt4[19]                      ; CLK          ; CLK         ; 0.000        ; 0.080      ; 0.785      ;
; 0.493 ; debounce_cnt2[19]                      ; debounce_cnt2[19]                      ; CLK          ; CLK         ; 0.000        ; 0.080      ; 0.785      ;
; 0.493 ; debounce_cnt3[19]                      ; debounce_cnt3[19]                      ; CLK          ; CLK         ; 0.000        ; 0.080      ; 0.785      ;
; 0.501 ; last_result[12]                        ; display_value[12]                      ; CLK          ; CLK         ; 0.000        ; 0.080      ; 0.793      ;
; 0.502 ; func:func_inst|y[21]                   ; last_result[21]                        ; CLK          ; CLK         ; 0.000        ; 0.080      ; 0.794      ;
; 0.502 ; func:func_inst|y[5]                    ; last_result[5]                         ; CLK          ; CLK         ; 0.000        ; 0.081      ; 0.795      ;
; 0.503 ; func:func_inst|y[8]                    ; last_result[8]                         ; CLK          ; CLK         ; 0.000        ; 0.081      ; 0.796      ;
; 0.503 ; func:func_inst|y[6]                    ; last_result[6]                         ; CLK          ; CLK         ; 0.000        ; 0.081      ; 0.796      ;
; 0.504 ; last_result[10]                        ; display_value[10]                      ; CLK          ; CLK         ; 0.000        ; 0.080      ; 0.796      ;
; 0.504 ; last_result[9]                         ; display_value[9]                       ; CLK          ; CLK         ; 0.000        ; 0.080      ; 0.796      ;
; 0.504 ; func:func_inst|y[15]                   ; last_result[15]                        ; CLK          ; CLK         ; 0.000        ; 0.080      ; 0.796      ;
; 0.527 ; func:func_inst|a_r[6]                  ; func:func_inst|m_A[6]                  ; CLK          ; CLK         ; 0.000        ; 0.081      ; 0.820      ;
; 0.528 ; func:func_inst|a_r[2]                  ; func:func_inst|m_A[2]                  ; CLK          ; CLK         ; 0.000        ; 0.081      ; 0.821      ;
; 0.550 ; key3_stable                            ; key3_prev                              ; CLK          ; CLK         ; 0.000        ; 0.080      ; 0.842      ;
; 0.551 ; func:func_inst|st.S_IDLE               ; func:func_inst|busy                    ; CLK          ; CLK         ; 0.000        ; 0.080      ; 0.843      ;
; 0.554 ; func:func_inst|st.S_IDLE               ; func:func_inst|st.S_AB                 ; CLK          ; CLK         ; 0.000        ; 0.080      ; 0.846      ;
; 0.555 ; func:func_inst|st.S_IDLE               ; func:func_inst|m_B[1]                  ; CLK          ; CLK         ; 0.000        ; 0.080      ; 0.847      ;
; 0.641 ; last_result[18]                        ; display_value[18]                      ; CLK          ; CLK         ; 0.000        ; 0.081      ; 0.934      ;
; 0.642 ; last_result[17]                        ; display_value[17]                      ; CLK          ; CLK         ; 0.000        ; 0.081      ; 0.935      ;
; 0.642 ; last_result[11]                        ; display_value[11]                      ; CLK          ; CLK         ; 0.000        ; 0.081      ; 0.935      ;
; 0.644 ; func:func_inst|y[7]                    ; last_result[7]                         ; CLK          ; CLK         ; 0.000        ; 0.081      ; 0.937      ;
; 0.645 ; last_result[19]                        ; display_value[19]                      ; CLK          ; CLK         ; 0.000        ; 0.081      ; 0.938      ;
; 0.645 ; func:func_inst|y[14]                   ; last_result[14]                        ; CLK          ; CLK         ; 0.000        ; 0.080      ; 0.937      ;
; 0.645 ; func:func_inst|y[16]                   ; last_result[16]                        ; CLK          ; CLK         ; 0.000        ; 0.080      ; 0.937      ;
; 0.646 ; func:func_inst|m_B[6]                  ; func:func_inst|mult16x8:mul|b_reg[6]   ; CLK          ; CLK         ; 0.000        ; 0.080      ; 0.938      ;
; 0.647 ; func:func_inst|m_B[5]                  ; func:func_inst|mult16x8:mul|b_reg[5]   ; CLK          ; CLK         ; 0.000        ; 0.080      ; 0.939      ;
; 0.668 ; func:func_inst|mult16x8:mul|a_ext[12]  ; func:func_inst|mult16x8:mul|a_ext[13]  ; CLK          ; CLK         ; 0.000        ; 0.081      ; 0.961      ;
; 0.669 ; func:func_inst|mult16x8:mul|a_ext[19]  ; func:func_inst|mult16x8:mul|a_ext[20]  ; CLK          ; CLK         ; 0.000        ; 0.080      ; 0.961      ;
; 0.669 ; func:func_inst|mult16x8:mul|state      ; func:func_inst|mult16x8:mul|done       ; CLK          ; CLK         ; 0.000        ; 0.080      ; 0.961      ;
; 0.670 ; func:func_inst|mult16x8:mul|a_ext[22]  ; func:func_inst|mult16x8:mul|a_ext[23]  ; CLK          ; CLK         ; 0.000        ; 0.080      ; 0.962      ;
; 0.674 ; func:func_inst|st.S_DONE               ; func:func_inst|st.S_IDLE               ; CLK          ; CLK         ; 0.000        ; 0.080      ; 0.966      ;
; 0.681 ; func:func_inst|m_B[0]                  ; func:func_inst|mult16x8:mul|b_reg[0]   ; CLK          ; CLK         ; 0.000        ; 0.082      ; 0.975      ;
; 0.714 ; func:func_inst|mult16x8:mul|a_ext[0]   ; func:func_inst|mult16x8:mul|a_ext[1]   ; CLK          ; CLK         ; 0.000        ; 0.081      ; 1.007      ;
; 0.735 ; key4_stable                            ; key4_prev                              ; CLK          ; CLK         ; 0.000        ; 0.080      ; 1.027      ;
; 0.741 ; func:func_inst|mult16x8:mul|b_reg[3]   ; func:func_inst|mult16x8:mul|b_reg[2]   ; CLK          ; CLK         ; 0.000        ; 0.080      ; 1.033      ;
; 0.741 ; func:func_inst|mult16x8:mul|b_reg[6]   ; func:func_inst|mult16x8:mul|b_reg[5]   ; CLK          ; CLK         ; 0.000        ; 0.080      ; 1.033      ;
; 0.742 ; seg_display_ctrl:seg_ctrl|scan_cnt[1]  ; seg_display_ctrl:seg_ctrl|scan_cnt[1]  ; CLK          ; CLK         ; 0.000        ; 0.100      ; 1.054      ;
; 0.742 ; func:func_inst|mult16x8:mul|b_reg[5]   ; func:func_inst|mult16x8:mul|b_reg[4]   ; CLK          ; CLK         ; 0.000        ; 0.080      ; 1.034      ;
; 0.742 ; debounce_cnt3[7]                       ; debounce_cnt3[7]                       ; CLK          ; CLK         ; 0.000        ; 0.081      ; 1.035      ;
; 0.742 ; debounce_cnt3[9]                       ; debounce_cnt3[9]                       ; CLK          ; CLK         ; 0.000        ; 0.081      ; 1.035      ;
; 0.743 ; debounce_cnt4[9]                       ; debounce_cnt4[9]                       ; CLK          ; CLK         ; 0.000        ; 0.080      ; 1.035      ;
; 0.743 ; debounce_cnt2[9]                       ; debounce_cnt2[9]                       ; CLK          ; CLK         ; 0.000        ; 0.080      ; 1.035      ;
; 0.743 ; debounce_cnt3[5]                       ; debounce_cnt3[5]                       ; CLK          ; CLK         ; 0.000        ; 0.081      ; 1.036      ;
; 0.743 ; func:func_inst|mult16x8:mul|b_reg[7]   ; func:func_inst|mult16x8:mul|b_reg[6]   ; CLK          ; CLK         ; 0.000        ; 0.080      ; 1.035      ;
; 0.744 ; func:func_inst|mult16x8:mul|b_reg[4]   ; func:func_inst|mult16x8:mul|b_reg[3]   ; CLK          ; CLK         ; 0.000        ; 0.080      ; 1.036      ;
; 0.744 ; debounce_cnt4[0]                       ; debounce_cnt4[0]                       ; CLK          ; CLK         ; 0.000        ; 0.100      ; 1.056      ;
; 0.744 ; debounce_cnt4[5]                       ; debounce_cnt4[5]                       ; CLK          ; CLK         ; 0.000        ; 0.080      ; 1.036      ;
; 0.744 ; debounce_cnt4[7]                       ; debounce_cnt4[7]                       ; CLK          ; CLK         ; 0.000        ; 0.080      ; 1.036      ;
; 0.744 ; debounce_cnt2[5]                       ; debounce_cnt2[5]                       ; CLK          ; CLK         ; 0.000        ; 0.080      ; 1.036      ;
; 0.744 ; debounce_cnt2[7]                       ; debounce_cnt2[7]                       ; CLK          ; CLK         ; 0.000        ; 0.080      ; 1.036      ;
; 0.745 ; debounce_cnt4[13]                      ; debounce_cnt4[13]                      ; CLK          ; CLK         ; 0.000        ; 0.080      ; 1.037      ;
; 0.745 ; debounce_cnt2[13]                      ; debounce_cnt2[13]                      ; CLK          ; CLK         ; 0.000        ; 0.080      ; 1.037      ;
; 0.745 ; debounce_cnt2[11]                      ; debounce_cnt2[11]                      ; CLK          ; CLK         ; 0.000        ; 0.080      ; 1.037      ;
; 0.745 ; func:func_inst|mult16x8:mul|cnt[3]     ; func:func_inst|mult16x8:mul|cnt[3]     ; CLK          ; CLK         ; 0.000        ; 0.080      ; 1.037      ;
; 0.745 ; debounce_cnt3[3]                       ; debounce_cnt3[3]                       ; CLK          ; CLK         ; 0.000        ; 0.081      ; 1.038      ;
; 0.745 ; debounce_cnt3[13]                      ; debounce_cnt3[13]                      ; CLK          ; CLK         ; 0.000        ; 0.080      ; 1.037      ;
; 0.746 ; debounce_cnt4[15]                      ; debounce_cnt4[15]                      ; CLK          ; CLK         ; 0.000        ; 0.080      ; 1.038      ;
; 0.746 ; debounce_cnt2[15]                      ; debounce_cnt2[15]                      ; CLK          ; CLK         ; 0.000        ; 0.080      ; 1.038      ;
; 0.746 ; func:func_inst|mult16x8:mul|cnt[5]     ; func:func_inst|mult16x8:mul|cnt[5]     ; CLK          ; CLK         ; 0.000        ; 0.080      ; 1.038      ;
; 0.746 ; func:func_inst|mult16x8:mul|cnt[1]     ; func:func_inst|mult16x8:mul|cnt[1]     ; CLK          ; CLK         ; 0.000        ; 0.080      ; 1.038      ;
; 0.746 ; debounce_cnt3[15]                      ; debounce_cnt3[15]                      ; CLK          ; CLK         ; 0.000        ; 0.080      ; 1.038      ;
; 0.746 ; debounce_cnt3[1]                       ; debounce_cnt3[1]                       ; CLK          ; CLK         ; 0.000        ; 0.081      ; 1.039      ;
; 0.746 ; debounce_cnt3[6]                       ; debounce_cnt3[6]                       ; CLK          ; CLK         ; 0.000        ; 0.081      ; 1.039      ;
; 0.746 ; debounce_cnt3[8]                       ; debounce_cnt3[8]                       ; CLK          ; CLK         ; 0.000        ; 0.081      ; 1.039      ;
; 0.747 ; debounce_cnt4[1]                       ; debounce_cnt4[1]                       ; CLK          ; CLK         ; 0.000        ; 0.080      ; 1.039      ;
; 0.747 ; debounce_cnt4[3]                       ; debounce_cnt4[3]                       ; CLK          ; CLK         ; 0.000        ; 0.080      ; 1.039      ;
; 0.747 ; debounce_cnt4[6]                       ; debounce_cnt4[6]                       ; CLK          ; CLK         ; 0.000        ; 0.080      ; 1.039      ;
; 0.747 ; debounce_cnt4[8]                       ; debounce_cnt4[8]                       ; CLK          ; CLK         ; 0.000        ; 0.080      ; 1.039      ;
; 0.747 ; debounce_cnt4[12]                      ; debounce_cnt4[12]                      ; CLK          ; CLK         ; 0.000        ; 0.080      ; 1.039      ;
; 0.747 ; debounce_cnt2[1]                       ; debounce_cnt2[1]                       ; CLK          ; CLK         ; 0.000        ; 0.080      ; 1.039      ;
; 0.747 ; debounce_cnt2[3]                       ; debounce_cnt2[3]                       ; CLK          ; CLK         ; 0.000        ; 0.080      ; 1.039      ;
; 0.747 ; debounce_cnt2[6]                       ; debounce_cnt2[6]                       ; CLK          ; CLK         ; 0.000        ; 0.080      ; 1.039      ;
; 0.747 ; debounce_cnt2[8]                       ; debounce_cnt2[8]                       ; CLK          ; CLK         ; 0.000        ; 0.080      ; 1.039      ;
; 0.747 ; debounce_cnt2[10]                      ; debounce_cnt2[10]                      ; CLK          ; CLK         ; 0.000        ; 0.080      ; 1.039      ;
; 0.747 ; debounce_cnt3[4]                       ; debounce_cnt3[4]                       ; CLK          ; CLK         ; 0.000        ; 0.081      ; 1.040      ;
; 0.748 ; debounce_cnt4[14]                      ; debounce_cnt4[14]                      ; CLK          ; CLK         ; 0.000        ; 0.080      ; 1.040      ;
; 0.748 ; debounce_cnt4[16]                      ; debounce_cnt4[16]                      ; CLK          ; CLK         ; 0.000        ; 0.080      ; 1.040      ;
; 0.748 ; debounce_cnt4[17]                      ; debounce_cnt4[17]                      ; CLK          ; CLK         ; 0.000        ; 0.080      ; 1.040      ;
; 0.748 ; debounce_cnt2[12]                      ; debounce_cnt2[12]                      ; CLK          ; CLK         ; 0.000        ; 0.080      ; 1.040      ;
; 0.748 ; debounce_cnt2[14]                      ; debounce_cnt2[14]                      ; CLK          ; CLK         ; 0.000        ; 0.080      ; 1.040      ;
; 0.748 ; debounce_cnt2[16]                      ; debounce_cnt2[16]                      ; CLK          ; CLK         ; 0.000        ; 0.080      ; 1.040      ;
; 0.748 ; debounce_cnt2[17]                      ; debounce_cnt2[17]                      ; CLK          ; CLK         ; 0.000        ; 0.080      ; 1.040      ;
; 0.748 ; func:func_inst|mult16x8:mul|cnt[2]     ; func:func_inst|mult16x8:mul|cnt[2]     ; CLK          ; CLK         ; 0.000        ; 0.080      ; 1.040      ;
; 0.748 ; debounce_cnt3[2]                       ; debounce_cnt3[2]                       ; CLK          ; CLK         ; 0.000        ; 0.081      ; 1.041      ;
; 0.748 ; debounce_cnt3[12]                      ; debounce_cnt3[12]                      ; CLK          ; CLK         ; 0.000        ; 0.080      ; 1.040      ;
; 0.748 ; debounce_cnt3[14]                      ; debounce_cnt3[14]                      ; CLK          ; CLK         ; 0.000        ; 0.080      ; 1.040      ;
; 0.748 ; debounce_cnt3[16]                      ; debounce_cnt3[16]                      ; CLK          ; CLK         ; 0.000        ; 0.080      ; 1.040      ;
; 0.748 ; debounce_cnt3[17]                      ; debounce_cnt3[17]                      ; CLK          ; CLK         ; 0.000        ; 0.080      ; 1.040      ;
; 0.749 ; debounce_cnt4[2]                       ; debounce_cnt4[2]                       ; CLK          ; CLK         ; 0.000        ; 0.080      ; 1.041      ;
+-------+----------------------------------------+----------------------------------------+--------------+-------------+--------------+------------+------------+


-----------------------------------------------
; Slow 1200mV 85C Model Metastability Summary ;
-----------------------------------------------
Design MTBF is not calculated because the design doesn't meet its timing requirements.



+--------------------------------------------------+
; Slow 1200mV 0C Model Fmax Summary                ;
+------------+-----------------+------------+------+
; Fmax       ; Restricted Fmax ; Clock Name ; Note ;
+------------+-----------------+------------+------+
; 225.02 MHz ; 225.02 MHz      ; CLK        ;      ;
+------------+-----------------+------------+------+
This panel reports FMAX for every clock in the design, regardless of the user-specified clock periods.  FMAX is only computed for paths where the source and destination registers or ports are driven by the same clock.  Paths of different clocks, including generated clocks, are ignored.  For paths between a clock and its inversion, FMAX is computed as if the rising and falling edges are scaled along with FMAX, such that the duty cycle (in terms of a percentage) is maintained. Altera recommends that you always use clock constraints and other slack reports for sign-off analysis.


+------------------------------------+
; Slow 1200mV 0C Model Setup Summary ;
+-------+--------+-------------------+
; Clock ; Slack  ; End Point TNS     ;
+-------+--------+-------------------+
; CLK   ; -3.444 ; -759.040          ;
+-------+--------+-------------------+


+-----------------------------------+
; Slow 1200mV 0C Model Hold Summary ;
+-------+-------+-------------------+
; Clock ; Slack ; End Point TNS     ;
+-------+-------+-------------------+
; CLK   ; 0.385 ; 0.000             ;
+-------+-------+-------------------+


-----------------------------------------
; Slow 1200mV 0C Model Recovery Summary ;
-----------------------------------------
No paths to report.


----------------------------------------
; Slow 1200mV 0C Model Removal Summary ;
----------------------------------------
No paths to report.


+--------------------------------------------------+
; Slow 1200mV 0C Model Minimum Pulse Width Summary ;
+-------+--------+---------------------------------+
; Clock ; Slack  ; End Point TNS                   ;
+-------+--------+---------------------------------+
; CLK   ; -3.000 ; -508.580                        ;
+-------+--------+---------------------------------+


+-----------------------------------------------------------------------------------------------------------------------------------------------------------+
; Slow 1200mV 0C Model Setup: 'CLK'                                                                                                                         ;
+--------+--------------------------------------+-------------------------------------+--------------+-------------+--------------+------------+------------+
; Slack  ; From Node                            ; To Node                             ; Launch Clock ; Latch Clock ; Relationship ; Clock Skew ; Data Delay ;
+--------+--------------------------------------+-------------------------------------+--------------+-------------+--------------+------------+------------+
; -3.444 ; func:func_inst|mult16x8:mul|a_ext[4] ; func:func_inst|mult16x8:mul|Y[23]   ; CLK          ; CLK         ; 1.000        ; -0.080     ; 4.366      ;
; -3.439 ; debounce_cnt2[11]                    ; debounce_cnt2[13]                   ; CLK          ; CLK         ; 1.000        ; -0.072     ; 4.369      ;
; -3.439 ; debounce_cnt2[11]                    ; debounce_cnt2[10]                   ; CLK          ; CLK         ; 1.000        ; -0.072     ; 4.369      ;
; -3.439 ; debounce_cnt2[11]                    ; debounce_cnt2[11]                   ; CLK          ; CLK         ; 1.000        ; -0.072     ; 4.369      ;
; -3.439 ; debounce_cnt2[11]                    ; debounce_cnt2[12]                   ; CLK          ; CLK         ; 1.000        ; -0.072     ; 4.369      ;
; -3.439 ; debounce_cnt2[11]                    ; debounce_cnt2[14]                   ; CLK          ; CLK         ; 1.000        ; -0.072     ; 4.369      ;
; -3.439 ; debounce_cnt2[11]                    ; debounce_cnt2[15]                   ; CLK          ; CLK         ; 1.000        ; -0.072     ; 4.369      ;
; -3.439 ; debounce_cnt2[11]                    ; debounce_cnt2[19]                   ; CLK          ; CLK         ; 1.000        ; -0.072     ; 4.369      ;
; -3.439 ; debounce_cnt2[11]                    ; debounce_cnt2[16]                   ; CLK          ; CLK         ; 1.000        ; -0.072     ; 4.369      ;
; -3.439 ; debounce_cnt2[11]                    ; debounce_cnt2[17]                   ; CLK          ; CLK         ; 1.000        ; -0.072     ; 4.369      ;
; -3.439 ; debounce_cnt2[11]                    ; debounce_cnt2[18]                   ; CLK          ; CLK         ; 1.000        ; -0.072     ; 4.369      ;
; -3.431 ; func:func_inst|mult16x8:mul|a_ext[4] ; func:func_inst|mult16x8:mul|Y[21]   ; CLK          ; CLK         ; 1.000        ; -0.081     ; 4.352      ;
; -3.431 ; func:func_inst|mult16x8:mul|a_ext[4] ; func:func_inst|mult16x8:mul|acc[21] ; CLK          ; CLK         ; 1.000        ; -0.081     ; 4.352      ;
; -3.427 ; func:func_inst|mult16x8:mul|a_ext[0] ; func:func_inst|mult16x8:mul|Y[23]   ; CLK          ; CLK         ; 1.000        ; -0.081     ; 4.348      ;
; -3.425 ; func:func_inst|mult16x8:mul|a_ext[2] ; func:func_inst|mult16x8:mul|Y[23]   ; CLK          ; CLK         ; 1.000        ; -0.081     ; 4.346      ;
; -3.414 ; func:func_inst|mult16x8:mul|a_ext[0] ; func:func_inst|mult16x8:mul|Y[21]   ; CLK          ; CLK         ; 1.000        ; -0.082     ; 4.334      ;
; -3.414 ; func:func_inst|mult16x8:mul|a_ext[0] ; func:func_inst|mult16x8:mul|acc[21] ; CLK          ; CLK         ; 1.000        ; -0.082     ; 4.334      ;
; -3.412 ; func:func_inst|mult16x8:mul|a_ext[2] ; func:func_inst|mult16x8:mul|Y[21]   ; CLK          ; CLK         ; 1.000        ; -0.082     ; 4.332      ;
; -3.412 ; func:func_inst|mult16x8:mul|a_ext[2] ; func:func_inst|mult16x8:mul|acc[21] ; CLK          ; CLK         ; 1.000        ; -0.082     ; 4.332      ;
; -3.390 ; func:func_inst|mult16x8:mul|b_reg[0] ; func:func_inst|mult16x8:mul|Y[23]   ; CLK          ; CLK         ; 1.000        ; -0.081     ; 4.311      ;
; -3.377 ; func:func_inst|mult16x8:mul|b_reg[0] ; func:func_inst|mult16x8:mul|Y[21]   ; CLK          ; CLK         ; 1.000        ; -0.082     ; 4.297      ;
; -3.377 ; func:func_inst|mult16x8:mul|b_reg[0] ; func:func_inst|mult16x8:mul|acc[21] ; CLK          ; CLK         ; 1.000        ; -0.082     ; 4.297      ;
; -3.344 ; debounce_cnt2[14]                    ; debounce_cnt2[13]                   ; CLK          ; CLK         ; 1.000        ; -0.072     ; 4.274      ;
; -3.344 ; debounce_cnt2[14]                    ; debounce_cnt2[10]                   ; CLK          ; CLK         ; 1.000        ; -0.072     ; 4.274      ;
; -3.344 ; debounce_cnt2[14]                    ; debounce_cnt2[11]                   ; CLK          ; CLK         ; 1.000        ; -0.072     ; 4.274      ;
; -3.344 ; debounce_cnt2[14]                    ; debounce_cnt2[12]                   ; CLK          ; CLK         ; 1.000        ; -0.072     ; 4.274      ;
; -3.344 ; debounce_cnt2[14]                    ; debounce_cnt2[14]                   ; CLK          ; CLK         ; 1.000        ; -0.072     ; 4.274      ;
; -3.344 ; debounce_cnt2[14]                    ; debounce_cnt2[15]                   ; CLK          ; CLK         ; 1.000        ; -0.072     ; 4.274      ;
; -3.344 ; debounce_cnt2[14]                    ; debounce_cnt2[19]                   ; CLK          ; CLK         ; 1.000        ; -0.072     ; 4.274      ;
; -3.344 ; debounce_cnt2[14]                    ; debounce_cnt2[16]                   ; CLK          ; CLK         ; 1.000        ; -0.072     ; 4.274      ;
; -3.344 ; debounce_cnt2[14]                    ; debounce_cnt2[17]                   ; CLK          ; CLK         ; 1.000        ; -0.072     ; 4.274      ;
; -3.344 ; debounce_cnt2[14]                    ; debounce_cnt2[18]                   ; CLK          ; CLK         ; 1.000        ; -0.072     ; 4.274      ;
; -3.332 ; debounce_cnt3[0]                     ; debounce_cnt3[15]                   ; CLK          ; CLK         ; 1.000        ; -0.073     ; 4.261      ;
; -3.332 ; debounce_cnt3[0]                     ; debounce_cnt3[10]                   ; CLK          ; CLK         ; 1.000        ; -0.073     ; 4.261      ;
; -3.332 ; debounce_cnt3[0]                     ; debounce_cnt3[11]                   ; CLK          ; CLK         ; 1.000        ; -0.073     ; 4.261      ;
; -3.332 ; debounce_cnt3[0]                     ; debounce_cnt3[12]                   ; CLK          ; CLK         ; 1.000        ; -0.073     ; 4.261      ;
; -3.332 ; debounce_cnt3[0]                     ; debounce_cnt3[13]                   ; CLK          ; CLK         ; 1.000        ; -0.073     ; 4.261      ;
; -3.332 ; debounce_cnt3[0]                     ; debounce_cnt3[14]                   ; CLK          ; CLK         ; 1.000        ; -0.073     ; 4.261      ;
; -3.332 ; debounce_cnt3[0]                     ; debounce_cnt3[19]                   ; CLK          ; CLK         ; 1.000        ; -0.073     ; 4.261      ;
; -3.332 ; debounce_cnt3[0]                     ; debounce_cnt3[16]                   ; CLK          ; CLK         ; 1.000        ; -0.073     ; 4.261      ;
; -3.332 ; debounce_cnt3[0]                     ; debounce_cnt3[17]                   ; CLK          ; CLK         ; 1.000        ; -0.073     ; 4.261      ;
; -3.332 ; debounce_cnt3[0]                     ; debounce_cnt3[18]                   ; CLK          ; CLK         ; 1.000        ; -0.073     ; 4.261      ;
; -3.325 ; func:func_inst|mult16x8:mul|a_ext[1] ; func:func_inst|mult16x8:mul|Y[23]   ; CLK          ; CLK         ; 1.000        ; -0.081     ; 4.246      ;
; -3.324 ; debounce_cnt3[3]                     ; debounce_cnt3[15]                   ; CLK          ; CLK         ; 1.000        ; -0.073     ; 4.253      ;
; -3.324 ; debounce_cnt3[3]                     ; debounce_cnt3[10]                   ; CLK          ; CLK         ; 1.000        ; -0.073     ; 4.253      ;
; -3.324 ; debounce_cnt3[3]                     ; debounce_cnt3[11]                   ; CLK          ; CLK         ; 1.000        ; -0.073     ; 4.253      ;
; -3.324 ; debounce_cnt3[3]                     ; debounce_cnt3[12]                   ; CLK          ; CLK         ; 1.000        ; -0.073     ; 4.253      ;
; -3.324 ; debounce_cnt3[3]                     ; debounce_cnt3[13]                   ; CLK          ; CLK         ; 1.000        ; -0.073     ; 4.253      ;
; -3.324 ; debounce_cnt3[3]                     ; debounce_cnt3[14]                   ; CLK          ; CLK         ; 1.000        ; -0.073     ; 4.253      ;
; -3.324 ; debounce_cnt3[3]                     ; debounce_cnt3[19]                   ; CLK          ; CLK         ; 1.000        ; -0.073     ; 4.253      ;
; -3.324 ; debounce_cnt3[3]                     ; debounce_cnt3[16]                   ; CLK          ; CLK         ; 1.000        ; -0.073     ; 4.253      ;
; -3.324 ; debounce_cnt3[3]                     ; debounce_cnt3[17]                   ; CLK          ; CLK         ; 1.000        ; -0.073     ; 4.253      ;
; -3.324 ; debounce_cnt3[3]                     ; debounce_cnt3[18]                   ; CLK          ; CLK         ; 1.000        ; -0.073     ; 4.253      ;
; -3.312 ; func:func_inst|mult16x8:mul|a_ext[1] ; func:func_inst|mult16x8:mul|Y[21]   ; CLK          ; CLK         ; 1.000        ; -0.082     ; 4.232      ;
; -3.312 ; func:func_inst|mult16x8:mul|a_ext[1] ; func:func_inst|mult16x8:mul|acc[21] ; CLK          ; CLK         ; 1.000        ; -0.082     ; 4.232      ;
; -3.309 ; debounce_cnt2[15]                    ; debounce_cnt2[13]                   ; CLK          ; CLK         ; 1.000        ; -0.072     ; 4.239      ;
; -3.309 ; debounce_cnt2[15]                    ; debounce_cnt2[10]                   ; CLK          ; CLK         ; 1.000        ; -0.072     ; 4.239      ;
; -3.309 ; debounce_cnt2[15]                    ; debounce_cnt2[11]                   ; CLK          ; CLK         ; 1.000        ; -0.072     ; 4.239      ;
; -3.309 ; debounce_cnt2[15]                    ; debounce_cnt2[12]                   ; CLK          ; CLK         ; 1.000        ; -0.072     ; 4.239      ;
; -3.309 ; debounce_cnt2[15]                    ; debounce_cnt2[14]                   ; CLK          ; CLK         ; 1.000        ; -0.072     ; 4.239      ;
; -3.309 ; debounce_cnt2[15]                    ; debounce_cnt2[15]                   ; CLK          ; CLK         ; 1.000        ; -0.072     ; 4.239      ;
; -3.309 ; debounce_cnt2[15]                    ; debounce_cnt2[19]                   ; CLK          ; CLK         ; 1.000        ; -0.072     ; 4.239      ;
; -3.309 ; debounce_cnt2[15]                    ; debounce_cnt2[16]                   ; CLK          ; CLK         ; 1.000        ; -0.072     ; 4.239      ;
; -3.309 ; debounce_cnt2[15]                    ; debounce_cnt2[17]                   ; CLK          ; CLK         ; 1.000        ; -0.072     ; 4.239      ;
; -3.309 ; debounce_cnt2[15]                    ; debounce_cnt2[18]                   ; CLK          ; CLK         ; 1.000        ; -0.072     ; 4.239      ;
; -3.288 ; func:func_inst|mult16x8:mul|a_ext[1] ; func:func_inst|mult16x8:mul|acc[20] ; CLK          ; CLK         ; 1.000        ; -0.082     ; 4.208      ;
; -3.248 ; debounce_cnt3[11]                    ; debounce_cnt3[15]                   ; CLK          ; CLK         ; 1.000        ; -0.071     ; 4.179      ;
; -3.248 ; debounce_cnt3[11]                    ; debounce_cnt3[10]                   ; CLK          ; CLK         ; 1.000        ; -0.071     ; 4.179      ;
; -3.248 ; debounce_cnt3[11]                    ; debounce_cnt3[11]                   ; CLK          ; CLK         ; 1.000        ; -0.071     ; 4.179      ;
; -3.248 ; debounce_cnt3[11]                    ; debounce_cnt3[12]                   ; CLK          ; CLK         ; 1.000        ; -0.071     ; 4.179      ;
; -3.248 ; debounce_cnt3[11]                    ; debounce_cnt3[13]                   ; CLK          ; CLK         ; 1.000        ; -0.071     ; 4.179      ;
; -3.248 ; debounce_cnt3[11]                    ; debounce_cnt3[14]                   ; CLK          ; CLK         ; 1.000        ; -0.071     ; 4.179      ;
; -3.248 ; debounce_cnt3[11]                    ; debounce_cnt3[19]                   ; CLK          ; CLK         ; 1.000        ; -0.071     ; 4.179      ;
; -3.248 ; debounce_cnt3[11]                    ; debounce_cnt3[16]                   ; CLK          ; CLK         ; 1.000        ; -0.071     ; 4.179      ;
; -3.248 ; debounce_cnt3[11]                    ; debounce_cnt3[17]                   ; CLK          ; CLK         ; 1.000        ; -0.071     ; 4.179      ;
; -3.248 ; debounce_cnt3[11]                    ; debounce_cnt3[18]                   ; CLK          ; CLK         ; 1.000        ; -0.071     ; 4.179      ;
; -3.216 ; debounce_cnt2[18]                    ; debounce_cnt2[13]                   ; CLK          ; CLK         ; 1.000        ; -0.072     ; 4.146      ;
; -3.216 ; debounce_cnt2[18]                    ; debounce_cnt2[10]                   ; CLK          ; CLK         ; 1.000        ; -0.072     ; 4.146      ;
; -3.216 ; debounce_cnt2[18]                    ; debounce_cnt2[11]                   ; CLK          ; CLK         ; 1.000        ; -0.072     ; 4.146      ;
; -3.216 ; debounce_cnt2[18]                    ; debounce_cnt2[12]                   ; CLK          ; CLK         ; 1.000        ; -0.072     ; 4.146      ;
; -3.216 ; debounce_cnt2[18]                    ; debounce_cnt2[14]                   ; CLK          ; CLK         ; 1.000        ; -0.072     ; 4.146      ;
; -3.216 ; debounce_cnt2[18]                    ; debounce_cnt2[15]                   ; CLK          ; CLK         ; 1.000        ; -0.072     ; 4.146      ;
; -3.216 ; debounce_cnt2[18]                    ; debounce_cnt2[19]                   ; CLK          ; CLK         ; 1.000        ; -0.072     ; 4.146      ;
; -3.216 ; debounce_cnt2[18]                    ; debounce_cnt2[16]                   ; CLK          ; CLK         ; 1.000        ; -0.072     ; 4.146      ;
; -3.216 ; debounce_cnt2[18]                    ; debounce_cnt2[17]                   ; CLK          ; CLK         ; 1.000        ; -0.072     ; 4.146      ;
; -3.216 ; debounce_cnt2[18]                    ; debounce_cnt2[18]                   ; CLK          ; CLK         ; 1.000        ; -0.072     ; 4.146      ;
; -3.215 ; debounce_cnt2[16]                    ; debounce_cnt2[13]                   ; CLK          ; CLK         ; 1.000        ; -0.072     ; 4.145      ;
; -3.215 ; debounce_cnt2[16]                    ; debounce_cnt2[10]                   ; CLK          ; CLK         ; 1.000        ; -0.072     ; 4.145      ;
; -3.215 ; debounce_cnt2[16]                    ; debounce_cnt2[11]                   ; CLK          ; CLK         ; 1.000        ; -0.072     ; 4.145      ;
; -3.215 ; debounce_cnt2[16]                    ; debounce_cnt2[12]                   ; CLK          ; CLK         ; 1.000        ; -0.072     ; 4.145      ;
; -3.215 ; debounce_cnt2[16]                    ; debounce_cnt2[14]                   ; CLK          ; CLK         ; 1.000        ; -0.072     ; 4.145      ;
; -3.215 ; debounce_cnt2[16]                    ; debounce_cnt2[15]                   ; CLK          ; CLK         ; 1.000        ; -0.072     ; 4.145      ;
; -3.215 ; debounce_cnt2[16]                    ; debounce_cnt2[19]                   ; CLK          ; CLK         ; 1.000        ; -0.072     ; 4.145      ;
; -3.215 ; debounce_cnt2[16]                    ; debounce_cnt2[16]                   ; CLK          ; CLK         ; 1.000        ; -0.072     ; 4.145      ;
; -3.215 ; debounce_cnt2[16]                    ; debounce_cnt2[17]                   ; CLK          ; CLK         ; 1.000        ; -0.072     ; 4.145      ;
; -3.215 ; debounce_cnt2[16]                    ; debounce_cnt2[18]                   ; CLK          ; CLK         ; 1.000        ; -0.072     ; 4.145      ;
; -3.210 ; func:func_inst|mult16x8:mul|a_ext[4] ; func:func_inst|mult16x8:mul|acc[20] ; CLK          ; CLK         ; 1.000        ; -0.081     ; 4.131      ;
; -3.207 ; func:func_inst|mult16x8:mul|a_ext[1] ; func:func_inst|mult16x8:mul|acc[16] ; CLK          ; CLK         ; 1.000        ; -0.082     ; 4.127      ;
; -3.207 ; debounce_cnt4[14]                    ; debounce_cnt4[15]                   ; CLK          ; CLK         ; 1.000        ; -0.072     ; 4.137      ;
; -3.207 ; debounce_cnt4[14]                    ; debounce_cnt4[10]                   ; CLK          ; CLK         ; 1.000        ; -0.072     ; 4.137      ;
+--------+--------------------------------------+-------------------------------------+--------------+-------------+--------------+------------+------------+


+---------------------------------------------------------------------------------------------------------------------------------------------------------------+
; Slow 1200mV 0C Model Hold: 'CLK'                                                                                                                              ;
+-------+----------------------------------------+----------------------------------------+--------------+-------------+--------------+------------+------------+
; Slack ; From Node                              ; To Node                                ; Launch Clock ; Latch Clock ; Relationship ; Clock Skew ; Data Delay ;
+-------+----------------------------------------+----------------------------------------+--------------+-------------+--------------+------------+------------+
; 0.385 ; seg_display_ctrl:seg_ctrl|digit_idx[0] ; seg_display_ctrl:seg_ctrl|digit_idx[0] ; CLK          ; CLK         ; 0.000        ; 0.089      ; 0.669      ;
; 0.402 ; seg_display_ctrl:seg_ctrl|digit_idx[2] ; seg_display_ctrl:seg_ctrl|digit_idx[2] ; CLK          ; CLK         ; 0.000        ; 0.072      ; 0.669      ;
; 0.402 ; seg_display_ctrl:seg_ctrl|digit_idx[1] ; seg_display_ctrl:seg_ctrl|digit_idx[1] ; CLK          ; CLK         ; 0.000        ; 0.072      ; 0.669      ;
; 0.402 ; display_mode.MODE_SHOW_A               ; display_mode.MODE_SHOW_A               ; CLK          ; CLK         ; 0.000        ; 0.072      ; 0.669      ;
; 0.402 ; display_mode.MODE_SHOW_B               ; display_mode.MODE_SHOW_B               ; CLK          ; CLK         ; 0.000        ; 0.072      ; 0.669      ;
; 0.402 ; key4_stable                            ; key4_stable                            ; CLK          ; CLK         ; 0.000        ; 0.072      ; 0.669      ;
; 0.402 ; key2_stable                            ; key2_stable                            ; CLK          ; CLK         ; 0.000        ; 0.072      ; 0.669      ;
; 0.402 ; func:func_inst|busy                    ; func:func_inst|busy                    ; CLK          ; CLK         ; 0.000        ; 0.072      ; 0.669      ;
; 0.402 ; func:func_inst|st.S_AB                 ; func:func_inst|st.S_AB                 ; CLK          ; CLK         ; 0.000        ; 0.072      ; 0.669      ;
; 0.402 ; func:func_inst|mult16x8:mul|state      ; func:func_inst|mult16x8:mul|state      ; CLK          ; CLK         ; 0.000        ; 0.072      ; 0.669      ;
; 0.402 ; key3_stable                            ; key3_stable                            ; CLK          ; CLK         ; 0.000        ; 0.072      ; 0.669      ;
; 0.456 ; debounce_cnt4[19]                      ; debounce_cnt4[19]                      ; CLK          ; CLK         ; 0.000        ; 0.072      ; 0.723      ;
; 0.456 ; debounce_cnt2[19]                      ; debounce_cnt2[19]                      ; CLK          ; CLK         ; 0.000        ; 0.072      ; 0.723      ;
; 0.457 ; debounce_cnt3[19]                      ; debounce_cnt3[19]                      ; CLK          ; CLK         ; 0.000        ; 0.071      ; 0.723      ;
; 0.470 ; last_result[12]                        ; display_value[12]                      ; CLK          ; CLK         ; 0.000        ; 0.072      ; 0.737      ;
; 0.470 ; func:func_inst|y[21]                   ; last_result[21]                        ; CLK          ; CLK         ; 0.000        ; 0.073      ; 0.738      ;
; 0.472 ; last_result[10]                        ; display_value[10]                      ; CLK          ; CLK         ; 0.000        ; 0.072      ; 0.739      ;
; 0.472 ; func:func_inst|y[15]                   ; last_result[15]                        ; CLK          ; CLK         ; 0.000        ; 0.073      ; 0.740      ;
; 0.472 ; func:func_inst|y[8]                    ; last_result[8]                         ; CLK          ; CLK         ; 0.000        ; 0.072      ; 0.739      ;
; 0.472 ; func:func_inst|y[5]                    ; last_result[5]                         ; CLK          ; CLK         ; 0.000        ; 0.072      ; 0.739      ;
; 0.473 ; last_result[9]                         ; display_value[9]                       ; CLK          ; CLK         ; 0.000        ; 0.072      ; 0.740      ;
; 0.473 ; func:func_inst|y[6]                    ; last_result[6]                         ; CLK          ; CLK         ; 0.000        ; 0.072      ; 0.740      ;
; 0.493 ; func:func_inst|a_r[6]                  ; func:func_inst|m_A[6]                  ; CLK          ; CLK         ; 0.000        ; 0.072      ; 0.760      ;
; 0.494 ; func:func_inst|a_r[2]                  ; func:func_inst|m_A[2]                  ; CLK          ; CLK         ; 0.000        ; 0.072      ; 0.761      ;
; 0.508 ; func:func_inst|st.S_IDLE               ; func:func_inst|busy                    ; CLK          ; CLK         ; 0.000        ; 0.072      ; 0.775      ;
; 0.511 ; func:func_inst|st.S_IDLE               ; func:func_inst|st.S_AB                 ; CLK          ; CLK         ; 0.000        ; 0.072      ; 0.778      ;
; 0.512 ; func:func_inst|st.S_IDLE               ; func:func_inst|m_B[1]                  ; CLK          ; CLK         ; 0.000        ; 0.072      ; 0.779      ;
; 0.513 ; key3_stable                            ; key3_prev                              ; CLK          ; CLK         ; 0.000        ; 0.072      ; 0.780      ;
; 0.599 ; last_result[18]                        ; display_value[18]                      ; CLK          ; CLK         ; 0.000        ; 0.072      ; 0.866      ;
; 0.599 ; last_result[11]                        ; display_value[11]                      ; CLK          ; CLK         ; 0.000        ; 0.072      ; 0.866      ;
; 0.600 ; last_result[17]                        ; display_value[17]                      ; CLK          ; CLK         ; 0.000        ; 0.072      ; 0.867      ;
; 0.600 ; func:func_inst|y[14]                   ; last_result[14]                        ; CLK          ; CLK         ; 0.000        ; 0.073      ; 0.868      ;
; 0.600 ; func:func_inst|y[16]                   ; last_result[16]                        ; CLK          ; CLK         ; 0.000        ; 0.073      ; 0.868      ;
; 0.601 ; func:func_inst|y[7]                    ; last_result[7]                         ; CLK          ; CLK         ; 0.000        ; 0.072      ; 0.868      ;
; 0.602 ; func:func_inst|m_B[6]                  ; func:func_inst|mult16x8:mul|b_reg[6]   ; CLK          ; CLK         ; 0.000        ; 0.071      ; 0.868      ;
; 0.603 ; last_result[19]                        ; display_value[19]                      ; CLK          ; CLK         ; 0.000        ; 0.072      ; 0.870      ;
; 0.604 ; func:func_inst|m_B[0]                  ; func:func_inst|mult16x8:mul|b_reg[0]   ; CLK          ; CLK         ; 0.000        ; 0.073      ; 0.872      ;
; 0.604 ; func:func_inst|m_B[5]                  ; func:func_inst|mult16x8:mul|b_reg[5]   ; CLK          ; CLK         ; 0.000        ; 0.071      ; 0.870      ;
; 0.622 ; func:func_inst|mult16x8:mul|a_ext[12]  ; func:func_inst|mult16x8:mul|a_ext[13]  ; CLK          ; CLK         ; 0.000        ; 0.072      ; 0.889      ;
; 0.622 ; func:func_inst|st.S_DONE               ; func:func_inst|st.S_IDLE               ; CLK          ; CLK         ; 0.000        ; 0.072      ; 0.889      ;
; 0.622 ; func:func_inst|mult16x8:mul|state      ; func:func_inst|mult16x8:mul|done       ; CLK          ; CLK         ; 0.000        ; 0.072      ; 0.889      ;
; 0.623 ; func:func_inst|mult16x8:mul|a_ext[22]  ; func:func_inst|mult16x8:mul|a_ext[23]  ; CLK          ; CLK         ; 0.000        ; 0.071      ; 0.889      ;
; 0.623 ; func:func_inst|mult16x8:mul|a_ext[19]  ; func:func_inst|mult16x8:mul|a_ext[20]  ; CLK          ; CLK         ; 0.000        ; 0.071      ; 0.889      ;
; 0.637 ; func:func_inst|mult16x8:mul|a_ext[0]   ; func:func_inst|mult16x8:mul|a_ext[1]   ; CLK          ; CLK         ; 0.000        ; 0.072      ; 0.904      ;
; 0.678 ; key4_stable                            ; key4_prev                              ; CLK          ; CLK         ; 0.000        ; 0.072      ; 0.945      ;
; 0.689 ; seg_display_ctrl:seg_ctrl|scan_cnt[1]  ; seg_display_ctrl:seg_ctrl|scan_cnt[1]  ; CLK          ; CLK         ; 0.000        ; 0.090      ; 0.974      ;
; 0.689 ; func:func_inst|mult16x8:mul|b_reg[6]   ; func:func_inst|mult16x8:mul|b_reg[5]   ; CLK          ; CLK         ; 0.000        ; 0.071      ; 0.955      ;
; 0.690 ; func:func_inst|mult16x8:mul|b_reg[5]   ; func:func_inst|mult16x8:mul|b_reg[4]   ; CLK          ; CLK         ; 0.000        ; 0.071      ; 0.956      ;
; 0.690 ; debounce_cnt4[9]                       ; debounce_cnt4[9]                       ; CLK          ; CLK         ; 0.000        ; 0.072      ; 0.957      ;
; 0.690 ; debounce_cnt3[9]                       ; debounce_cnt3[9]                       ; CLK          ; CLK         ; 0.000        ; 0.072      ; 0.957      ;
; 0.691 ; func:func_inst|mult16x8:mul|b_reg[3]   ; func:func_inst|mult16x8:mul|b_reg[2]   ; CLK          ; CLK         ; 0.000        ; 0.071      ; 0.957      ;
; 0.691 ; debounce_cnt2[13]                      ; debounce_cnt2[13]                      ; CLK          ; CLK         ; 0.000        ; 0.072      ; 0.958      ;
; 0.691 ; debounce_cnt2[9]                       ; debounce_cnt2[9]                       ; CLK          ; CLK         ; 0.000        ; 0.072      ; 0.958      ;
; 0.691 ; debounce_cnt3[5]                       ; debounce_cnt3[5]                       ; CLK          ; CLK         ; 0.000        ; 0.072      ; 0.958      ;
; 0.692 ; debounce_cnt4[15]                      ; debounce_cnt4[15]                      ; CLK          ; CLK         ; 0.000        ; 0.072      ; 0.959      ;
; 0.692 ; debounce_cnt4[5]                       ; debounce_cnt4[5]                       ; CLK          ; CLK         ; 0.000        ; 0.072      ; 0.959      ;
; 0.692 ; debounce_cnt4[7]                       ; debounce_cnt4[7]                       ; CLK          ; CLK         ; 0.000        ; 0.072      ; 0.959      ;
; 0.692 ; debounce_cnt2[5]                       ; debounce_cnt2[5]                       ; CLK          ; CLK         ; 0.000        ; 0.072      ; 0.959      ;
; 0.692 ; debounce_cnt2[7]                       ; debounce_cnt2[7]                       ; CLK          ; CLK         ; 0.000        ; 0.072      ; 0.959      ;
; 0.692 ; func:func_inst|mult16x8:mul|cnt[5]     ; func:func_inst|mult16x8:mul|cnt[5]     ; CLK          ; CLK         ; 0.000        ; 0.072      ; 0.959      ;
; 0.692 ; debounce_cnt3[7]                       ; debounce_cnt3[7]                       ; CLK          ; CLK         ; 0.000        ; 0.072      ; 0.959      ;
; 0.692 ; func:func_inst|mult16x8:mul|b_reg[7]   ; func:func_inst|mult16x8:mul|b_reg[6]   ; CLK          ; CLK         ; 0.000        ; 0.071      ; 0.958      ;
; 0.693 ; debounce_cnt4[13]                      ; debounce_cnt4[13]                      ; CLK          ; CLK         ; 0.000        ; 0.072      ; 0.960      ;
; 0.693 ; func:func_inst|mult16x8:mul|cnt[1]     ; func:func_inst|mult16x8:mul|cnt[1]     ; CLK          ; CLK         ; 0.000        ; 0.072      ; 0.960      ;
; 0.693 ; func:func_inst|mult16x8:mul|cnt[3]     ; func:func_inst|mult16x8:mul|cnt[3]     ; CLK          ; CLK         ; 0.000        ; 0.072      ; 0.960      ;
; 0.693 ; debounce_cnt3[15]                      ; debounce_cnt3[15]                      ; CLK          ; CLK         ; 0.000        ; 0.071      ; 0.959      ;
; 0.694 ; func:func_inst|mult16x8:mul|b_reg[4]   ; func:func_inst|mult16x8:mul|b_reg[3]   ; CLK          ; CLK         ; 0.000        ; 0.071      ; 0.960      ;
; 0.694 ; debounce_cnt4[3]                       ; debounce_cnt4[3]                       ; CLK          ; CLK         ; 0.000        ; 0.072      ; 0.961      ;
; 0.694 ; debounce_cnt2[3]                       ; debounce_cnt2[3]                       ; CLK          ; CLK         ; 0.000        ; 0.072      ; 0.961      ;
; 0.694 ; debounce_cnt2[11]                      ; debounce_cnt2[11]                      ; CLK          ; CLK         ; 0.000        ; 0.072      ; 0.961      ;
; 0.694 ; debounce_cnt2[15]                      ; debounce_cnt2[15]                      ; CLK          ; CLK         ; 0.000        ; 0.072      ; 0.961      ;
; 0.694 ; debounce_cnt3[13]                      ; debounce_cnt3[13]                      ; CLK          ; CLK         ; 0.000        ; 0.071      ; 0.960      ;
; 0.695 ; debounce_cnt4[1]                       ; debounce_cnt4[1]                       ; CLK          ; CLK         ; 0.000        ; 0.072      ; 0.962      ;
; 0.695 ; debounce_cnt3[1]                       ; debounce_cnt3[1]                       ; CLK          ; CLK         ; 0.000        ; 0.072      ; 0.962      ;
; 0.695 ; debounce_cnt3[3]                       ; debounce_cnt3[3]                       ; CLK          ; CLK         ; 0.000        ; 0.072      ; 0.962      ;
; 0.695 ; debounce_cnt3[8]                       ; debounce_cnt3[8]                       ; CLK          ; CLK         ; 0.000        ; 0.072      ; 0.962      ;
; 0.696 ; debounce_cnt4[16]                      ; debounce_cnt4[16]                      ; CLK          ; CLK         ; 0.000        ; 0.072      ; 0.963      ;
; 0.696 ; debounce_cnt2[1]                       ; debounce_cnt2[1]                       ; CLK          ; CLK         ; 0.000        ; 0.072      ; 0.963      ;
; 0.696 ; debounce_cnt2[10]                      ; debounce_cnt2[10]                      ; CLK          ; CLK         ; 0.000        ; 0.072      ; 0.963      ;
; 0.696 ; debounce_cnt2[16]                      ; debounce_cnt2[16]                      ; CLK          ; CLK         ; 0.000        ; 0.072      ; 0.963      ;
; 0.697 ; debounce_cnt4[4]                       ; debounce_cnt4[4]                       ; CLK          ; CLK         ; 0.000        ; 0.072      ; 0.964      ;
; 0.697 ; debounce_cnt4[6]                       ; debounce_cnt4[6]                       ; CLK          ; CLK         ; 0.000        ; 0.072      ; 0.964      ;
; 0.697 ; debounce_cnt4[8]                       ; debounce_cnt4[8]                       ; CLK          ; CLK         ; 0.000        ; 0.072      ; 0.964      ;
; 0.697 ; debounce_cnt4[12]                      ; debounce_cnt4[12]                      ; CLK          ; CLK         ; 0.000        ; 0.072      ; 0.964      ;
; 0.697 ; debounce_cnt4[17]                      ; debounce_cnt4[17]                      ; CLK          ; CLK         ; 0.000        ; 0.072      ; 0.964      ;
; 0.697 ; debounce_cnt2[4]                       ; debounce_cnt2[4]                       ; CLK          ; CLK         ; 0.000        ; 0.072      ; 0.964      ;
; 0.697 ; debounce_cnt2[6]                       ; debounce_cnt2[6]                       ; CLK          ; CLK         ; 0.000        ; 0.072      ; 0.964      ;
; 0.697 ; debounce_cnt2[8]                       ; debounce_cnt2[8]                       ; CLK          ; CLK         ; 0.000        ; 0.072      ; 0.964      ;
; 0.697 ; debounce_cnt2[12]                      ; debounce_cnt2[12]                      ; CLK          ; CLK         ; 0.000        ; 0.072      ; 0.964      ;
; 0.697 ; debounce_cnt2[17]                      ; debounce_cnt2[17]                      ; CLK          ; CLK         ; 0.000        ; 0.072      ; 0.964      ;
; 0.697 ; func:func_inst|mult16x8:mul|cnt[2]     ; func:func_inst|mult16x8:mul|cnt[2]     ; CLK          ; CLK         ; 0.000        ; 0.072      ; 0.964      ;
; 0.697 ; func:func_inst|mult16x8:mul|cnt[6]     ; func:func_inst|mult16x8:mul|cnt[6]     ; CLK          ; CLK         ; 0.000        ; 0.072      ; 0.964      ;
; 0.697 ; debounce_cnt3[2]                       ; debounce_cnt3[2]                       ; CLK          ; CLK         ; 0.000        ; 0.072      ; 0.964      ;
; 0.697 ; debounce_cnt3[4]                       ; debounce_cnt3[4]                       ; CLK          ; CLK         ; 0.000        ; 0.072      ; 0.964      ;
; 0.697 ; debounce_cnt3[6]                       ; debounce_cnt3[6]                       ; CLK          ; CLK         ; 0.000        ; 0.072      ; 0.964      ;
; 0.697 ; debounce_cnt3[16]                      ; debounce_cnt3[16]                      ; CLK          ; CLK         ; 0.000        ; 0.071      ; 0.963      ;
; 0.698 ; debounce_cnt4[0]                       ; debounce_cnt4[0]                       ; CLK          ; CLK         ; 0.000        ; 0.091      ; 0.984      ;
; 0.698 ; debounce_cnt4[14]                      ; debounce_cnt4[14]                      ; CLK          ; CLK         ; 0.000        ; 0.072      ; 0.965      ;
; 0.698 ; debounce_cnt2[14]                      ; debounce_cnt2[14]                      ; CLK          ; CLK         ; 0.000        ; 0.072      ; 0.965      ;
; 0.698 ; func:func_inst|mult16x8:mul|cnt[7]     ; func:func_inst|mult16x8:mul|cnt[7]     ; CLK          ; CLK         ; 0.000        ; 0.072      ; 0.965      ;
+-------+----------------------------------------+----------------------------------------+--------------+-------------+--------------+------------+------------+


----------------------------------------------
; Slow 1200mV 0C Model Metastability Summary ;
----------------------------------------------
Design MTBF is not calculated because the design doesn't meet its timing requirements.



+------------------------------------+
; Fast 1200mV 0C Model Setup Summary ;
+-------+--------+-------------------+
; Clock ; Slack  ; End Point TNS     ;
+-------+--------+-------------------+
; CLK   ; -1.151 ; -175.052          ;
+-------+--------+-------------------+


+-----------------------------------+
; Fast 1200mV 0C Model Hold Summary ;
+-------+-------+-------------------+
; Clock ; Slack ; End Point TNS     ;
+-------+-------+-------------------+
; CLK   ; 0.180 ; 0.000             ;
+-------+-------+-------------------+


-----------------------------------------
; Fast 1200mV 0C Model Recovery Summary ;
-----------------------------------------
No paths to report.


----------------------------------------
; Fast 1200mV 0C Model Removal Summary ;
----------------------------------------
No paths to report.


+--------------------------------------------------+
; Fast 1200mV 0C Model Minimum Pulse Width Summary ;
+-------+--------+---------------------------------+
; Clock ; Slack  ; End Point TNS                   ;
+-------+--------+---------------------------------+
; CLK   ; -3.000 ; -444.114                        ;
+-------+--------+---------------------------------+


+-----------------------------------------------------------------------------------------------------------------------------------------------------------+
; Fast 1200mV 0C Model Setup: 'CLK'                                                                                                                         ;
+--------+--------------------------------------+-------------------------------------+--------------+-------------+--------------+------------+------------+
; Slack  ; From Node                            ; To Node                             ; Launch Clock ; Latch Clock ; Relationship ; Clock Skew ; Data Delay ;
+--------+--------------------------------------+-------------------------------------+--------------+-------------+--------------+------------+------------+
; -1.151 ; func:func_inst|mult16x8:mul|a_ext[1] ; func:func_inst|mult16x8:mul|Y[23]   ; CLK          ; CLK         ; 1.000        ; -0.039     ; 2.099      ;
; -1.115 ; func:func_inst|mult16x8:mul|b_reg[0] ; func:func_inst|mult16x8:mul|Y[23]   ; CLK          ; CLK         ; 1.000        ; -0.039     ; 2.063      ;
; -1.108 ; func:func_inst|mult16x8:mul|a_ext[1] ; func:func_inst|mult16x8:mul|Y[21]   ; CLK          ; CLK         ; 1.000        ; -0.041     ; 2.054      ;
; -1.108 ; func:func_inst|mult16x8:mul|a_ext[1] ; func:func_inst|mult16x8:mul|acc[21] ; CLK          ; CLK         ; 1.000        ; -0.041     ; 2.054      ;
; -1.096 ; func:func_inst|mult16x8:mul|a_ext[0] ; func:func_inst|mult16x8:mul|Y[23]   ; CLK          ; CLK         ; 1.000        ; -0.039     ; 2.044      ;
; -1.093 ; func:func_inst|mult16x8:mul|a_ext[1] ; func:func_inst|mult16x8:mul|acc[20] ; CLK          ; CLK         ; 1.000        ; -0.041     ; 2.039      ;
; -1.093 ; func:func_inst|mult16x8:mul|a_ext[2] ; func:func_inst|mult16x8:mul|Y[23]   ; CLK          ; CLK         ; 1.000        ; -0.039     ; 2.041      ;
; -1.086 ; func:func_inst|mult16x8:mul|a_ext[3] ; func:func_inst|mult16x8:mul|Y[23]   ; CLK          ; CLK         ; 1.000        ; -0.039     ; 2.034      ;
; -1.072 ; func:func_inst|mult16x8:mul|b_reg[0] ; func:func_inst|mult16x8:mul|Y[21]   ; CLK          ; CLK         ; 1.000        ; -0.041     ; 2.018      ;
; -1.072 ; func:func_inst|mult16x8:mul|b_reg[0] ; func:func_inst|mult16x8:mul|acc[21] ; CLK          ; CLK         ; 1.000        ; -0.041     ; 2.018      ;
; -1.057 ; func:func_inst|mult16x8:mul|b_reg[0] ; func:func_inst|mult16x8:mul|acc[20] ; CLK          ; CLK         ; 1.000        ; -0.041     ; 2.003      ;
; -1.053 ; func:func_inst|mult16x8:mul|a_ext[0] ; func:func_inst|mult16x8:mul|Y[21]   ; CLK          ; CLK         ; 1.000        ; -0.041     ; 1.999      ;
; -1.053 ; func:func_inst|mult16x8:mul|a_ext[0] ; func:func_inst|mult16x8:mul|acc[21] ; CLK          ; CLK         ; 1.000        ; -0.041     ; 1.999      ;
; -1.051 ; func:func_inst|mult16x8:mul|a_ext[4] ; func:func_inst|mult16x8:mul|Y[23]   ; CLK          ; CLK         ; 1.000        ; -0.038     ; 2.000      ;
; -1.050 ; debounce_cnt2[11]                    ; debounce_cnt2[13]                   ; CLK          ; CLK         ; 1.000        ; -0.036     ; 2.001      ;
; -1.050 ; debounce_cnt2[11]                    ; debounce_cnt2[10]                   ; CLK          ; CLK         ; 1.000        ; -0.036     ; 2.001      ;
; -1.050 ; debounce_cnt2[11]                    ; debounce_cnt2[11]                   ; CLK          ; CLK         ; 1.000        ; -0.036     ; 2.001      ;
; -1.050 ; debounce_cnt2[11]                    ; debounce_cnt2[12]                   ; CLK          ; CLK         ; 1.000        ; -0.036     ; 2.001      ;
; -1.050 ; debounce_cnt2[11]                    ; debounce_cnt2[14]                   ; CLK          ; CLK         ; 1.000        ; -0.036     ; 2.001      ;
; -1.050 ; debounce_cnt2[11]                    ; debounce_cnt2[15]                   ; CLK          ; CLK         ; 1.000        ; -0.036     ; 2.001      ;
; -1.050 ; debounce_cnt2[11]                    ; debounce_cnt2[19]                   ; CLK          ; CLK         ; 1.000        ; -0.036     ; 2.001      ;
; -1.050 ; debounce_cnt2[11]                    ; debounce_cnt2[16]                   ; CLK          ; CLK         ; 1.000        ; -0.036     ; 2.001      ;
; -1.050 ; debounce_cnt2[11]                    ; debounce_cnt2[17]                   ; CLK          ; CLK         ; 1.000        ; -0.036     ; 2.001      ;
; -1.050 ; debounce_cnt2[11]                    ; debounce_cnt2[18]                   ; CLK          ; CLK         ; 1.000        ; -0.036     ; 2.001      ;
; -1.050 ; func:func_inst|mult16x8:mul|a_ext[2] ; func:func_inst|mult16x8:mul|Y[21]   ; CLK          ; CLK         ; 1.000        ; -0.041     ; 1.996      ;
; -1.050 ; func:func_inst|mult16x8:mul|a_ext[2] ; func:func_inst|mult16x8:mul|acc[21] ; CLK          ; CLK         ; 1.000        ; -0.041     ; 1.996      ;
; -1.045 ; func:func_inst|mult16x8:mul|a_ext[1] ; func:func_inst|mult16x8:mul|acc[16] ; CLK          ; CLK         ; 1.000        ; -0.041     ; 1.991      ;
; -1.044 ; func:func_inst|mult16x8:mul|a_ext[1] ; func:func_inst|mult16x8:mul|Y[16]   ; CLK          ; CLK         ; 1.000        ; -0.041     ; 1.990      ;
; -1.043 ; func:func_inst|mult16x8:mul|a_ext[3] ; func:func_inst|mult16x8:mul|Y[21]   ; CLK          ; CLK         ; 1.000        ; -0.041     ; 1.989      ;
; -1.043 ; func:func_inst|mult16x8:mul|a_ext[3] ; func:func_inst|mult16x8:mul|acc[21] ; CLK          ; CLK         ; 1.000        ; -0.041     ; 1.989      ;
; -1.035 ; func:func_inst|mult16x8:mul|a_ext[2] ; func:func_inst|mult16x8:mul|acc[20] ; CLK          ; CLK         ; 1.000        ; -0.041     ; 1.981      ;
; -1.033 ; func:func_inst|mult16x8:mul|a_ext[0] ; func:func_inst|mult16x8:mul|acc[20] ; CLK          ; CLK         ; 1.000        ; -0.041     ; 1.979      ;
; -1.028 ; func:func_inst|mult16x8:mul|a_ext[3] ; func:func_inst|mult16x8:mul|acc[20] ; CLK          ; CLK         ; 1.000        ; -0.041     ; 1.974      ;
; -1.011 ; func:func_inst|mult16x8:mul|a_ext[1] ; func:func_inst|mult16x8:mul|Y[20]   ; CLK          ; CLK         ; 1.000        ; -0.039     ; 1.959      ;
; -1.009 ; func:func_inst|mult16x8:mul|b_reg[0] ; func:func_inst|mult16x8:mul|acc[16] ; CLK          ; CLK         ; 1.000        ; -0.041     ; 1.955      ;
; -1.008 ; func:func_inst|mult16x8:mul|a_ext[4] ; func:func_inst|mult16x8:mul|Y[21]   ; CLK          ; CLK         ; 1.000        ; -0.040     ; 1.955      ;
; -1.008 ; func:func_inst|mult16x8:mul|a_ext[4] ; func:func_inst|mult16x8:mul|acc[21] ; CLK          ; CLK         ; 1.000        ; -0.040     ; 1.955      ;
; -1.008 ; func:func_inst|mult16x8:mul|b_reg[0] ; func:func_inst|mult16x8:mul|Y[16]   ; CLK          ; CLK         ; 1.000        ; -0.041     ; 1.954      ;
; -0.995 ; func:func_inst|mult16x8:mul|a_ext[5] ; func:func_inst|mult16x8:mul|Y[23]   ; CLK          ; CLK         ; 1.000        ; -0.040     ; 1.942      ;
; -0.993 ; func:func_inst|mult16x8:mul|a_ext[4] ; func:func_inst|mult16x8:mul|acc[20] ; CLK          ; CLK         ; 1.000        ; -0.040     ; 1.940      ;
; -0.993 ; debounce_cnt2[15]                    ; debounce_cnt2[13]                   ; CLK          ; CLK         ; 1.000        ; -0.036     ; 1.944      ;
; -0.993 ; debounce_cnt2[15]                    ; debounce_cnt2[10]                   ; CLK          ; CLK         ; 1.000        ; -0.036     ; 1.944      ;
; -0.993 ; debounce_cnt2[15]                    ; debounce_cnt2[11]                   ; CLK          ; CLK         ; 1.000        ; -0.036     ; 1.944      ;
; -0.993 ; debounce_cnt2[15]                    ; debounce_cnt2[12]                   ; CLK          ; CLK         ; 1.000        ; -0.036     ; 1.944      ;
; -0.993 ; debounce_cnt2[15]                    ; debounce_cnt2[14]                   ; CLK          ; CLK         ; 1.000        ; -0.036     ; 1.944      ;
; -0.993 ; debounce_cnt2[15]                    ; debounce_cnt2[15]                   ; CLK          ; CLK         ; 1.000        ; -0.036     ; 1.944      ;
; -0.993 ; debounce_cnt2[15]                    ; debounce_cnt2[19]                   ; CLK          ; CLK         ; 1.000        ; -0.036     ; 1.944      ;
; -0.993 ; debounce_cnt2[15]                    ; debounce_cnt2[16]                   ; CLK          ; CLK         ; 1.000        ; -0.036     ; 1.944      ;
; -0.993 ; debounce_cnt2[15]                    ; debounce_cnt2[17]                   ; CLK          ; CLK         ; 1.000        ; -0.036     ; 1.944      ;
; -0.993 ; debounce_cnt2[15]                    ; debounce_cnt2[18]                   ; CLK          ; CLK         ; 1.000        ; -0.036     ; 1.944      ;
; -0.987 ; func:func_inst|mult16x8:mul|a_ext[2] ; func:func_inst|mult16x8:mul|acc[16] ; CLK          ; CLK         ; 1.000        ; -0.041     ; 1.933      ;
; -0.986 ; func:func_inst|mult16x8:mul|a_ext[2] ; func:func_inst|mult16x8:mul|Y[16]   ; CLK          ; CLK         ; 1.000        ; -0.041     ; 1.932      ;
; -0.985 ; func:func_inst|mult16x8:mul|a_ext[0] ; func:func_inst|mult16x8:mul|acc[16] ; CLK          ; CLK         ; 1.000        ; -0.041     ; 1.931      ;
; -0.984 ; func:func_inst|mult16x8:mul|a_ext[0] ; func:func_inst|mult16x8:mul|Y[16]   ; CLK          ; CLK         ; 1.000        ; -0.041     ; 1.930      ;
; -0.980 ; func:func_inst|mult16x8:mul|a_ext[3] ; func:func_inst|mult16x8:mul|acc[16] ; CLK          ; CLK         ; 1.000        ; -0.041     ; 1.926      ;
; -0.979 ; func:func_inst|mult16x8:mul|a_ext[3] ; func:func_inst|mult16x8:mul|Y[16]   ; CLK          ; CLK         ; 1.000        ; -0.041     ; 1.925      ;
; -0.975 ; func:func_inst|mult16x8:mul|a_ext[1] ; func:func_inst|mult16x8:mul|Y[22]   ; CLK          ; CLK         ; 1.000        ; 0.157      ; 2.119      ;
; -0.975 ; func:func_inst|mult16x8:mul|b_reg[0] ; func:func_inst|mult16x8:mul|Y[20]   ; CLK          ; CLK         ; 1.000        ; -0.039     ; 1.923      ;
; -0.974 ; func:func_inst|mult16x8:mul|a_ext[1] ; func:func_inst|mult16x8:mul|acc[23] ; CLK          ; CLK         ; 1.000        ; 0.137      ; 2.098      ;
; -0.953 ; func:func_inst|mult16x8:mul|a_ext[2] ; func:func_inst|mult16x8:mul|Y[20]   ; CLK          ; CLK         ; 1.000        ; -0.039     ; 1.901      ;
; -0.952 ; func:func_inst|mult16x8:mul|a_ext[5] ; func:func_inst|mult16x8:mul|Y[21]   ; CLK          ; CLK         ; 1.000        ; -0.042     ; 1.897      ;
; -0.952 ; func:func_inst|mult16x8:mul|a_ext[5] ; func:func_inst|mult16x8:mul|acc[21] ; CLK          ; CLK         ; 1.000        ; -0.042     ; 1.897      ;
; -0.951 ; func:func_inst|mult16x8:mul|a_ext[0] ; func:func_inst|mult16x8:mul|Y[20]   ; CLK          ; CLK         ; 1.000        ; -0.039     ; 1.899      ;
; -0.950 ; func:func_inst|mult16x8:mul|a_ext[7] ; func:func_inst|mult16x8:mul|Y[23]   ; CLK          ; CLK         ; 1.000        ; -0.038     ; 1.899      ;
; -0.947 ; debounce_cnt3[11]                    ; debounce_cnt3[15]                   ; CLK          ; CLK         ; 1.000        ; -0.036     ; 1.898      ;
; -0.947 ; debounce_cnt3[11]                    ; debounce_cnt3[10]                   ; CLK          ; CLK         ; 1.000        ; -0.036     ; 1.898      ;
; -0.947 ; debounce_cnt3[11]                    ; debounce_cnt3[11]                   ; CLK          ; CLK         ; 1.000        ; -0.036     ; 1.898      ;
; -0.947 ; debounce_cnt3[11]                    ; debounce_cnt3[12]                   ; CLK          ; CLK         ; 1.000        ; -0.036     ; 1.898      ;
; -0.947 ; debounce_cnt3[11]                    ; debounce_cnt3[13]                   ; CLK          ; CLK         ; 1.000        ; -0.036     ; 1.898      ;
; -0.947 ; debounce_cnt3[11]                    ; debounce_cnt3[14]                   ; CLK          ; CLK         ; 1.000        ; -0.036     ; 1.898      ;
; -0.947 ; debounce_cnt3[11]                    ; debounce_cnt3[19]                   ; CLK          ; CLK         ; 1.000        ; -0.036     ; 1.898      ;
; -0.947 ; debounce_cnt3[11]                    ; debounce_cnt3[16]                   ; CLK          ; CLK         ; 1.000        ; -0.036     ; 1.898      ;
; -0.947 ; debounce_cnt3[11]                    ; debounce_cnt3[17]                   ; CLK          ; CLK         ; 1.000        ; -0.036     ; 1.898      ;
; -0.947 ; debounce_cnt3[11]                    ; debounce_cnt3[18]                   ; CLK          ; CLK         ; 1.000        ; -0.036     ; 1.898      ;
; -0.946 ; func:func_inst|mult16x8:mul|a_ext[3] ; func:func_inst|mult16x8:mul|Y[20]   ; CLK          ; CLK         ; 1.000        ; -0.039     ; 1.894      ;
; -0.946 ; debounce_cnt3[0]                     ; debounce_cnt3[15]                   ; CLK          ; CLK         ; 1.000        ; -0.037     ; 1.896      ;
; -0.946 ; debounce_cnt3[0]                     ; debounce_cnt3[10]                   ; CLK          ; CLK         ; 1.000        ; -0.037     ; 1.896      ;
; -0.946 ; debounce_cnt3[0]                     ; debounce_cnt3[11]                   ; CLK          ; CLK         ; 1.000        ; -0.037     ; 1.896      ;
; -0.946 ; debounce_cnt3[0]                     ; debounce_cnt3[12]                   ; CLK          ; CLK         ; 1.000        ; -0.037     ; 1.896      ;
; -0.946 ; debounce_cnt3[0]                     ; debounce_cnt3[13]                   ; CLK          ; CLK         ; 1.000        ; -0.037     ; 1.896      ;
; -0.946 ; debounce_cnt3[0]                     ; debounce_cnt3[14]                   ; CLK          ; CLK         ; 1.000        ; -0.037     ; 1.896      ;
; -0.946 ; debounce_cnt3[0]                     ; debounce_cnt3[19]                   ; CLK          ; CLK         ; 1.000        ; -0.037     ; 1.896      ;
; -0.946 ; debounce_cnt3[0]                     ; debounce_cnt3[16]                   ; CLK          ; CLK         ; 1.000        ; -0.037     ; 1.896      ;
; -0.946 ; debounce_cnt3[0]                     ; debounce_cnt3[17]                   ; CLK          ; CLK         ; 1.000        ; -0.037     ; 1.896      ;
; -0.946 ; debounce_cnt3[0]                     ; debounce_cnt3[18]                   ; CLK          ; CLK         ; 1.000        ; -0.037     ; 1.896      ;
; -0.945 ; func:func_inst|mult16x8:mul|a_ext[4] ; func:func_inst|mult16x8:mul|acc[16] ; CLK          ; CLK         ; 1.000        ; -0.040     ; 1.892      ;
; -0.944 ; func:func_inst|mult16x8:mul|a_ext[4] ; func:func_inst|mult16x8:mul|Y[16]   ; CLK          ; CLK         ; 1.000        ; -0.040     ; 1.891      ;
; -0.943 ; debounce_cnt3[3]                     ; debounce_cnt3[15]                   ; CLK          ; CLK         ; 1.000        ; -0.037     ; 1.893      ;
; -0.943 ; debounce_cnt3[3]                     ; debounce_cnt3[10]                   ; CLK          ; CLK         ; 1.000        ; -0.037     ; 1.893      ;
; -0.943 ; debounce_cnt3[3]                     ; debounce_cnt3[11]                   ; CLK          ; CLK         ; 1.000        ; -0.037     ; 1.893      ;
; -0.943 ; debounce_cnt3[3]                     ; debounce_cnt3[12]                   ; CLK          ; CLK         ; 1.000        ; -0.037     ; 1.893      ;
; -0.943 ; debounce_cnt3[3]                     ; debounce_cnt3[13]                   ; CLK          ; CLK         ; 1.000        ; -0.037     ; 1.893      ;
; -0.943 ; debounce_cnt3[3]                     ; debounce_cnt3[14]                   ; CLK          ; CLK         ; 1.000        ; -0.037     ; 1.893      ;
; -0.943 ; debounce_cnt3[3]                     ; debounce_cnt3[19]                   ; CLK          ; CLK         ; 1.000        ; -0.037     ; 1.893      ;
; -0.943 ; debounce_cnt3[3]                     ; debounce_cnt3[16]                   ; CLK          ; CLK         ; 1.000        ; -0.037     ; 1.893      ;
; -0.943 ; debounce_cnt3[3]                     ; debounce_cnt3[17]                   ; CLK          ; CLK         ; 1.000        ; -0.037     ; 1.893      ;
; -0.943 ; debounce_cnt3[3]                     ; debounce_cnt3[18]                   ; CLK          ; CLK         ; 1.000        ; -0.037     ; 1.893      ;
; -0.941 ; debounce_cnt4[13]                    ; debounce_cnt4[15]                   ; CLK          ; CLK         ; 1.000        ; -0.036     ; 1.892      ;
; -0.941 ; debounce_cnt4[13]                    ; debounce_cnt4[10]                   ; CLK          ; CLK         ; 1.000        ; -0.036     ; 1.892      ;
; -0.941 ; debounce_cnt4[13]                    ; debounce_cnt4[11]                   ; CLK          ; CLK         ; 1.000        ; -0.036     ; 1.892      ;
+--------+--------------------------------------+-------------------------------------+--------------+-------------+--------------+------------+------------+


+---------------------------------------------------------------------------------------------------------------------------------------------------------------+
; Fast 1200mV 0C Model Hold: 'CLK'                                                                                                                              ;
+-------+----------------------------------------+----------------------------------------+--------------+-------------+--------------+------------+------------+
; Slack ; From Node                              ; To Node                                ; Launch Clock ; Latch Clock ; Relationship ; Clock Skew ; Data Delay ;
+-------+----------------------------------------+----------------------------------------+--------------+-------------+--------------+------------+------------+
; 0.180 ; seg_display_ctrl:seg_ctrl|digit_idx[0] ; seg_display_ctrl:seg_ctrl|digit_idx[0] ; CLK          ; CLK         ; 0.000        ; 0.043      ; 0.307      ;
; 0.187 ; seg_display_ctrl:seg_ctrl|digit_idx[2] ; seg_display_ctrl:seg_ctrl|digit_idx[2] ; CLK          ; CLK         ; 0.000        ; 0.036      ; 0.307      ;
; 0.187 ; seg_display_ctrl:seg_ctrl|digit_idx[1] ; seg_display_ctrl:seg_ctrl|digit_idx[1] ; CLK          ; CLK         ; 0.000        ; 0.036      ; 0.307      ;
; 0.187 ; display_mode.MODE_SHOW_A               ; display_mode.MODE_SHOW_A               ; CLK          ; CLK         ; 0.000        ; 0.036      ; 0.307      ;
; 0.187 ; display_mode.MODE_SHOW_B               ; display_mode.MODE_SHOW_B               ; CLK          ; CLK         ; 0.000        ; 0.036      ; 0.307      ;
; 0.187 ; key4_stable                            ; key4_stable                            ; CLK          ; CLK         ; 0.000        ; 0.036      ; 0.307      ;
; 0.187 ; key2_stable                            ; key2_stable                            ; CLK          ; CLK         ; 0.000        ; 0.036      ; 0.307      ;
; 0.187 ; func:func_inst|busy                    ; func:func_inst|busy                    ; CLK          ; CLK         ; 0.000        ; 0.036      ; 0.307      ;
; 0.187 ; func:func_inst|st.S_AB                 ; func:func_inst|st.S_AB                 ; CLK          ; CLK         ; 0.000        ; 0.036      ; 0.307      ;
; 0.187 ; func:func_inst|mult16x8:mul|state      ; func:func_inst|mult16x8:mul|state      ; CLK          ; CLK         ; 0.000        ; 0.036      ; 0.307      ;
; 0.187 ; key3_stable                            ; key3_stable                            ; CLK          ; CLK         ; 0.000        ; 0.036      ; 0.307      ;
; 0.193 ; last_result[12]                        ; display_value[12]                      ; CLK          ; CLK         ; 0.000        ; 0.036      ; 0.313      ;
; 0.194 ; func:func_inst|y[21]                   ; last_result[21]                        ; CLK          ; CLK         ; 0.000        ; 0.036      ; 0.314      ;
; 0.195 ; func:func_inst|y[5]                    ; last_result[5]                         ; CLK          ; CLK         ; 0.000        ; 0.036      ; 0.315      ;
; 0.196 ; last_result[10]                        ; display_value[10]                      ; CLK          ; CLK         ; 0.000        ; 0.036      ; 0.316      ;
; 0.196 ; last_result[9]                         ; display_value[9]                       ; CLK          ; CLK         ; 0.000        ; 0.036      ; 0.316      ;
; 0.196 ; func:func_inst|y[15]                   ; last_result[15]                        ; CLK          ; CLK         ; 0.000        ; 0.036      ; 0.316      ;
; 0.196 ; func:func_inst|y[8]                    ; last_result[8]                         ; CLK          ; CLK         ; 0.000        ; 0.036      ; 0.316      ;
; 0.196 ; func:func_inst|y[6]                    ; last_result[6]                         ; CLK          ; CLK         ; 0.000        ; 0.036      ; 0.316      ;
; 0.198 ; debounce_cnt4[19]                      ; debounce_cnt4[19]                      ; CLK          ; CLK         ; 0.000        ; 0.036      ; 0.318      ;
; 0.198 ; debounce_cnt2[19]                      ; debounce_cnt2[19]                      ; CLK          ; CLK         ; 0.000        ; 0.036      ; 0.318      ;
; 0.198 ; debounce_cnt3[19]                      ; debounce_cnt3[19]                      ; CLK          ; CLK         ; 0.000        ; 0.036      ; 0.318      ;
; 0.205 ; func:func_inst|a_r[6]                  ; func:func_inst|m_A[6]                  ; CLK          ; CLK         ; 0.000        ; 0.036      ; 0.325      ;
; 0.207 ; func:func_inst|a_r[2]                  ; func:func_inst|m_A[2]                  ; CLK          ; CLK         ; 0.000        ; 0.036      ; 0.327      ;
; 0.217 ; key3_stable                            ; key3_prev                              ; CLK          ; CLK         ; 0.000        ; 0.036      ; 0.337      ;
; 0.226 ; func:func_inst|st.S_IDLE               ; func:func_inst|busy                    ; CLK          ; CLK         ; 0.000        ; 0.036      ; 0.346      ;
; 0.230 ; func:func_inst|st.S_IDLE               ; func:func_inst|m_B[1]                  ; CLK          ; CLK         ; 0.000        ; 0.036      ; 0.350      ;
; 0.233 ; func:func_inst|st.S_IDLE               ; func:func_inst|st.S_AB                 ; CLK          ; CLK         ; 0.000        ; 0.036      ; 0.353      ;
; 0.252 ; last_result[18]                        ; display_value[18]                      ; CLK          ; CLK         ; 0.000        ; 0.037      ; 0.373      ;
; 0.252 ; last_result[17]                        ; display_value[17]                      ; CLK          ; CLK         ; 0.000        ; 0.037      ; 0.373      ;
; 0.252 ; last_result[11]                        ; display_value[11]                      ; CLK          ; CLK         ; 0.000        ; 0.037      ; 0.373      ;
; 0.253 ; func:func_inst|m_B[6]                  ; func:func_inst|mult16x8:mul|b_reg[6]   ; CLK          ; CLK         ; 0.000        ; 0.036      ; 0.373      ;
; 0.255 ; func:func_inst|y[14]                   ; last_result[14]                        ; CLK          ; CLK         ; 0.000        ; 0.036      ; 0.375      ;
; 0.255 ; func:func_inst|y[16]                   ; last_result[16]                        ; CLK          ; CLK         ; 0.000        ; 0.036      ; 0.375      ;
; 0.255 ; func:func_inst|y[7]                    ; last_result[7]                         ; CLK          ; CLK         ; 0.000        ; 0.036      ; 0.375      ;
; 0.255 ; func:func_inst|m_B[5]                  ; func:func_inst|mult16x8:mul|b_reg[5]   ; CLK          ; CLK         ; 0.000        ; 0.036      ; 0.375      ;
; 0.256 ; last_result[19]                        ; display_value[19]                      ; CLK          ; CLK         ; 0.000        ; 0.037      ; 0.377      ;
; 0.257 ; func:func_inst|m_B[0]                  ; func:func_inst|mult16x8:mul|b_reg[0]   ; CLK          ; CLK         ; 0.000        ; 0.037      ; 0.378      ;
; 0.266 ; func:func_inst|mult16x8:mul|a_ext[22]  ; func:func_inst|mult16x8:mul|a_ext[23]  ; CLK          ; CLK         ; 0.000        ; 0.036      ; 0.386      ;
; 0.266 ; func:func_inst|mult16x8:mul|a_ext[19]  ; func:func_inst|mult16x8:mul|a_ext[20]  ; CLK          ; CLK         ; 0.000        ; 0.036      ; 0.386      ;
; 0.266 ; func:func_inst|mult16x8:mul|a_ext[12]  ; func:func_inst|mult16x8:mul|a_ext[13]  ; CLK          ; CLK         ; 0.000        ; 0.036      ; 0.386      ;
; 0.266 ; func:func_inst|mult16x8:mul|state      ; func:func_inst|mult16x8:mul|done       ; CLK          ; CLK         ; 0.000        ; 0.036      ; 0.386      ;
; 0.272 ; func:func_inst|mult16x8:mul|a_ext[0]   ; func:func_inst|mult16x8:mul|a_ext[1]   ; CLK          ; CLK         ; 0.000        ; 0.036      ; 0.392      ;
; 0.275 ; func:func_inst|st.S_DONE               ; func:func_inst|st.S_IDLE               ; CLK          ; CLK         ; 0.000        ; 0.036      ; 0.395      ;
; 0.286 ; key4_stable                            ; key4_prev                              ; CLK          ; CLK         ; 0.000        ; 0.036      ; 0.406      ;
; 0.294 ; func:func_inst|mult16x8:mul|b_reg[3]   ; func:func_inst|mult16x8:mul|b_reg[2]   ; CLK          ; CLK         ; 0.000        ; 0.036      ; 0.414      ;
; 0.294 ; func:func_inst|mult16x8:mul|b_reg[6]   ; func:func_inst|mult16x8:mul|b_reg[5]   ; CLK          ; CLK         ; 0.000        ; 0.036      ; 0.414      ;
; 0.295 ; func:func_inst|mult16x8:mul|b_reg[5]   ; func:func_inst|mult16x8:mul|b_reg[4]   ; CLK          ; CLK         ; 0.000        ; 0.036      ; 0.415      ;
; 0.296 ; debounce_cnt4[9]                       ; debounce_cnt4[9]                       ; CLK          ; CLK         ; 0.000        ; 0.036      ; 0.416      ;
; 0.296 ; debounce_cnt3[9]                       ; debounce_cnt3[9]                       ; CLK          ; CLK         ; 0.000        ; 0.036      ; 0.416      ;
; 0.296 ; func:func_inst|mult16x8:mul|b_reg[7]   ; func:func_inst|mult16x8:mul|b_reg[6]   ; CLK          ; CLK         ; 0.000        ; 0.036      ; 0.416      ;
; 0.297 ; seg_display_ctrl:seg_ctrl|scan_cnt[1]  ; seg_display_ctrl:seg_ctrl|scan_cnt[1]  ; CLK          ; CLK         ; 0.000        ; 0.044      ; 0.425      ;
; 0.297 ; debounce_cnt4[7]                       ; debounce_cnt4[7]                       ; CLK          ; CLK         ; 0.000        ; 0.036      ; 0.417      ;
; 0.297 ; debounce_cnt2[13]                      ; debounce_cnt2[13]                      ; CLK          ; CLK         ; 0.000        ; 0.036      ; 0.417      ;
; 0.297 ; debounce_cnt2[7]                       ; debounce_cnt2[7]                       ; CLK          ; CLK         ; 0.000        ; 0.036      ; 0.417      ;
; 0.297 ; debounce_cnt2[9]                       ; debounce_cnt2[9]                       ; CLK          ; CLK         ; 0.000        ; 0.036      ; 0.417      ;
; 0.297 ; debounce_cnt3[7]                       ; debounce_cnt3[7]                       ; CLK          ; CLK         ; 0.000        ; 0.036      ; 0.417      ;
; 0.298 ; func:func_inst|mult16x8:mul|b_reg[4]   ; func:func_inst|mult16x8:mul|b_reg[3]   ; CLK          ; CLK         ; 0.000        ; 0.036      ; 0.418      ;
; 0.298 ; debounce_cnt4[15]                      ; debounce_cnt4[15]                      ; CLK          ; CLK         ; 0.000        ; 0.036      ; 0.418      ;
; 0.298 ; debounce_cnt4[5]                       ; debounce_cnt4[5]                       ; CLK          ; CLK         ; 0.000        ; 0.036      ; 0.418      ;
; 0.298 ; debounce_cnt4[13]                      ; debounce_cnt4[13]                      ; CLK          ; CLK         ; 0.000        ; 0.036      ; 0.418      ;
; 0.298 ; debounce_cnt2[3]                       ; debounce_cnt2[3]                       ; CLK          ; CLK         ; 0.000        ; 0.036      ; 0.418      ;
; 0.298 ; debounce_cnt2[5]                       ; debounce_cnt2[5]                       ; CLK          ; CLK         ; 0.000        ; 0.036      ; 0.418      ;
; 0.298 ; debounce_cnt2[10]                      ; debounce_cnt2[10]                      ; CLK          ; CLK         ; 0.000        ; 0.036      ; 0.418      ;
; 0.298 ; debounce_cnt2[11]                      ; debounce_cnt2[11]                      ; CLK          ; CLK         ; 0.000        ; 0.036      ; 0.418      ;
; 0.298 ; func:func_inst|mult16x8:mul|cnt[5]     ; func:func_inst|mult16x8:mul|cnt[5]     ; CLK          ; CLK         ; 0.000        ; 0.036      ; 0.418      ;
; 0.298 ; func:func_inst|mult16x8:mul|cnt[1]     ; func:func_inst|mult16x8:mul|cnt[1]     ; CLK          ; CLK         ; 0.000        ; 0.036      ; 0.418      ;
; 0.298 ; func:func_inst|mult16x8:mul|cnt[3]     ; func:func_inst|mult16x8:mul|cnt[3]     ; CLK          ; CLK         ; 0.000        ; 0.036      ; 0.418      ;
; 0.298 ; debounce_cnt3[15]                      ; debounce_cnt3[15]                      ; CLK          ; CLK         ; 0.000        ; 0.036      ; 0.418      ;
; 0.298 ; debounce_cnt3[5]                       ; debounce_cnt3[5]                       ; CLK          ; CLK         ; 0.000        ; 0.036      ; 0.418      ;
; 0.298 ; debounce_cnt3[8]                       ; debounce_cnt3[8]                       ; CLK          ; CLK         ; 0.000        ; 0.036      ; 0.418      ;
; 0.298 ; debounce_cnt3[13]                      ; debounce_cnt3[13]                      ; CLK          ; CLK         ; 0.000        ; 0.036      ; 0.418      ;
; 0.299 ; debounce_cnt4[1]                       ; debounce_cnt4[1]                       ; CLK          ; CLK         ; 0.000        ; 0.036      ; 0.419      ;
; 0.299 ; debounce_cnt4[3]                       ; debounce_cnt4[3]                       ; CLK          ; CLK         ; 0.000        ; 0.036      ; 0.419      ;
; 0.299 ; debounce_cnt4[8]                       ; debounce_cnt4[8]                       ; CLK          ; CLK         ; 0.000        ; 0.036      ; 0.419      ;
; 0.299 ; debounce_cnt2[1]                       ; debounce_cnt2[1]                       ; CLK          ; CLK         ; 0.000        ; 0.036      ; 0.419      ;
; 0.299 ; debounce_cnt2[8]                       ; debounce_cnt2[8]                       ; CLK          ; CLK         ; 0.000        ; 0.036      ; 0.419      ;
; 0.299 ; debounce_cnt2[15]                      ; debounce_cnt2[15]                      ; CLK          ; CLK         ; 0.000        ; 0.036      ; 0.419      ;
; 0.299 ; func:func_inst|mult16x8:mul|cnt[7]     ; func:func_inst|mult16x8:mul|cnt[7]     ; CLK          ; CLK         ; 0.000        ; 0.036      ; 0.419      ;
; 0.299 ; debounce_cnt3[1]                       ; debounce_cnt3[1]                       ; CLK          ; CLK         ; 0.000        ; 0.036      ; 0.419      ;
; 0.299 ; debounce_cnt3[2]                       ; debounce_cnt3[2]                       ; CLK          ; CLK         ; 0.000        ; 0.036      ; 0.419      ;
; 0.299 ; debounce_cnt3[3]                       ; debounce_cnt3[3]                       ; CLK          ; CLK         ; 0.000        ; 0.036      ; 0.419      ;
; 0.300 ; last_result[20]                        ; display_value[20]                      ; CLK          ; CLK         ; 0.000        ; 0.037      ; 0.421      ;
; 0.300 ; debounce_cnt4[0]                       ; debounce_cnt4[0]                       ; CLK          ; CLK         ; 0.000        ; 0.044      ; 0.428      ;
; 0.300 ; debounce_cnt4[2]                       ; debounce_cnt4[2]                       ; CLK          ; CLK         ; 0.000        ; 0.036      ; 0.420      ;
; 0.300 ; debounce_cnt4[4]                       ; debounce_cnt4[4]                       ; CLK          ; CLK         ; 0.000        ; 0.036      ; 0.420      ;
; 0.300 ; debounce_cnt4[6]                       ; debounce_cnt4[6]                       ; CLK          ; CLK         ; 0.000        ; 0.036      ; 0.420      ;
; 0.300 ; debounce_cnt4[12]                      ; debounce_cnt4[12]                      ; CLK          ; CLK         ; 0.000        ; 0.036      ; 0.420      ;
; 0.300 ; debounce_cnt4[14]                      ; debounce_cnt4[14]                      ; CLK          ; CLK         ; 0.000        ; 0.036      ; 0.420      ;
; 0.300 ; debounce_cnt4[16]                      ; debounce_cnt4[16]                      ; CLK          ; CLK         ; 0.000        ; 0.036      ; 0.420      ;
; 0.300 ; debounce_cnt4[17]                      ; debounce_cnt4[17]                      ; CLK          ; CLK         ; 0.000        ; 0.036      ; 0.420      ;
; 0.300 ; debounce_cnt2[2]                       ; debounce_cnt2[2]                       ; CLK          ; CLK         ; 0.000        ; 0.036      ; 0.420      ;
; 0.300 ; debounce_cnt2[4]                       ; debounce_cnt2[4]                       ; CLK          ; CLK         ; 0.000        ; 0.036      ; 0.420      ;
; 0.300 ; debounce_cnt2[6]                       ; debounce_cnt2[6]                       ; CLK          ; CLK         ; 0.000        ; 0.036      ; 0.420      ;
; 0.300 ; debounce_cnt2[12]                      ; debounce_cnt2[12]                      ; CLK          ; CLK         ; 0.000        ; 0.036      ; 0.420      ;
; 0.300 ; debounce_cnt2[14]                      ; debounce_cnt2[14]                      ; CLK          ; CLK         ; 0.000        ; 0.036      ; 0.420      ;
; 0.300 ; debounce_cnt2[16]                      ; debounce_cnt2[16]                      ; CLK          ; CLK         ; 0.000        ; 0.036      ; 0.420      ;
; 0.300 ; debounce_cnt2[17]                      ; debounce_cnt2[17]                      ; CLK          ; CLK         ; 0.000        ; 0.036      ; 0.420      ;
; 0.300 ; func:func_inst|mult16x8:mul|cnt[2]     ; func:func_inst|mult16x8:mul|cnt[2]     ; CLK          ; CLK         ; 0.000        ; 0.036      ; 0.420      ;
; 0.300 ; func:func_inst|mult16x8:mul|cnt[6]     ; func:func_inst|mult16x8:mul|cnt[6]     ; CLK          ; CLK         ; 0.000        ; 0.036      ; 0.420      ;
+-------+----------------------------------------+----------------------------------------+--------------+-------------+--------------+------------+------------+


----------------------------------------------
; Fast 1200mV 0C Model Metastability Summary ;
----------------------------------------------
The design MTBF is not calculated because there are no specified synchronizers in the design.
Number of Synchronizer Chains Found: 24
Shortest Synchronizer Chain: 2 Registers
Fraction of Chains for which MTBFs Could Not be Calculated: 1.000
Worst Case Available Settling Time: 0.501 ns




+--------------------------------------------------------------------------------+
; Multicorner Timing Analysis Summary                                            ;
+------------------+----------+-------+----------+---------+---------------------+
; Clock            ; Setup    ; Hold  ; Recovery ; Removal ; Minimum Pulse Width ;
+------------------+----------+-------+----------+---------+---------------------+
; Worst-case Slack ; -3.889   ; 0.180 ; N/A      ; N/A     ; -3.000              ;
;  CLK             ; -3.889   ; 0.180 ; N/A      ; N/A     ; -3.000              ;
; Design-wide TNS  ; -836.149 ; 0.0   ; 0.0      ; 0.0     ; -508.58             ;
;  CLK             ; -836.149 ; 0.000 ; N/A      ; N/A     ; -508.580            ;
+------------------+----------+-------+----------+---------+---------------------+


+------------------------------------------------------------------------------------------------------------------------------------------------------------------------------------------------------------------------------------------------------------------------------------------------------------------------------------------------------------------------------------------------------------------------------+
; Board Trace Model Assignments                                                                                                                                                                                                                                                                                                                                                                                                ;
+---------------------------+--------------+-------------------+-------------------------+-------------------------+---------------+---------------------+----------------+------------------+--------+------------------+------------------------+------------------------+--------------+---------------+-----------------+-------+---------------------+--------------------+---------------+-----------------+-------------+
; Pin                       ; I/O Standard ; Near Tline Length ; Near Tline L per Length ; Near Tline C per Length ; Near Series R ; Near Differential R ; Near Pull-up R ; Near Pull-down R ; Near C ; Far Tline Length ; Far Tline L per Length ; Far Tline C per Length ; Far Series R ; Far Pull-up R ; Far Pull-down R ; Far C ; Termination Voltage ; Far Differential R ; EBD File Name ; EBD Signal Name ; EBD Far-end ;
+---------------------------+--------------+-------------------+-------------------------+-------------------------+---------------+---------------------+----------------+------------------+--------+------------------+------------------------+------------------------+--------------+---------------+-----------------+-------+---------------------+--------------------+---------------+-----------------+-------------+
; LED[0]                    ; 3.3-V LVTTL  ; 0 in              ; 0 H/in                  ; 0 F/in                  ; short         ; -                   ; open           ; open             ; open   ; 0 in             ; 0 H/in                 ; 0 F/in                 ; short        ; open          ; open            ; open  ; 0 V                 ; -                  ; n/a           ; n/a             ; n/a         ;
; LED[1]                    ; 3.3-V LVTTL  ; 0 in              ; 0 H/in                  ; 0 F/in                  ; short         ; -                   ; open           ; open             ; open   ; 0 in             ; 0 H/in                 ; 0 F/in                 ; short        ; open          ; open            ; open  ; 0 V                 ; -                  ; n/a           ; n/a             ; n/a         ;
; LED[2]                    ; 3.3-V LVTTL  ; 0 in              ; 0 H/in                  ; 0 F/in                  ; short         ; -                   ; open           ; open             ; open   ; 0 in             ; 0 H/in                 ; 0 F/in                 ; short        ; open          ; open            ; open  ; 0 V                 ; -                  ; n/a           ; n/a             ; n/a         ;
; LED[3]                    ; 3.3-V LVTTL  ; 0 in              ; 0 H/in                  ; 0 F/in                  ; short         ; -                   ; open           ; open             ; open   ; 0 in             ; 0 H/in                 ; 0 F/in                 ; short        ; open          ; open            ; open  ; 0 V                 ; -                  ; n/a           ; n/a             ; n/a         ;
; SEG_DATA[0]               ; 3.3-V LVTTL  ; 0 in              ; 0 H/in                  ; 0 F/in                  ; short         ; -                   ; open           ; open             ; open   ; 0 in             ; 0 H/in                 ; 0 F/in                 ; short        ; open          ; open            ; open  ; 0 V                 ; -                  ; n/a           ; n/a             ; n/a         ;
; SEG_DATA[1]               ; 3.3-V LVTTL  ; 0 in              ; 0 H/in                  ; 0 F/in                  ; short         ; -                   ; open           ; open             ; open   ; 0 in             ; 0 H/in                 ; 0 F/in                 ; short        ; open          ; open            ; open  ; 0 V                 ; -                  ; n/a           ; n/a             ; n/a         ;
; SEG_DATA[2]               ; 3.3-V LVTTL  ; 0 in              ; 0 H/in                  ; 0 F/in                  ; short         ; -                   ; open           ; open             ; open   ; 0 in             ; 0 H/in                 ; 0 F/in                 ; short        ; open          ; open            ; open  ; 0 V                 ; -                  ; n/a           ; n/a             ; n/a         ;
; SEG_DATA[3]               ; 3.3-V LVTTL  ; 0 in              ; 0 H/in                  ; 0 F/in                  ; short         ; -                   ; open           ; open             ; open   ; 0 in             ; 0 H/in                 ; 0 F/in                 ; short        ; open          ; open            ; open  ; 0 V                 ; -                  ; n/a           ; n/a             ; n/a         ;
; SEG_DATA[4]               ; 3.3-V LVTTL  ; 0 in              ; 0 H/in                  ; 0 F/in                  ; short         ; -                   ; open           ; open             ; open   ; 0 in             ; 0 H/in                 ; 0 F/in                 ; short        ; open          ; open            ; open  ; 0 V                 ; -                  ; n/a           ; n/a             ; n/a         ;
; SEG_DATA[5]               ; 3.3-V LVTTL  ; 0 in              ; 0 H/in                  ; 0 F/in                  ; short         ; -                   ; open           ; open             ; open   ; 0 in             ; 0 H/in                 ; 0 F/in                 ; short        ; open          ; open            ; open  ; 0 V                 ; -                  ; n/a           ; n/a             ; n/a         ;
; SEG_DATA[6]               ; 3.3-V LVTTL  ; 0 in              ; 0 H/in                  ; 0 F/in                  ; short         ; -                   ; open           ; open             ; open   ; 0 in             ; 0 H/in                 ; 0 F/in                 ; short        ; open          ; open            ; open  ; 0 V                 ; -                  ; n/a           ; n/a             ; n/a         ;
; SEG_DATA[7]               ; 3.3-V LVTTL  ; 0 in              ; 0 H/in                  ; 0 F/in                  ; short         ; -                   ; open           ; open             ; open   ; 0 in             ; 0 H/in                 ; 0 F/in                 ; short        ; open          ; open            ; open  ; 0 V                 ; -                  ; n/a           ; n/a             ; n/a         ;
; SEG_SEL[0]                ; 3.3-V LVTTL  ; 0 in              ; 0 H/in                  ; 0 F/in                  ; short         ; -                   ; open           ; open             ; open   ; 0 in             ; 0 H/in                 ; 0 F/in                 ; short        ; open          ; open            ; open  ; 0 V                 ; -                  ; n/a           ; n/a             ; n/a         ;
; SEG_SEL[1]                ; 3.3-V LVTTL  ; 0 in              ; 0 H/in                  ; 0 F/in                  ; short         ; -                   ; open           ; open             ; open   ; 0 in             ; 0 H/in                 ; 0 F/in                 ; short        ; open          ; open            ; open  ; 0 V                 ; -                  ; n/a           ; n/a             ; n/a         ;
; SEG_SEL[2]                ; 3.3-V LVTTL  ; 0 in              ; 0 H/in                  ; 0 F/in                  ; short         ; -                   ; open           ; open             ; open   ; 0 in             ; 0 H/in                 ; 0 F/in                 ; short        ; open          ; open            ; open  ; 0 V                 ; -                  ; n/a           ; n/a             ; n/a         ;
; SEG_SEL[3]                ; 3.3-V LVTTL  ; 0 in              ; 0 H/in                  ; 0 F/in                  ; short         ; -                   ; open           ; open             ; open   ; 0 in             ; 0 H/in                 ; 0 F/in                 ; short        ; open          ; open            ; open  ; 0 V                 ; -                  ; n/a           ; n/a             ; n/a         ;
; SEG_SEL[4]                ; 3.3-V LVTTL  ; 0 in              ; 0 H/in                  ; 0 F/in                  ; short         ; -                   ; open           ; open             ; open   ; 0 in             ; 0 H/in                 ; 0 F/in                 ; short        ; open          ; open            ; open  ; 0 V                 ; -                  ; n/a           ; n/a             ; n/a         ;
; SEG_SEL[5]                ; 3.3-V LVTTL  ; 0 in              ; 0 H/in                  ; 0 F/in                  ; short         ; -                   ; open           ; open             ; open   ; 0 in             ; 0 H/in                 ; 0 F/in                 ; short        ; open          ; open            ; open  ; 0 V                 ; -                  ; n/a           ; n/a             ; n/a         ;
; SEG_SEL[6]                ; 3.3-V LVTTL  ; 0 in              ; 0 H/in                  ; 0 F/in                  ; short         ; -                   ; open           ; open             ; open   ; 0 in             ; 0 H/in                 ; 0 F/in                 ; short        ; open          ; open            ; open  ; 0 V                 ; -                  ; n/a           ; n/a             ; n/a         ;
; SEG_SEL[7]                ; 3.3-V LVTTL  ; 0 in              ; 0 H/in                  ; 0 F/in                  ; short         ; -                   ; open           ; open             ; open   ; 0 in             ; 0 H/in                 ; 0 F/in                 ; short        ; open          ; open            ; open  ; 0 V                 ; -                  ; n/a           ; n/a             ; n/a         ;
; GPIO_0_out_zero_value[0]  ; 3.3-V LVTTL  ; 0 in              ; 0 H/in                  ; 0 F/in                  ; short         ; -                   ; open           ; open             ; open   ; 0 in             ; 0 H/in                 ; 0 F/in                 ; short        ; open          ; open            ; open  ; 0 V                 ; -                  ; n/a           ; n/a             ; n/a         ;
; GPIO_0_out_zero_value[1]  ; 3.3-V LVTTL  ; 0 in              ; 0 H/in                  ; 0 F/in                  ; short         ; -                   ; open           ; open             ; open   ; 0 in             ; 0 H/in                 ; 0 F/in                 ; short        ; open          ; open            ; open  ; 0 V                 ; -                  ; n/a           ; n/a             ; n/a         ;
; GPIO_0_out_zero_value[2]  ; 3.3-V LVTTL  ; 0 in              ; 0 H/in                  ; 0 F/in                  ; short         ; -                   ; open           ; open             ; open   ; 0 in             ; 0 H/in                 ; 0 F/in                 ; short        ; open          ; open            ; open  ; 0 V                 ; -                  ; n/a           ; n/a             ; n/a         ;
; GPIO_0_out_zero_value[3]  ; 3.3-V LVTTL  ; 0 in              ; 0 H/in                  ; 0 F/in                  ; short         ; -                   ; open           ; open             ; open   ; 0 in             ; 0 H/in                 ; 0 F/in                 ; short        ; open          ; open            ; open  ; 0 V                 ; -                  ; n/a           ; n/a             ; n/a         ;
; GPIO_0_out_zero_value[4]  ; 3.3-V LVTTL  ; 0 in              ; 0 H/in                  ; 0 F/in                  ; short         ; -                   ; open           ; open             ; open   ; 0 in             ; 0 H/in                 ; 0 F/in                 ; short        ; open          ; open            ; open  ; 0 V                 ; -                  ; n/a           ; n/a             ; n/a         ;
; GPIO_0_out_zero_value[5]  ; 3.3-V LVTTL  ; 0 in              ; 0 H/in                  ; 0 F/in                  ; short         ; -                   ; open           ; open             ; open   ; 0 in             ; 0 H/in                 ; 0 F/in                 ; short        ; open          ; open            ; open  ; 0 V                 ; -                  ; n/a           ; n/a             ; n/a         ;
; GPIO_0_out_zero_value[6]  ; 3.3-V LVTTL  ; 0 in              ; 0 H/in                  ; 0 F/in                  ; short         ; -                   ; open           ; open             ; open   ; 0 in             ; 0 H/in                 ; 0 F/in                 ; short        ; open          ; open            ; open  ; 0 V                 ; -                  ; n/a           ; n/a             ; n/a         ;
; GPIO_0_out_zero_value[7]  ; 3.3-V LVTTL  ; 0 in              ; 0 H/in                  ; 0 F/in                  ; short         ; -                   ; open           ; open             ; open   ; 0 in             ; 0 H/in                 ; 0 F/in                 ; short        ; open          ; open            ; open  ; 0 V                 ; -                  ; n/a           ; n/a             ; n/a         ;
; GPIO_0_out_zero_value[8]  ; 3.3-V LVTTL  ; 0 in              ; 0 H/in                  ; 0 F/in                  ; short         ; -                   ; open           ; open             ; open   ; 0 in             ; 0 H/in                 ; 0 F/in                 ; short        ; open          ; open            ; open  ; 0 V                 ; -                  ; n/a           ; n/a             ; n/a         ;
; GPIO_0_out_zero_value[9]  ; 3.3-V LVTTL  ; 0 in              ; 0 H/in                  ; 0 F/in                  ; short         ; -                   ; open           ; open             ; open   ; 0 in             ; 0 H/in                 ; 0 F/in                 ; short        ; open          ; open            ; open  ; 0 V                 ; -                  ; n/a           ; n/a             ; n/a         ;
; GPIO_0_out_zero_value[10] ; 3.3-V LVTTL  ; 0 in              ; 0 H/in                  ; 0 F/in                  ; short         ; -                   ; open           ; open             ; open   ; 0 in             ; 0 H/in                 ; 0 F/in                 ; short        ; open          ; open            ; open  ; 0 V                 ; -                  ; n/a           ; n/a             ; n/a         ;
; GPIO_0_out_zero_value[11] ; 3.3-V LVTTL  ; 0 in              ; 0 H/in                  ; 0 F/in                  ; short         ; -                   ; open           ; open             ; open   ; 0 in             ; 0 H/in                 ; 0 F/in                 ; short        ; open          ; open            ; open  ; 0 V                 ; -                  ; n/a           ; n/a             ; n/a         ;
; GPIO_0_out_zero_value[12] ; 3.3-V LVTTL  ; 0 in              ; 0 H/in                  ; 0 F/in                  ; short         ; -                   ; open           ; open             ; open   ; 0 in             ; 0 H/in                 ; 0 F/in                 ; short        ; open          ; open            ; open  ; 0 V                 ; -                  ; n/a           ; n/a             ; n/a         ;
; GPIO_0_out_zero_value[13] ; 3.3-V LVTTL  ; 0 in              ; 0 H/in                  ; 0 F/in                  ; short         ; -                   ; open           ; open             ; open   ; 0 in             ; 0 H/in                 ; 0 F/in                 ; short        ; open          ; open            ; open  ; 0 V                 ; -                  ; n/a           ; n/a             ; n/a         ;
; GPIO_0_out_zero_value[14] ; 3.3-V LVTTL  ; 0 in              ; 0 H/in                  ; 0 F/in                  ; short         ; -                   ; open           ; open             ; open   ; 0 in             ; 0 H/in                 ; 0 F/in                 ; short        ; open          ; open            ; open  ; 0 V                 ; -                  ; n/a           ; n/a             ; n/a         ;
; GPIO_0_out_zero_value[15] ; 3.3-V LVTTL  ; 0 in              ; 0 H/in                  ; 0 F/in                  ; short         ; -                   ; open           ; open             ; open   ; 0 in             ; 0 H/in                 ; 0 F/in                 ; short        ; open          ; open            ; open  ; 0 V                 ; -                  ; n/a           ; n/a             ; n/a         ;
; GPIO_0_out_zero_value[16] ; 3.3-V LVTTL  ; 0 in              ; 0 H/in                  ; 0 F/in                  ; short         ; -                   ; open           ; open             ; open   ; 0 in             ; 0 H/in                 ; 0 F/in                 ; short        ; open          ; open            ; open  ; 0 V                 ; -                  ; n/a           ; n/a             ; n/a         ;
; GPIO_1_out_zero_value[0]  ; 3.3-V LVTTL  ; 0 in              ; 0 H/in                  ; 0 F/in                  ; short         ; -                   ; open           ; open             ; open   ; 0 in             ; 0 H/in                 ; 0 F/in                 ; short        ; open          ; open            ; open  ; 0 V                 ; -                  ; n/a           ; n/a             ; n/a         ;
; GPIO_1_out_zero_value[1]  ; 3.3-V LVTTL  ; 0 in              ; 0 H/in                  ; 0 F/in                  ; short         ; -                   ; open           ; open             ; open   ; 0 in             ; 0 H/in                 ; 0 F/in                 ; short        ; open          ; open            ; open  ; 0 V                 ; -                  ; n/a           ; n/a             ; n/a         ;
; GPIO_1_out_zero_value[2]  ; 3.3-V LVTTL  ; 0 in              ; 0 H/in                  ; 0 F/in                  ; short         ; -                   ; open           ; open             ; open   ; 0 in             ; 0 H/in                 ; 0 F/in                 ; short        ; open          ; open            ; open  ; 0 V                 ; -                  ; n/a           ; n/a             ; n/a         ;
; GPIO_1_out_zero_value[3]  ; 3.3-V LVTTL  ; 0 in              ; 0 H/in                  ; 0 F/in                  ; short         ; -                   ; open           ; open             ; open   ; 0 in             ; 0 H/in                 ; 0 F/in                 ; short        ; open          ; open            ; open  ; 0 V                 ; -                  ; n/a           ; n/a             ; n/a         ;
; GPIO_1_out_zero_value[4]  ; 3.3-V LVTTL  ; 0 in              ; 0 H/in                  ; 0 F/in                  ; short         ; -                   ; open           ; open             ; open   ; 0 in             ; 0 H/in                 ; 0 F/in                 ; short        ; open          ; open            ; open  ; 0 V                 ; -                  ; n/a           ; n/a             ; n/a         ;
; GPIO_1_out_zero_value[5]  ; 3.3-V LVTTL  ; 0 in              ; 0 H/in                  ; 0 F/in                  ; short         ; -                   ; open           ; open             ; open   ; 0 in             ; 0 H/in                 ; 0 F/in                 ; short        ; open          ; open            ; open  ; 0 V                 ; -                  ; n/a           ; n/a             ; n/a         ;
; GPIO_1_out_zero_value[6]  ; 3.3-V LVTTL  ; 0 in              ; 0 H/in                  ; 0 F/in                  ; short         ; -                   ; open           ; open             ; open   ; 0 in             ; 0 H/in                 ; 0 F/in                 ; short        ; open          ; open            ; open  ; 0 V                 ; -                  ; n/a           ; n/a             ; n/a         ;
; GPIO_1_out_zero_value[7]  ; 3.3-V LVTTL  ; 0 in              ; 0 H/in                  ; 0 F/in                  ; short         ; -                   ; open           ; open             ; open   ; 0 in             ; 0 H/in                 ; 0 F/in                 ; short        ; open          ; open            ; open  ; 0 V                 ; -                  ; n/a           ; n/a             ; n/a         ;
; GPIO_1_out_zero_value[8]  ; 3.3-V LVTTL  ; 0 in              ; 0 H/in                  ; 0 F/in                  ; short         ; -                   ; open           ; open             ; open   ; 0 in             ; 0 H/in                 ; 0 F/in                 ; short        ; open          ; open            ; open  ; 0 V                 ; -                  ; n/a           ; n/a             ; n/a         ;
; GPIO_1_out_zero_value[9]  ; 3.3-V LVTTL  ; 0 in              ; 0 H/in                  ; 0 F/in                  ; short         ; -                   ; open           ; open             ; open   ; 0 in             ; 0 H/in                 ; 0 F/in                 ; short        ; open          ; open            ; open  ; 0 V                 ; -                  ; n/a           ; n/a             ; n/a         ;
; GPIO_1_out_zero_value[10] ; 3.3-V LVTTL  ; 0 in              ; 0 H/in                  ; 0 F/in                  ; short         ; -                   ; open           ; open             ; open   ; 0 in             ; 0 H/in                 ; 0 F/in                 ; short        ; open          ; open            ; open  ; 0 V                 ; -                  ; n/a           ; n/a             ; n/a         ;
; GPIO_1_out_zero_value[11] ; 3.3-V LVTTL  ; 0 in              ; 0 H/in                  ; 0 F/in                  ; short         ; -                   ; open           ; open             ; open   ; 0 in             ; 0 H/in                 ; 0 F/in                 ; short        ; open          ; open            ; open  ; 0 V                 ; -                  ; n/a           ; n/a             ; n/a         ;
; GPIO_1_out_zero_value[12] ; 3.3-V LVTTL  ; 0 in              ; 0 H/in                  ; 0 F/in                  ; short         ; -                   ; open           ; open             ; open   ; 0 in             ; 0 H/in                 ; 0 F/in                 ; short        ; open          ; open            ; open  ; 0 V                 ; -                  ; n/a           ; n/a             ; n/a         ;
; GPIO_1_out_zero_value[13] ; 3.3-V LVTTL  ; 0 in              ; 0 H/in                  ; 0 F/in                  ; short         ; -                   ; open           ; open             ; open   ; 0 in             ; 0 H/in                 ; 0 F/in                 ; short        ; open          ; open            ; open  ; 0 V                 ; -                  ; n/a           ; n/a             ; n/a         ;
; GPIO_1_out_zero_value[14] ; 3.3-V LVTTL  ; 0 in              ; 0 H/in                  ; 0 F/in                  ; short         ; -                   ; open           ; open             ; open   ; 0 in             ; 0 H/in                 ; 0 F/in                 ; short        ; open          ; open            ; open  ; 0 V                 ; -                  ; n/a           ; n/a             ; n/a         ;
; GPIO_1_out_zero_value[15] ; 3.3-V LVTTL  ; 0 in              ; 0 H/in                  ; 0 F/in                  ; short         ; -                   ; open           ; open             ; open   ; 0 in             ; 0 H/in                 ; 0 F/in                 ; short        ; open          ; open            ; open  ; 0 V                 ; -                  ; n/a           ; n/a             ; n/a         ;
; GPIO_1_out_zero_value[16] ; 3.3-V LVTTL  ; 0 in              ; 0 H/in                  ; 0 F/in                  ; short         ; -                   ; open           ; open             ; open   ; 0 in             ; 0 H/in                 ; 0 F/in                 ; short        ; open          ; open            ; open  ; 0 V                 ; -                  ; n/a           ; n/a             ; n/a         ;
; ~ALTERA_DCLK~             ; 3.3-V LVTTL  ; 0 in              ; 0 H/in                  ; 0 F/in                  ; short         ; -                   ; open           ; open             ; open   ; 0 in             ; 0 H/in                 ; 0 F/in                 ; short        ; open          ; open            ; open  ; 0 V                 ; -                  ; n/a           ; n/a             ; n/a         ;
+---------------------------+--------------+-------------------+-------------------------+-------------------------+---------------+---------------------+----------------+------------------+--------+------------------+------------------------+------------------------+--------------+---------------+-----------------+-------+---------------------+--------------------+---------------+-----------------+-------------+


+----------------------------------------------------------------------------+
; Input Transition Times                                                     ;
+-------------------------+--------------+-----------------+-----------------+
; Pin                     ; I/O Standard ; 10-90 Rise Time ; 90-10 Fall Time ;
+-------------------------+--------------+-----------------+-----------------+
; GPIO_0_input_pullup[16] ; 3.3-V LVTTL  ; 2640 ps         ; 2640 ps         ;
; GPIO_1_input_pullup[0]  ; 3.3-V LVTTL  ; 2640 ps         ; 2640 ps         ;
; GPIO_1_input_pullup[1]  ; 3.3-V LVTTL  ; 2640 ps         ; 2640 ps         ;
; GPIO_1_input_pullup[2]  ; 3.3-V LVTTL  ; 2640 ps         ; 2640 ps         ;
; GPIO_1_input_pullup[3]  ; 3.3-V LVTTL  ; 2640 ps         ; 2640 ps         ;
; GPIO_1_input_pullup[4]  ; 3.3-V LVTTL  ; 2640 ps         ; 2640 ps         ;
; GPIO_1_input_pullup[5]  ; 3.3-V LVTTL  ; 2640 ps         ; 2640 ps         ;
; GPIO_1_input_pullup[6]  ; 3.3-V LVTTL  ; 2640 ps         ; 2640 ps         ;
; GPIO_1_input_pullup[7]  ; 3.3-V LVTTL  ; 2640 ps         ; 2640 ps         ;
; GPIO_1_input_pullup[8]  ; 3.3-V LVTTL  ; 2640 ps         ; 2640 ps         ;
; GPIO_1_input_pullup[9]  ; 3.3-V LVTTL  ; 2640 ps         ; 2640 ps         ;
; GPIO_1_input_pullup[10] ; 3.3-V LVTTL  ; 2640 ps         ; 2640 ps         ;
; GPIO_1_input_pullup[11] ; 3.3-V LVTTL  ; 2640 ps         ; 2640 ps         ;
; GPIO_1_input_pullup[12] ; 3.3-V LVTTL  ; 2640 ps         ; 2640 ps         ;
; GPIO_1_input_pullup[13] ; 3.3-V LVTTL  ; 2640 ps         ; 2640 ps         ;
; GPIO_1_input_pullup[14] ; 3.3-V LVTTL  ; 2640 ps         ; 2640 ps         ;
; GPIO_1_input_pullup[15] ; 3.3-V LVTTL  ; 2640 ps         ; 2640 ps         ;
; GPIO_1_input_pullup[16] ; 3.3-V LVTTL  ; 2640 ps         ; 2640 ps         ;
; CLK                     ; 3.3-V LVTTL  ; 2640 ps         ; 2640 ps         ;
; RST_N                   ; 3.3-V LVTTL  ; 2640 ps         ; 2640 ps         ;
; GPIO_0_input_pullup[12] ; 3.3-V LVTTL  ; 2640 ps         ; 2640 ps         ;
; GPIO_0_input_pullup[4]  ; 3.3-V LVTTL  ; 2640 ps         ; 2640 ps         ;
; GPIO_0_input_pullup[13] ; 3.3-V LVTTL  ; 2640 ps         ; 2640 ps         ;
; GPIO_0_input_pullup[5]  ; 3.3-V LVTTL  ; 2640 ps         ; 2640 ps         ;
; GPIO_0_input_pullup[14] ; 3.3-V LVTTL  ; 2640 ps         ; 2640 ps         ;
; GPIO_0_input_pullup[6]  ; 3.3-V LVTTL  ; 2640 ps         ; 2640 ps         ;
; GPIO_0_input_pullup[15] ; 3.3-V LVTTL  ; 2640 ps         ; 2640 ps         ;
; GPIO_0_input_pullup[7]  ; 3.3-V LVTTL  ; 2640 ps         ; 2640 ps         ;
; GPIO_0_input_pullup[8]  ; 3.3-V LVTTL  ; 2640 ps         ; 2640 ps         ;
; GPIO_0_input_pullup[0]  ; 3.3-V LVTTL  ; 2640 ps         ; 2640 ps         ;
; GPIO_0_input_pullup[9]  ; 3.3-V LVTTL  ; 2640 ps         ; 2640 ps         ;
; GPIO_0_input_pullup[1]  ; 3.3-V LVTTL  ; 2640 ps         ; 2640 ps         ;
; GPIO_0_input_pullup[10] ; 3.3-V LVTTL  ; 2640 ps         ; 2640 ps         ;
; GPIO_0_input_pullup[2]  ; 3.3-V LVTTL  ; 2640 ps         ; 2640 ps         ;
; GPIO_0_input_pullup[11] ; 3.3-V LVTTL  ; 2640 ps         ; 2640 ps         ;
; GPIO_0_input_pullup[3]  ; 3.3-V LVTTL  ; 2640 ps         ; 2640 ps         ;
; KEY2_N                  ; 3.3-V LVTTL  ; 2640 ps         ; 2640 ps         ;
; KEY3_N                  ; 3.3-V LVTTL  ; 2640 ps         ; 2640 ps         ;
; KEY4_N                  ; 3.3-V LVTTL  ; 2640 ps         ; 2640 ps         ;
; ~ALTERA_ASDO_DATA1~     ; 3.3-V LVTTL  ; 2640 ps         ; 2640 ps         ;
; ~ALTERA_FLASH_nCE_nCSO~ ; 3.3-V LVTTL  ; 2640 ps         ; 2640 ps         ;
; ~ALTERA_DATA0~          ; 3.3-V LVTTL  ; 2640 ps         ; 2640 ps         ;
+-------------------------+--------------+-----------------+-----------------+


+--------------------------------------------------------------------------------------------------------------------------------------------------------------------------------------------------------------------------------------------------------------------------------------------------------------------------------------------------------------------------------------------------------------------------------------------------------------------------------------------------------------------------------------------------------------------------------------------------------------------------------------------------------------------------------------------------------+
; Signal Integrity Metrics (Slow 1200mv 0c Model)                                                                                                                                                                                                                                                                                                                                                                                                                                                                                                                                                                                                                                                        ;
+---------------------------+--------------+---------------------+---------------------+------------------------------+------------------------------+---------------------+---------------------+--------------------------------------+--------------------------------------+-----------------------------+-----------------------------+----------------------------+----------------------------+-----------------------------+-----------------------------+--------------------+--------------------+-------------------------------------+-------------------------------------+----------------------------+----------------------------+---------------------------+---------------------------+
; Pin                       ; I/O Standard ; Board Delay on Rise ; Board Delay on Fall ; Steady State Voh at FPGA Pin ; Steady State Vol at FPGA Pin ; Voh Max at FPGA Pin ; Vol Min at FPGA Pin ; Ringback Voltage on Rise at FPGA Pin ; Ringback Voltage on Fall at FPGA Pin ; 10-90 Rise Time at FPGA Pin ; 90-10 Fall Time at FPGA Pin ; Monotonic Rise at FPGA Pin ; Monotonic Fall at FPGA Pin ; Steady State Voh at Far-end ; Steady State Vol at Far-end ; Voh Max at Far-end ; Vol Min at Far-end ; Ringback Voltage on Rise at Far-end ; Ringback Voltage on Fall at Far-end ; 10-90 Rise Time at Far-end ; 90-10 Fall Time at Far-end ; Monotonic Rise at Far-end ; Monotonic Fall at Far-end ;
+---------------------------+--------------+---------------------+---------------------+------------------------------+------------------------------+---------------------+---------------------+--------------------------------------+--------------------------------------+-----------------------------+-----------------------------+----------------------------+----------------------------+-----------------------------+-----------------------------+--------------------+--------------------+-------------------------------------+-------------------------------------+----------------------------+----------------------------+---------------------------+---------------------------+
; LED[0]                    ; 3.3-V LVTTL  ; 0 s                 ; 0 s                 ; 3.08 V                       ; 8.89e-09 V                   ; 3.12 V              ; -0.11 V             ; 0.153 V                              ; 0.272 V                              ; 6.41e-10 s                  ; 4.57e-10 s                  ; No                         ; Yes                        ; 3.08 V                      ; 8.89e-09 V                  ; 3.12 V             ; -0.11 V            ; 0.153 V                             ; 0.272 V                             ; 6.41e-10 s                 ; 4.57e-10 s                 ; No                        ; Yes                       ;
; LED[1]                    ; 3.3-V LVTTL  ; 0 s                 ; 0 s                 ; 3.08 V                       ; 8.89e-09 V                   ; 3.12 V              ; -0.11 V             ; 0.153 V                              ; 0.272 V                              ; 6.41e-10 s                  ; 4.57e-10 s                  ; No                         ; Yes                        ; 3.08 V                      ; 8.89e-09 V                  ; 3.12 V             ; -0.11 V            ; 0.153 V                             ; 0.272 V                             ; 6.41e-10 s                 ; 4.57e-10 s                 ; No                        ; Yes                       ;
; LED[2]                    ; 3.3-V LVTTL  ; 0 s                 ; 0 s                 ; 3.08 V                       ; 8.89e-09 V                   ; 3.12 V              ; -0.11 V             ; 0.153 V                              ; 0.272 V                              ; 6.41e-10 s                  ; 4.57e-10 s                  ; No                         ; Yes                        ; 3.08 V                      ; 8.89e-09 V                  ; 3.12 V             ; -0.11 V            ; 0.153 V                             ; 0.272 V                             ; 6.41e-10 s                 ; 4.57e-10 s                 ; No                        ; Yes                       ;
; LED[3]                    ; 3.3-V LVTTL  ; 0 s                 ; 0 s                 ; 3.08 V                       ; 8.89e-09 V                   ; 3.12 V              ; -0.11 V             ; 0.153 V                              ; 0.272 V                              ; 6.41e-10 s                  ; 4.57e-10 s                  ; No                         ; Yes                        ; 3.08 V                      ; 8.89e-09 V                  ; 3.12 V             ; -0.11 V            ; 0.153 V                             ; 0.272 V                             ; 6.41e-10 s                 ; 4.57e-10 s                 ; No                        ; Yes                       ;
; SEG_DATA[0]               ; 3.3-V LVTTL  ; 0 s                 ; 0 s                 ; 3.08 V                       ; 6.38e-09 V                   ; 3.12 V              ; -0.0818 V           ; 0.205 V                              ; 0.244 V                              ; 8.86e-10 s                  ; 6.56e-10 s                  ; No                         ; No                         ; 3.08 V                      ; 6.38e-09 V                  ; 3.12 V             ; -0.0818 V          ; 0.205 V                             ; 0.244 V                             ; 8.86e-10 s                 ; 6.56e-10 s                 ; No                        ; No                        ;
; SEG_DATA[1]               ; 3.3-V LVTTL  ; 0 s                 ; 0 s                 ; 3.08 V                       ; 6.38e-09 V                   ; 3.12 V              ; -0.0818 V           ; 0.205 V                              ; 0.244 V                              ; 8.86e-10 s                  ; 6.56e-10 s                  ; No                         ; No                         ; 3.08 V                      ; 6.38e-09 V                  ; 3.12 V             ; -0.0818 V          ; 0.205 V                             ; 0.244 V                             ; 8.86e-10 s                 ; 6.56e-10 s                 ; No                        ; No                        ;
; SEG_DATA[2]               ; 3.3-V LVTTL  ; 0 s                 ; 0 s                 ; 3.08 V                       ; 8.89e-09 V                   ; 3.12 V              ; -0.11 V             ; 0.153 V                              ; 0.272 V                              ; 6.41e-10 s                  ; 4.57e-10 s                  ; No                         ; Yes                        ; 3.08 V                      ; 8.89e-09 V                  ; 3.12 V             ; -0.11 V            ; 0.153 V                             ; 0.272 V                             ; 6.41e-10 s                 ; 4.57e-10 s                 ; No                        ; Yes                       ;
; SEG_DATA[3]               ; 3.3-V LVTTL  ; 0 s                 ; 0 s                 ; 3.08 V                       ; 6.38e-09 V                   ; 3.13 V              ; -0.117 V            ; 0.15 V                               ; 0.263 V                              ; 6.31e-10 s                  ; 4.46e-10 s                  ; No                         ; No                         ; 3.08 V                      ; 6.38e-09 V                  ; 3.13 V             ; -0.117 V           ; 0.15 V                              ; 0.263 V                             ; 6.31e-10 s                 ; 4.46e-10 s                 ; No                        ; No                        ;
; SEG_DATA[4]               ; 3.3-V LVTTL  ; 0 s                 ; 0 s                 ; 3.08 V                       ; 8.89e-09 V                   ; 3.12 V              ; -0.11 V             ; 0.153 V                              ; 0.272 V                              ; 6.41e-10 s                  ; 4.57e-10 s                  ; No                         ; Yes                        ; 3.08 V                      ; 8.89e-09 V                  ; 3.12 V             ; -0.11 V            ; 0.153 V                             ; 0.272 V                             ; 6.41e-10 s                 ; 4.57e-10 s                 ; No                        ; Yes                       ;
; SEG_DATA[5]               ; 3.3-V LVTTL  ; 0 s                 ; 0 s                 ; 3.08 V                       ; 6.38e-09 V                   ; 3.12 V              ; -0.0818 V           ; 0.205 V                              ; 0.244 V                              ; 8.86e-10 s                  ; 6.56e-10 s                  ; No                         ; No                         ; 3.08 V                      ; 6.38e-09 V                  ; 3.12 V             ; -0.0818 V          ; 0.205 V                             ; 0.244 V                             ; 8.86e-10 s                 ; 6.56e-10 s                 ; No                        ; No                        ;
; SEG_DATA[6]               ; 3.3-V LVTTL  ; 0 s                 ; 0 s                 ; 3.08 V                       ; 6.38e-09 V                   ; 3.12 V              ; -0.0818 V           ; 0.205 V                              ; 0.244 V                              ; 8.86e-10 s                  ; 6.56e-10 s                  ; No                         ; No                         ; 3.08 V                      ; 6.38e-09 V                  ; 3.12 V             ; -0.0818 V          ; 0.205 V                             ; 0.244 V                             ; 8.86e-10 s                 ; 6.56e-10 s                 ; No                        ; No                        ;
; SEG_DATA[7]               ; 3.3-V LVTTL  ; 0 s                 ; 0 s                 ; 3.08 V                       ; 8.89e-09 V                   ; 3.12 V              ; -0.11 V             ; 0.153 V                              ; 0.272 V                              ; 6.41e-10 s                  ; 4.57e-10 s                  ; No                         ; Yes                        ; 3.08 V                      ; 8.89e-09 V                  ; 3.12 V             ; -0.11 V            ; 0.153 V                             ; 0.272 V                             ; 6.41e-10 s                 ; 4.57e-10 s                 ; No                        ; Yes                       ;
; SEG_SEL[0]                ; 3.3-V LVTTL  ; 0 s                 ; 0 s                 ; 3.08 V                       ; 6.38e-09 V                   ; 3.12 V              ; -0.0818 V           ; 0.205 V                              ; 0.244 V                              ; 8.86e-10 s                  ; 6.56e-10 s                  ; No                         ; No                         ; 3.08 V                      ; 6.38e-09 V                  ; 3.12 V             ; -0.0818 V          ; 0.205 V                             ; 0.244 V                             ; 8.86e-10 s                 ; 6.56e-10 s                 ; No                        ; No                        ;
; SEG_SEL[1]                ; 3.3-V LVTTL  ; 0 s                 ; 0 s                 ; 3.08 V                       ; 8.89e-09 V                   ; 3.12 V              ; -0.11 V             ; 0.153 V                              ; 0.272 V                              ; 6.41e-10 s                  ; 4.57e-10 s                  ; No                         ; Yes                        ; 3.08 V                      ; 8.89e-09 V                  ; 3.12 V             ; -0.11 V            ; 0.153 V                             ; 0.272 V                             ; 6.41e-10 s                 ; 4.57e-10 s                 ; No                        ; Yes                       ;
; SEG_SEL[2]                ; 3.3-V LVTTL  ; 0 s                 ; 0 s                 ; 3.08 V                       ; 8.89e-09 V                   ; 3.12 V              ; -0.11 V             ; 0.153 V                              ; 0.272 V                              ; 6.41e-10 s                  ; 4.57e-10 s                  ; No                         ; Yes                        ; 3.08 V                      ; 8.89e-09 V                  ; 3.12 V             ; -0.11 V            ; 0.153 V                             ; 0.272 V                             ; 6.41e-10 s                 ; 4.57e-10 s                 ; No                        ; Yes                       ;
; SEG_SEL[3]                ; 3.3-V LVTTL  ; 0 s                 ; 0 s                 ; 3.08 V                       ; 8.89e-09 V                   ; 3.09 V              ; -0.011 V            ; 0.196 V                              ; 0.301 V                              ; 4.93e-09 s                  ; 3.56e-09 s                  ; Yes                        ; Yes                        ; 3.08 V                      ; 8.89e-09 V                  ; 3.09 V             ; -0.011 V           ; 0.196 V                             ; 0.301 V                             ; 4.93e-09 s                 ; 3.56e-09 s                 ; Yes                       ; Yes                       ;
; SEG_SEL[4]                ; 3.3-V LVTTL  ; 0 s                 ; 0 s                 ; 3.08 V                       ; 8.89e-09 V                   ; 3.12 V              ; -0.11 V             ; 0.153 V                              ; 0.272 V                              ; 6.41e-10 s                  ; 4.57e-10 s                  ; No                         ; Yes                        ; 3.08 V                      ; 8.89e-09 V                  ; 3.12 V             ; -0.11 V            ; 0.153 V                             ; 0.272 V                             ; 6.41e-10 s                 ; 4.57e-10 s                 ; No                        ; Yes                       ;
; SEG_SEL[5]                ; 3.3-V LVTTL  ; 0 s                 ; 0 s                 ; 3.08 V                       ; 8.89e-09 V                   ; 3.12 V              ; -0.11 V             ; 0.153 V                              ; 0.272 V                              ; 6.41e-10 s                  ; 4.57e-10 s                  ; No                         ; Yes                        ; 3.08 V                      ; 8.89e-09 V                  ; 3.12 V             ; -0.11 V            ; 0.153 V                             ; 0.272 V                             ; 6.41e-10 s                 ; 4.57e-10 s                 ; No                        ; Yes                       ;
; SEG_SEL[6]                ; 3.3-V LVTTL  ; 0 s                 ; 0 s                 ; 3.08 V                       ; 8.89e-09 V                   ; 3.12 V              ; -0.11 V             ; 0.153 V                              ; 0.272 V                              ; 6.41e-10 s                  ; 4.57e-10 s                  ; No                         ; Yes                        ; 3.08 V                      ; 8.89e-09 V                  ; 3.12 V             ; -0.11 V            ; 0.153 V                             ; 0.272 V                             ; 6.41e-10 s                 ; 4.57e-10 s                 ; No                        ; Yes                       ;
; SEG_SEL[7]                ; 3.3-V LVTTL  ; 0 s                 ; 0 s                 ; 3.08 V                       ; 8.89e-09 V                   ; 3.12 V              ; -0.11 V             ; 0.153 V                              ; 0.272 V                              ; 6.41e-10 s                  ; 4.57e-10 s                  ; No                         ; Yes                        ; 3.08 V                      ; 8.89e-09 V                  ; 3.12 V             ; -0.11 V            ; 0.153 V                             ; 0.272 V                             ; 6.41e-10 s                 ; 4.57e-10 s                 ; No                        ; Yes                       ;
; GPIO_0_out_zero_value[0]  ; 3.3-V LVTTL  ; 0 s                 ; 0 s                 ; 3.08 V                       ; 6.38e-09 V                   ; 3.12 V              ; -0.0818 V           ; 0.205 V                              ; 0.244 V                              ; 8.86e-10 s                  ; 6.56e-10 s                  ; No                         ; No                         ; 3.08 V                      ; 6.38e-09 V                  ; 3.12 V             ; -0.0818 V          ; 0.205 V                             ; 0.244 V                             ; 8.86e-10 s                 ; 6.56e-10 s                 ; No                        ; No                        ;
; GPIO_0_out_zero_value[1]  ; 3.3-V LVTTL  ; 0 s                 ; 0 s                 ; 3.08 V                       ; 6.38e-09 V                   ; 3.12 V              ; -0.0818 V           ; 0.205 V                              ; 0.244 V                              ; 8.86e-10 s                  ; 6.56e-10 s                  ; No                         ; No                         ; 3.08 V                      ; 6.38e-09 V                  ; 3.12 V             ; -0.0818 V          ; 0.205 V                             ; 0.244 V                             ; 8.86e-10 s                 ; 6.56e-10 s                 ; No                        ; No                        ;
; GPIO_0_out_zero_value[2]  ; 3.3-V LVTTL  ; 0 s                 ; 0 s                 ; 3.08 V                       ; 8.89e-09 V                   ; 3.12 V              ; -0.11 V             ; 0.153 V                              ; 0.272 V                              ; 6.41e-10 s                  ; 4.57e-10 s                  ; No                         ; Yes                        ; 3.08 V                      ; 8.89e-09 V                  ; 3.12 V             ; -0.11 V            ; 0.153 V                             ; 0.272 V                             ; 6.41e-10 s                 ; 4.57e-10 s                 ; No                        ; Yes                       ;
; GPIO_0_out_zero_value[3]  ; 3.3-V LVTTL  ; 0 s                 ; 0 s                 ; 3.08 V                       ; 8.89e-09 V                   ; 3.12 V              ; -0.11 V             ; 0.153 V                              ; 0.272 V                              ; 6.41e-10 s                  ; 4.57e-10 s                  ; No                         ; Yes                        ; 3.08 V                      ; 8.89e-09 V                  ; 3.12 V             ; -0.11 V            ; 0.153 V                             ; 0.272 V                             ; 6.41e-10 s                 ; 4.57e-10 s                 ; No                        ; Yes                       ;
; GPIO_0_out_zero_value[4]  ; 3.3-V LVTTL  ; 0 s                 ; 0 s                 ; 3.08 V                       ; 8.89e-09 V                   ; 3.12 V              ; -0.11 V             ; 0.153 V                              ; 0.272 V                              ; 6.41e-10 s                  ; 4.57e-10 s                  ; No                         ; Yes                        ; 3.08 V                      ; 8.89e-09 V                  ; 3.12 V             ; -0.11 V            ; 0.153 V                             ; 0.272 V                             ; 6.41e-10 s                 ; 4.57e-10 s                 ; No                        ; Yes                       ;
; GPIO_0_out_zero_value[5]  ; 3.3-V LVTTL  ; 0 s                 ; 0 s                 ; 3.08 V                       ; 8.89e-09 V                   ; 3.12 V              ; -0.11 V             ; 0.153 V                              ; 0.272 V                              ; 6.41e-10 s                  ; 4.57e-10 s                  ; No                         ; Yes                        ; 3.08 V                      ; 8.89e-09 V                  ; 3.12 V             ; -0.11 V            ; 0.153 V                             ; 0.272 V                             ; 6.41e-10 s                 ; 4.57e-10 s                 ; No                        ; Yes                       ;
; GPIO_0_out_zero_value[6]  ; 3.3-V LVTTL  ; 0 s                 ; 0 s                 ; 3.08 V                       ; 8.89e-09 V                   ; 3.12 V              ; -0.11 V             ; 0.153 V                              ; 0.272 V                              ; 6.41e-10 s                  ; 4.57e-10 s                  ; No                         ; Yes                        ; 3.08 V                      ; 8.89e-09 V                  ; 3.12 V             ; -0.11 V            ; 0.153 V                             ; 0.272 V                             ; 6.41e-10 s                 ; 4.57e-10 s                 ; No                        ; Yes                       ;
; GPIO_0_out_zero_value[7]  ; 3.3-V LVTTL  ; 0 s                 ; 0 s                 ; 3.08 V                       ; 8.89e-09 V                   ; 3.12 V              ; -0.11 V             ; 0.153 V                              ; 0.272 V                              ; 6.41e-10 s                  ; 4.57e-10 s                  ; No                         ; Yes                        ; 3.08 V                      ; 8.89e-09 V                  ; 3.12 V             ; -0.11 V            ; 0.153 V                             ; 0.272 V                             ; 6.41e-10 s                 ; 4.57e-10 s                 ; No                        ; Yes                       ;
; GPIO_0_out_zero_value[8]  ; 3.3-V LVTTL  ; 0 s                 ; 0 s                 ; 3.08 V                       ; 8.89e-09 V                   ; 3.12 V              ; -0.11 V             ; 0.153 V                              ; 0.272 V                              ; 6.41e-10 s                  ; 4.57e-10 s                  ; No                         ; Yes                        ; 3.08 V                      ; 8.89e-09 V                  ; 3.12 V             ; -0.11 V            ; 0.153 V                             ; 0.272 V                             ; 6.41e-10 s                 ; 4.57e-10 s                 ; No                        ; Yes                       ;
; GPIO_0_out_zero_value[9]  ; 3.3-V LVTTL  ; 0 s                 ; 0 s                 ; 3.08 V                       ; 8.89e-09 V                   ; 3.12 V              ; -0.11 V             ; 0.153 V                              ; 0.272 V                              ; 6.41e-10 s                  ; 4.57e-10 s                  ; No                         ; Yes                        ; 3.08 V                      ; 8.89e-09 V                  ; 3.12 V             ; -0.11 V            ; 0.153 V                             ; 0.272 V                             ; 6.41e-10 s                 ; 4.57e-10 s                 ; No                        ; Yes                       ;
; GPIO_0_out_zero_value[10] ; 3.3-V LVTTL  ; 0 s                 ; 0 s                 ; 3.08 V                       ; 8.89e-09 V                   ; 3.12 V              ; -0.11 V             ; 0.153 V                              ; 0.272 V                              ; 6.41e-10 s                  ; 4.57e-10 s                  ; No                         ; Yes                        ; 3.08 V                      ; 8.89e-09 V                  ; 3.12 V             ; -0.11 V            ; 0.153 V                             ; 0.272 V                             ; 6.41e-10 s                 ; 4.57e-10 s                 ; No                        ; Yes                       ;
; GPIO_0_out_zero_value[11] ; 3.3-V LVTTL  ; 0 s                 ; 0 s                 ; 3.08 V                       ; 8.89e-09 V                   ; 3.12 V              ; -0.11 V             ; 0.153 V                              ; 0.272 V                              ; 6.41e-10 s                  ; 4.57e-10 s                  ; No                         ; Yes                        ; 3.08 V                      ; 8.89e-09 V                  ; 3.12 V             ; -0.11 V            ; 0.153 V                             ; 0.272 V                             ; 6.41e-10 s                 ; 4.57e-10 s                 ; No                        ; Yes                       ;
; GPIO_0_out_zero_value[12] ; 3.3-V LVTTL  ; 0 s                 ; 0 s                 ; 3.08 V                       ; 8.89e-09 V                   ; 3.12 V              ; -0.11 V             ; 0.153 V                              ; 0.272 V                              ; 6.41e-10 s                  ; 4.57e-10 s                  ; No                         ; Yes                        ; 3.08 V                      ; 8.89e-09 V                  ; 3.12 V             ; -0.11 V            ; 0.153 V                             ; 0.272 V                             ; 6.41e-10 s                 ; 4.57e-10 s                 ; No                        ; Yes                       ;
; GPIO_0_out_zero_value[13] ; 3.3-V LVTTL  ; 0 s                 ; 0 s                 ; 3.08 V                       ; 8.89e-09 V                   ; 3.12 V              ; -0.11 V             ; 0.153 V                              ; 0.272 V                              ; 6.41e-10 s                  ; 4.57e-10 s                  ; No                         ; Yes                        ; 3.08 V                      ; 8.89e-09 V                  ; 3.12 V             ; -0.11 V            ; 0.153 V                             ; 0.272 V                             ; 6.41e-10 s                 ; 4.57e-10 s                 ; No                        ; Yes                       ;
; GPIO_0_out_zero_value[14] ; 3.3-V LVTTL  ; 0 s                 ; 0 s                 ; 3.08 V                       ; 8.89e-09 V                   ; 3.12 V              ; -0.11 V             ; 0.153 V                              ; 0.272 V                              ; 6.41e-10 s                  ; 4.57e-10 s                  ; No                         ; Yes                        ; 3.08 V                      ; 8.89e-09 V                  ; 3.12 V             ; -0.11 V            ; 0.153 V                             ; 0.272 V                             ; 6.41e-10 s                 ; 4.57e-10 s                 ; No                        ; Yes                       ;
; GPIO_0_out_zero_value[15] ; 3.3-V LVTTL  ; 0 s                 ; 0 s                 ; 3.08 V                       ; 8.89e-09 V                   ; 3.12 V              ; -0.11 V             ; 0.153 V                              ; 0.272 V                              ; 6.41e-10 s                  ; 4.57e-10 s                  ; No                         ; Yes                        ; 3.08 V                      ; 8.89e-09 V                  ; 3.12 V             ; -0.11 V            ; 0.153 V                             ; 0.272 V                             ; 6.41e-10 s                 ; 4.57e-10 s                 ; No                        ; Yes                       ;
; GPIO_0_out_zero_value[16] ; 3.3-V LVTTL  ; 0 s                 ; 0 s                 ; 3.08 V                       ; 8.89e-09 V                   ; 3.12 V              ; -0.11 V             ; 0.153 V                              ; 0.272 V                              ; 6.41e-10 s                  ; 4.57e-10 s                  ; No                         ; Yes                        ; 3.08 V                      ; 8.89e-09 V                  ; 3.12 V             ; -0.11 V            ; 0.153 V                             ; 0.272 V                             ; 6.41e-10 s                 ; 4.57e-10 s                 ; No                        ; Yes                       ;
; GPIO_1_out_zero_value[0]  ; 3.3-V LVTTL  ; 0 s                 ; 0 s                 ; 3.08 V                       ; 6.38e-09 V                   ; 3.12 V              ; -0.0818 V           ; 0.205 V                              ; 0.244 V                              ; 8.86e-10 s                  ; 6.56e-10 s                  ; No                         ; No                         ; 3.08 V                      ; 6.38e-09 V                  ; 3.12 V             ; -0.0818 V          ; 0.205 V                             ; 0.244 V                             ; 8.86e-10 s                 ; 6.56e-10 s                 ; No                        ; No                        ;
; GPIO_1_out_zero_value[1]  ; 3.3-V LVTTL  ; 0 s                 ; 0 s                 ; 3.08 V                       ; 8.89e-09 V                   ; 3.12 V              ; -0.11 V             ; 0.153 V                              ; 0.272 V                              ; 6.41e-10 s                  ; 4.57e-10 s                  ; No                         ; Yes                        ; 3.08 V                      ; 8.89e-09 V                  ; 3.12 V             ; -0.11 V            ; 0.153 V                             ; 0.272 V                             ; 6.41e-10 s                 ; 4.57e-10 s                 ; No                        ; Yes                       ;
; GPIO_1_out_zero_value[2]  ; 3.3-V LVTTL  ; 0 s                 ; 0 s                 ; 3.08 V                       ; 8.89e-09 V                   ; 3.12 V              ; -0.11 V             ; 0.153 V                              ; 0.272 V                              ; 6.41e-10 s                  ; 4.57e-10 s                  ; No                         ; Yes                        ; 3.08 V                      ; 8.89e-09 V                  ; 3.12 V             ; -0.11 V            ; 0.153 V                             ; 0.272 V                             ; 6.41e-10 s                 ; 4.57e-10 s                 ; No                        ; Yes                       ;
; GPIO_1_out_zero_value[3]  ; 3.3-V LVTTL  ; 0 s                 ; 0 s                 ; 3.08 V                       ; 8.89e-09 V                   ; 3.12 V              ; -0.11 V             ; 0.153 V                              ; 0.272 V                              ; 6.41e-10 s                  ; 4.57e-10 s                  ; No                         ; Yes                        ; 3.08 V                      ; 8.89e-09 V                  ; 3.12 V             ; -0.11 V            ; 0.153 V                             ; 0.272 V                             ; 6.41e-10 s                 ; 4.57e-10 s                 ; No                        ; Yes                       ;
; GPIO_1_out_zero_value[4]  ; 3.3-V LVTTL  ; 0 s                 ; 0 s                 ; 3.08 V                       ; 8.89e-09 V                   ; 3.12 V              ; -0.11 V             ; 0.153 V                              ; 0.272 V                              ; 6.41e-10 s                  ; 4.57e-10 s                  ; No                         ; Yes                        ; 3.08 V                      ; 8.89e-09 V                  ; 3.12 V             ; -0.11 V            ; 0.153 V                             ; 0.272 V                             ; 6.41e-10 s                 ; 4.57e-10 s                 ; No                        ; Yes                       ;
; GPIO_1_out_zero_value[5]  ; 3.3-V LVTTL  ; 0 s                 ; 0 s                 ; 3.08 V                       ; 8.89e-09 V                   ; 3.12 V              ; -0.11 V             ; 0.153 V                              ; 0.272 V                              ; 6.41e-10 s                  ; 4.57e-10 s                  ; No                         ; Yes                        ; 3.08 V                      ; 8.89e-09 V                  ; 3.12 V             ; -0.11 V            ; 0.153 V                             ; 0.272 V                             ; 6.41e-10 s                 ; 4.57e-10 s                 ; No                        ; Yes                       ;
; GPIO_1_out_zero_value[6]  ; 3.3-V LVTTL  ; 0 s                 ; 0 s                 ; 3.08 V                       ; 8.89e-09 V                   ; 3.12 V              ; -0.11 V             ; 0.153 V                              ; 0.272 V                              ; 6.41e-10 s                  ; 4.57e-10 s                  ; No                         ; Yes                        ; 3.08 V                      ; 8.89e-09 V                  ; 3.12 V             ; -0.11 V            ; 0.153 V                             ; 0.272 V                             ; 6.41e-10 s                 ; 4.57e-10 s                 ; No                        ; Yes                       ;
; GPIO_1_out_zero_value[7]  ; 3.3-V LVTTL  ; 0 s                 ; 0 s                 ; 3.08 V                       ; 8.89e-09 V                   ; 3.12 V              ; -0.11 V             ; 0.153 V                              ; 0.272 V                              ; 6.41e-10 s                  ; 4.57e-10 s                  ; No                         ; Yes                        ; 3.08 V                      ; 8.89e-09 V                  ; 3.12 V             ; -0.11 V            ; 0.153 V                             ; 0.272 V                             ; 6.41e-10 s                 ; 4.57e-10 s                 ; No                        ; Yes                       ;
; GPIO_1_out_zero_value[8]  ; 3.3-V LVTTL  ; 0 s                 ; 0 s                 ; 3.08 V                       ; 8.89e-09 V                   ; 3.12 V              ; -0.11 V             ; 0.153 V                              ; 0.272 V                              ; 6.41e-10 s                  ; 4.57e-10 s                  ; No                         ; Yes                        ; 3.08 V                      ; 8.89e-09 V                  ; 3.12 V             ; -0.11 V            ; 0.153 V                             ; 0.272 V                             ; 6.41e-10 s                 ; 4.57e-10 s                 ; No                        ; Yes                       ;
; GPIO_1_out_zero_value[9]  ; 3.3-V LVTTL  ; 0 s                 ; 0 s                 ; 3.08 V                       ; 8.89e-09 V                   ; 3.12 V              ; -0.11 V             ; 0.153 V                              ; 0.272 V                              ; 6.41e-10 s                  ; 4.57e-10 s                  ; No                         ; Yes                        ; 3.08 V                      ; 8.89e-09 V                  ; 3.12 V             ; -0.11 V            ; 0.153 V                             ; 0.272 V                             ; 6.41e-10 s                 ; 4.57e-10 s                 ; No                        ; Yes                       ;
; GPIO_1_out_zero_value[10] ; 3.3-V LVTTL  ; 0 s                 ; 0 s                 ; 3.08 V                       ; 8.89e-09 V                   ; 3.12 V              ; -0.11 V             ; 0.153 V                              ; 0.272 V                              ; 6.41e-10 s                  ; 4.57e-10 s                  ; No                         ; Yes                        ; 3.08 V                      ; 8.89e-09 V                  ; 3.12 V             ; -0.11 V            ; 0.153 V                             ; 0.272 V                             ; 6.41e-10 s                 ; 4.57e-10 s                 ; No                        ; Yes                       ;
; GPIO_1_out_zero_value[11] ; 3.3-V LVTTL  ; 0 s                 ; 0 s                 ; 3.08 V                       ; 8.89e-09 V                   ; 3.12 V              ; -0.11 V             ; 0.153 V                              ; 0.272 V                              ; 6.41e-10 s                  ; 4.57e-10 s                  ; No                         ; Yes                        ; 3.08 V                      ; 8.89e-09 V                  ; 3.12 V             ; -0.11 V            ; 0.153 V                             ; 0.272 V                             ; 6.41e-10 s                 ; 4.57e-10 s                 ; No                        ; Yes                       ;
; GPIO_1_out_zero_value[12] ; 3.3-V LVTTL  ; 0 s                 ; 0 s                 ; 3.08 V                       ; 8.89e-09 V                   ; 3.12 V              ; -0.11 V             ; 0.153 V                              ; 0.272 V                              ; 6.41e-10 s                  ; 4.57e-10 s                  ; No                         ; Yes                        ; 3.08 V                      ; 8.89e-09 V                  ; 3.12 V             ; -0.11 V            ; 0.153 V                             ; 0.272 V                             ; 6.41e-10 s                 ; 4.57e-10 s                 ; No                        ; Yes                       ;
; GPIO_1_out_zero_value[13] ; 3.3-V LVTTL  ; 0 s                 ; 0 s                 ; 3.08 V                       ; 8.89e-09 V                   ; 3.12 V              ; -0.11 V             ; 0.153 V                              ; 0.272 V                              ; 6.41e-10 s                  ; 4.57e-10 s                  ; No                         ; Yes                        ; 3.08 V                      ; 8.89e-09 V                  ; 3.12 V             ; -0.11 V            ; 0.153 V                             ; 0.272 V                             ; 6.41e-10 s                 ; 4.57e-10 s                 ; No                        ; Yes                       ;
; GPIO_1_out_zero_value[14] ; 3.3-V LVTTL  ; 0 s                 ; 0 s                 ; 3.08 V                       ; 8.89e-09 V                   ; 3.12 V              ; -0.11 V             ; 0.153 V                              ; 0.272 V                              ; 6.41e-10 s                  ; 4.57e-10 s                  ; No                         ; Yes                        ; 3.08 V                      ; 8.89e-09 V                  ; 3.12 V             ; -0.11 V            ; 0.153 V                             ; 0.272 V                             ; 6.41e-10 s                 ; 4.57e-10 s                 ; No                        ; Yes                       ;
; GPIO_1_out_zero_value[15] ; 3.3-V LVTTL  ; 0 s                 ; 0 s                 ; 3.08 V                       ; 8.89e-09 V                   ; 3.12 V              ; -0.11 V             ; 0.153 V                              ; 0.272 V                              ; 6.41e-10 s                  ; 4.57e-10 s                  ; No                         ; Yes                        ; 3.08 V                      ; 8.89e-09 V                  ; 3.12 V             ; -0.11 V            ; 0.153 V                             ; 0.272 V                             ; 6.41e-10 s                 ; 4.57e-10 s                 ; No                        ; Yes                       ;
; GPIO_1_out_zero_value[16] ; 3.3-V LVTTL  ; 0 s                 ; 0 s                 ; 3.08 V                       ; 8.89e-09 V                   ; 3.12 V              ; -0.11 V             ; 0.153 V                              ; 0.272 V                              ; 6.41e-10 s                  ; 4.57e-10 s                  ; No                         ; Yes                        ; 3.08 V                      ; 8.89e-09 V                  ; 3.12 V             ; -0.11 V            ; 0.153 V                             ; 0.272 V                             ; 6.41e-10 s                 ; 4.57e-10 s                 ; No                        ; Yes                       ;
; ~ALTERA_DCLK~             ; 3.3-V LVTTL  ; 0 s                 ; 0 s                 ; 3.08 V                       ; 3.51e-09 V                   ; 3.18 V              ; -0.157 V            ; 0.147 V                              ; 0.259 V                              ; 2.81e-10 s                  ; 2.53e-10 s                  ; Yes                        ; Yes                        ; 3.08 V                      ; 3.51e-09 V                  ; 3.18 V             ; -0.157 V           ; 0.147 V                             ; 0.259 V                             ; 2.81e-10 s                 ; 2.53e-10 s                 ; Yes                       ; Yes                       ;
+---------------------------+--------------+---------------------+---------------------+------------------------------+------------------------------+---------------------+---------------------+--------------------------------------+--------------------------------------+-----------------------------+-----------------------------+----------------------------+----------------------------+-----------------------------+-----------------------------+--------------------+--------------------+-------------------------------------+-------------------------------------+----------------------------+----------------------------+---------------------------+---------------------------+


+--------------------------------------------------------------------------------------------------------------------------------------------------------------------------------------------------------------------------------------------------------------------------------------------------------------------------------------------------------------------------------------------------------------------------------------------------------------------------------------------------------------------------------------------------------------------------------------------------------------------------------------------------------------------------------------------------------+
; Signal Integrity Metrics (Slow 1200mv 85c Model)                                                                                                                                                                                                                                                                                                                                                                                                                                                                                                                                                                                                                                                       ;
+---------------------------+--------------+---------------------+---------------------+------------------------------+------------------------------+---------------------+---------------------+--------------------------------------+--------------------------------------+-----------------------------+-----------------------------+----------------------------+----------------------------+-----------------------------+-----------------------------+--------------------+--------------------+-------------------------------------+-------------------------------------+----------------------------+----------------------------+---------------------------+---------------------------+
; Pin                       ; I/O Standard ; Board Delay on Rise ; Board Delay on Fall ; Steady State Voh at FPGA Pin ; Steady State Vol at FPGA Pin ; Voh Max at FPGA Pin ; Vol Min at FPGA Pin ; Ringback Voltage on Rise at FPGA Pin ; Ringback Voltage on Fall at FPGA Pin ; 10-90 Rise Time at FPGA Pin ; 90-10 Fall Time at FPGA Pin ; Monotonic Rise at FPGA Pin ; Monotonic Fall at FPGA Pin ; Steady State Voh at Far-end ; Steady State Vol at Far-end ; Voh Max at Far-end ; Vol Min at Far-end ; Ringback Voltage on Rise at Far-end ; Ringback Voltage on Fall at Far-end ; 10-90 Rise Time at Far-end ; 90-10 Fall Time at Far-end ; Monotonic Rise at Far-end ; Monotonic Fall at Far-end ;
+---------------------------+--------------+---------------------+---------------------+------------------------------+------------------------------+---------------------+---------------------+--------------------------------------+--------------------------------------+-----------------------------+-----------------------------+----------------------------+----------------------------+-----------------------------+-----------------------------+--------------------+--------------------+-------------------------------------+-------------------------------------+----------------------------+----------------------------+---------------------------+---------------------------+
; LED[0]                    ; 3.3-V LVTTL  ; 0 s                 ; 0 s                 ; 3.08 V                       ; 7.5e-07 V                    ; 3.11 V              ; -0.0503 V           ; 0.122 V                              ; 0.172 V                              ; 7.08e-10 s                  ; 6.43e-10 s                  ; Yes                        ; Yes                        ; 3.08 V                      ; 7.5e-07 V                   ; 3.11 V             ; -0.0503 V          ; 0.122 V                             ; 0.172 V                             ; 7.08e-10 s                 ; 6.43e-10 s                 ; Yes                       ; Yes                       ;
; LED[1]                    ; 3.3-V LVTTL  ; 0 s                 ; 0 s                 ; 3.08 V                       ; 7.5e-07 V                    ; 3.11 V              ; -0.0503 V           ; 0.122 V                              ; 0.172 V                              ; 7.08e-10 s                  ; 6.43e-10 s                  ; Yes                        ; Yes                        ; 3.08 V                      ; 7.5e-07 V                   ; 3.11 V             ; -0.0503 V          ; 0.122 V                             ; 0.172 V                             ; 7.08e-10 s                 ; 6.43e-10 s                 ; Yes                       ; Yes                       ;
; LED[2]                    ; 3.3-V LVTTL  ; 0 s                 ; 0 s                 ; 3.08 V                       ; 7.5e-07 V                    ; 3.11 V              ; -0.0503 V           ; 0.122 V                              ; 0.172 V                              ; 7.08e-10 s                  ; 6.43e-10 s                  ; Yes                        ; Yes                        ; 3.08 V                      ; 7.5e-07 V                   ; 3.11 V             ; -0.0503 V          ; 0.122 V                             ; 0.172 V                             ; 7.08e-10 s                 ; 6.43e-10 s                 ; Yes                       ; Yes                       ;
; LED[3]                    ; 3.3-V LVTTL  ; 0 s                 ; 0 s                 ; 3.08 V                       ; 7.5e-07 V                    ; 3.11 V              ; -0.0503 V           ; 0.122 V                              ; 0.172 V                              ; 7.08e-10 s                  ; 6.43e-10 s                  ; Yes                        ; Yes                        ; 3.08 V                      ; 7.5e-07 V                   ; 3.11 V             ; -0.0503 V          ; 0.122 V                             ; 0.172 V                             ; 7.08e-10 s                 ; 6.43e-10 s                 ; Yes                       ; Yes                       ;
; SEG_DATA[0]               ; 3.3-V LVTTL  ; 0 s                 ; 0 s                 ; 3.08 V                       ; 5.04e-07 V                   ; 3.11 V              ; -0.0469 V           ; 0.191 V                              ; 0.215 V                              ; 1.08e-09 s                  ; 8.62e-10 s                  ; Yes                        ; No                         ; 3.08 V                      ; 5.04e-07 V                  ; 3.11 V             ; -0.0469 V          ; 0.191 V                             ; 0.215 V                             ; 1.08e-09 s                 ; 8.62e-10 s                 ; Yes                       ; No                        ;
; SEG_DATA[1]               ; 3.3-V LVTTL  ; 0 s                 ; 0 s                 ; 3.08 V                       ; 5.04e-07 V                   ; 3.11 V              ; -0.0469 V           ; 0.191 V                              ; 0.215 V                              ; 1.08e-09 s                  ; 8.62e-10 s                  ; Yes                        ; No                         ; 3.08 V                      ; 5.04e-07 V                  ; 3.11 V             ; -0.0469 V          ; 0.191 V                             ; 0.215 V                             ; 1.08e-09 s                 ; 8.62e-10 s                 ; Yes                       ; No                        ;
; SEG_DATA[2]               ; 3.3-V LVTTL  ; 0 s                 ; 0 s                 ; 3.08 V                       ; 7.5e-07 V                    ; 3.11 V              ; -0.0503 V           ; 0.122 V                              ; 0.172 V                              ; 7.08e-10 s                  ; 6.43e-10 s                  ; Yes                        ; Yes                        ; 3.08 V                      ; 7.5e-07 V                   ; 3.11 V             ; -0.0503 V          ; 0.122 V                             ; 0.172 V                             ; 7.08e-10 s                 ; 6.43e-10 s                 ; Yes                       ; Yes                       ;
; SEG_DATA[3]               ; 3.3-V LVTTL  ; 0 s                 ; 0 s                 ; 3.08 V                       ; 5.04e-07 V                   ; 3.11 V              ; -0.0624 V           ; 0.233 V                              ; 0.172 V                              ; 6.86e-10 s                  ; 6.33e-10 s                  ; Yes                        ; No                         ; 3.08 V                      ; 5.04e-07 V                  ; 3.11 V             ; -0.0624 V          ; 0.233 V                             ; 0.172 V                             ; 6.86e-10 s                 ; 6.33e-10 s                 ; Yes                       ; No                        ;
; SEG_DATA[4]               ; 3.3-V LVTTL  ; 0 s                 ; 0 s                 ; 3.08 V                       ; 7.5e-07 V                    ; 3.11 V              ; -0.0503 V           ; 0.122 V                              ; 0.172 V                              ; 7.08e-10 s                  ; 6.43e-10 s                  ; Yes                        ; Yes                        ; 3.08 V                      ; 7.5e-07 V                   ; 3.11 V             ; -0.0503 V          ; 0.122 V                             ; 0.172 V                             ; 7.08e-10 s                 ; 6.43e-10 s                 ; Yes                       ; Yes                       ;
; SEG_DATA[5]               ; 3.3-V LVTTL  ; 0 s                 ; 0 s                 ; 3.08 V                       ; 5.04e-07 V                   ; 3.11 V              ; -0.0469 V           ; 0.191 V                              ; 0.215 V                              ; 1.08e-09 s                  ; 8.62e-10 s                  ; Yes                        ; No                         ; 3.08 V                      ; 5.04e-07 V                  ; 3.11 V             ; -0.0469 V          ; 0.191 V                             ; 0.215 V                             ; 1.08e-09 s                 ; 8.62e-10 s                 ; Yes                       ; No                        ;
; SEG_DATA[6]               ; 3.3-V LVTTL  ; 0 s                 ; 0 s                 ; 3.08 V                       ; 5.04e-07 V                   ; 3.11 V              ; -0.0469 V           ; 0.191 V                              ; 0.215 V                              ; 1.08e-09 s                  ; 8.62e-10 s                  ; Yes                        ; No                         ; 3.08 V                      ; 5.04e-07 V                  ; 3.11 V             ; -0.0469 V          ; 0.191 V                             ; 0.215 V                             ; 1.08e-09 s                 ; 8.62e-10 s                 ; Yes                       ; No                        ;
; SEG_DATA[7]               ; 3.3-V LVTTL  ; 0 s                 ; 0 s                 ; 3.08 V                       ; 7.5e-07 V                    ; 3.11 V              ; -0.0503 V           ; 0.122 V                              ; 0.172 V                              ; 7.08e-10 s                  ; 6.43e-10 s                  ; Yes                        ; Yes                        ; 3.08 V                      ; 7.5e-07 V                   ; 3.11 V             ; -0.0503 V          ; 0.122 V                             ; 0.172 V                             ; 7.08e-10 s                 ; 6.43e-10 s                 ; Yes                       ; Yes                       ;
; SEG_SEL[0]                ; 3.3-V LVTTL  ; 0 s                 ; 0 s                 ; 3.08 V                       ; 5.04e-07 V                   ; 3.11 V              ; -0.0469 V           ; 0.191 V                              ; 0.215 V                              ; 1.08e-09 s                  ; 8.62e-10 s                  ; Yes                        ; No                         ; 3.08 V                      ; 5.04e-07 V                  ; 3.11 V             ; -0.0469 V          ; 0.191 V                             ; 0.215 V                             ; 1.08e-09 s                 ; 8.62e-10 s                 ; Yes                       ; No                        ;
; SEG_SEL[1]                ; 3.3-V LVTTL  ; 0 s                 ; 0 s                 ; 3.08 V                       ; 7.5e-07 V                    ; 3.11 V              ; -0.0503 V           ; 0.122 V                              ; 0.172 V                              ; 7.08e-10 s                  ; 6.43e-10 s                  ; Yes                        ; Yes                        ; 3.08 V                      ; 7.5e-07 V                   ; 3.11 V             ; -0.0503 V          ; 0.122 V                             ; 0.172 V                             ; 7.08e-10 s                 ; 6.43e-10 s                 ; Yes                       ; Yes                       ;
; SEG_SEL[2]                ; 3.3-V LVTTL  ; 0 s                 ; 0 s                 ; 3.08 V                       ; 7.5e-07 V                    ; 3.11 V              ; -0.0503 V           ; 0.122 V                              ; 0.172 V                              ; 7.08e-10 s                  ; 6.43e-10 s                  ; Yes                        ; Yes                        ; 3.08 V                      ; 7.5e-07 V                   ; 3.11 V             ; -0.0503 V          ; 0.122 V                             ; 0.172 V                             ; 7.08e-10 s                 ; 6.43e-10 s                 ; Yes                       ; Yes                       ;
; SEG_SEL[3]                ; 3.3-V LVTTL  ; 0 s                 ; 0 s                 ; 3.08 V                       ; 7.5e-07 V                    ; 3.08 V              ; -0.00457 V          ; 0.185 V                              ; 0.21 V                               ; 5.8e-09 s                   ; 4.46e-09 s                  ; Yes                        ; Yes                        ; 3.08 V                      ; 7.5e-07 V                   ; 3.08 V             ; -0.00457 V         ; 0.185 V                             ; 0.21 V                              ; 5.8e-09 s                  ; 4.46e-09 s                 ; Yes                       ; Yes                       ;
; SEG_SEL[4]                ; 3.3-V LVTTL  ; 0 s                 ; 0 s                 ; 3.08 V                       ; 7.5e-07 V                    ; 3.11 V              ; -0.0503 V           ; 0.122 V                              ; 0.172 V                              ; 7.08e-10 s                  ; 6.43e-10 s                  ; Yes                        ; Yes                        ; 3.08 V                      ; 7.5e-07 V                   ; 3.11 V             ; -0.0503 V          ; 0.122 V                             ; 0.172 V                             ; 7.08e-10 s                 ; 6.43e-10 s                 ; Yes                       ; Yes                       ;
; SEG_SEL[5]                ; 3.3-V LVTTL  ; 0 s                 ; 0 s                 ; 3.08 V                       ; 7.5e-07 V                    ; 3.11 V              ; -0.0503 V           ; 0.122 V                              ; 0.172 V                              ; 7.08e-10 s                  ; 6.43e-10 s                  ; Yes                        ; Yes                        ; 3.08 V                      ; 7.5e-07 V                   ; 3.11 V             ; -0.0503 V          ; 0.122 V                             ; 0.172 V                             ; 7.08e-10 s                 ; 6.43e-10 s                 ; Yes                       ; Yes                       ;
; SEG_SEL[6]                ; 3.3-V LVTTL  ; 0 s                 ; 0 s                 ; 3.08 V                       ; 7.5e-07 V                    ; 3.11 V              ; -0.0503 V           ; 0.122 V                              ; 0.172 V                              ; 7.08e-10 s                  ; 6.43e-10 s                  ; Yes                        ; Yes                        ; 3.08 V                      ; 7.5e-07 V                   ; 3.11 V             ; -0.0503 V          ; 0.122 V                             ; 0.172 V                             ; 7.08e-10 s                 ; 6.43e-10 s                 ; Yes                       ; Yes                       ;
; SEG_SEL[7]                ; 3.3-V LVTTL  ; 0 s                 ; 0 s                 ; 3.08 V                       ; 7.5e-07 V                    ; 3.11 V              ; -0.0503 V           ; 0.122 V                              ; 0.172 V                              ; 7.08e-10 s                  ; 6.43e-10 s                  ; Yes                        ; Yes                        ; 3.08 V                      ; 7.5e-07 V                   ; 3.11 V             ; -0.0503 V          ; 0.122 V                             ; 0.172 V                             ; 7.08e-10 s                 ; 6.43e-10 s                 ; Yes                       ; Yes                       ;
; GPIO_0_out_zero_value[0]  ; 3.3-V LVTTL  ; 0 s                 ; 0 s                 ; 3.08 V                       ; 5.04e-07 V                   ; 3.11 V              ; -0.0469 V           ; 0.191 V                              ; 0.215 V                              ; 1.08e-09 s                  ; 8.62e-10 s                  ; Yes                        ; No                         ; 3.08 V                      ; 5.04e-07 V                  ; 3.11 V             ; -0.0469 V          ; 0.191 V                             ; 0.215 V                             ; 1.08e-09 s                 ; 8.62e-10 s                 ; Yes                       ; No                        ;
; GPIO_0_out_zero_value[1]  ; 3.3-V LVTTL  ; 0 s                 ; 0 s                 ; 3.08 V                       ; 5.04e-07 V                   ; 3.11 V              ; -0.0469 V           ; 0.191 V                              ; 0.215 V                              ; 1.08e-09 s                  ; 8.62e-10 s                  ; Yes                        ; No                         ; 3.08 V                      ; 5.04e-07 V                  ; 3.11 V             ; -0.0469 V          ; 0.191 V                             ; 0.215 V                             ; 1.08e-09 s                 ; 8.62e-10 s                 ; Yes                       ; No                        ;
; GPIO_0_out_zero_value[2]  ; 3.3-V LVTTL  ; 0 s                 ; 0 s                 ; 3.08 V                       ; 7.5e-07 V                    ; 3.11 V              ; -0.0503 V           ; 0.122 V                              ; 0.172 V                              ; 7.08e-10 s                  ; 6.43e-10 s                  ; Yes                        ; Yes                        ; 3.08 V                      ; 7.5e-07 V                   ; 3.11 V             ; -0.0503 V          ; 0.122 V                             ; 0.172 V                             ; 7.08e-10 s                 ; 6.43e-10 s                 ; Yes                       ; Yes                       ;
; GPIO_0_out_zero_value[3]  ; 3.3-V LVTTL  ; 0 s                 ; 0 s                 ; 3.08 V                       ; 7.5e-07 V                    ; 3.11 V              ; -0.0503 V           ; 0.122 V                              ; 0.172 V                              ; 7.08e-10 s                  ; 6.43e-10 s                  ; Yes                        ; Yes                        ; 3.08 V                      ; 7.5e-07 V                   ; 3.11 V             ; -0.0503 V          ; 0.122 V                             ; 0.172 V                             ; 7.08e-10 s                 ; 6.43e-10 s                 ; Yes                       ; Yes                       ;
; GPIO_0_out_zero_value[4]  ; 3.3-V LVTTL  ; 0 s                 ; 0 s                 ; 3.08 V                       ; 7.5e-07 V                    ; 3.11 V              ; -0.0503 V           ; 0.122 V                              ; 0.172 V                              ; 7.08e-10 s                  ; 6.43e-10 s                  ; Yes                        ; Yes                        ; 3.08 V                      ; 7.5e-07 V                   ; 3.11 V             ; -0.0503 V          ; 0.122 V                             ; 0.172 V                             ; 7.08e-10 s                 ; 6.43e-10 s                 ; Yes                       ; Yes                       ;
; GPIO_0_out_zero_value[5]  ; 3.3-V LVTTL  ; 0 s                 ; 0 s                 ; 3.08 V                       ; 7.5e-07 V                    ; 3.11 V              ; -0.0503 V           ; 0.122 V                              ; 0.172 V                              ; 7.08e-10 s                  ; 6.43e-10 s                  ; Yes                        ; Yes                        ; 3.08 V                      ; 7.5e-07 V                   ; 3.11 V             ; -0.0503 V          ; 0.122 V                             ; 0.172 V                             ; 7.08e-10 s                 ; 6.43e-10 s                 ; Yes                       ; Yes                       ;
; GPIO_0_out_zero_value[6]  ; 3.3-V LVTTL  ; 0 s                 ; 0 s                 ; 3.08 V                       ; 7.5e-07 V                    ; 3.11 V              ; -0.0503 V           ; 0.122 V                              ; 0.172 V                              ; 7.08e-10 s                  ; 6.43e-10 s                  ; Yes                        ; Yes                        ; 3.08 V                      ; 7.5e-07 V                   ; 3.11 V             ; -0.0503 V          ; 0.122 V                             ; 0.172 V                             ; 7.08e-10 s                 ; 6.43e-10 s                 ; Yes                       ; Yes                       ;
; GPIO_0_out_zero_value[7]  ; 3.3-V LVTTL  ; 0 s                 ; 0 s                 ; 3.08 V                       ; 7.5e-07 V                    ; 3.11 V              ; -0.0503 V           ; 0.122 V                              ; 0.172 V                              ; 7.08e-10 s                  ; 6.43e-10 s                  ; Yes                        ; Yes                        ; 3.08 V                      ; 7.5e-07 V                   ; 3.11 V             ; -0.0503 V          ; 0.122 V                             ; 0.172 V                             ; 7.08e-10 s                 ; 6.43e-10 s                 ; Yes                       ; Yes                       ;
; GPIO_0_out_zero_value[8]  ; 3.3-V LVTTL  ; 0 s                 ; 0 s                 ; 3.08 V                       ; 7.5e-07 V                    ; 3.11 V              ; -0.0503 V           ; 0.122 V                              ; 0.172 V                              ; 7.08e-10 s                  ; 6.43e-10 s                  ; Yes                        ; Yes                        ; 3.08 V                      ; 7.5e-07 V                   ; 3.11 V             ; -0.0503 V          ; 0.122 V                             ; 0.172 V                             ; 7.08e-10 s                 ; 6.43e-10 s                 ; Yes                       ; Yes                       ;
; GPIO_0_out_zero_value[9]  ; 3.3-V LVTTL  ; 0 s                 ; 0 s                 ; 3.08 V                       ; 7.5e-07 V                    ; 3.11 V              ; -0.0503 V           ; 0.122 V                              ; 0.172 V                              ; 7.08e-10 s                  ; 6.43e-10 s                  ; Yes                        ; Yes                        ; 3.08 V                      ; 7.5e-07 V                   ; 3.11 V             ; -0.0503 V          ; 0.122 V                             ; 0.172 V                             ; 7.08e-10 s                 ; 6.43e-10 s                 ; Yes                       ; Yes                       ;
; GPIO_0_out_zero_value[10] ; 3.3-V LVTTL  ; 0 s                 ; 0 s                 ; 3.08 V                       ; 7.5e-07 V                    ; 3.11 V              ; -0.0503 V           ; 0.122 V                              ; 0.172 V                              ; 7.08e-10 s                  ; 6.43e-10 s                  ; Yes                        ; Yes                        ; 3.08 V                      ; 7.5e-07 V                   ; 3.11 V             ; -0.0503 V          ; 0.122 V                             ; 0.172 V                             ; 7.08e-10 s                 ; 6.43e-10 s                 ; Yes                       ; Yes                       ;
; GPIO_0_out_zero_value[11] ; 3.3-V LVTTL  ; 0 s                 ; 0 s                 ; 3.08 V                       ; 7.5e-07 V                    ; 3.11 V              ; -0.0503 V           ; 0.122 V                              ; 0.172 V                              ; 7.08e-10 s                  ; 6.43e-10 s                  ; Yes                        ; Yes                        ; 3.08 V                      ; 7.5e-07 V                   ; 3.11 V             ; -0.0503 V          ; 0.122 V                             ; 0.172 V                             ; 7.08e-10 s                 ; 6.43e-10 s                 ; Yes                       ; Yes                       ;
; GPIO_0_out_zero_value[12] ; 3.3-V LVTTL  ; 0 s                 ; 0 s                 ; 3.08 V                       ; 7.5e-07 V                    ; 3.11 V              ; -0.0503 V           ; 0.122 V                              ; 0.172 V                              ; 7.08e-10 s                  ; 6.43e-10 s                  ; Yes                        ; Yes                        ; 3.08 V                      ; 7.5e-07 V                   ; 3.11 V             ; -0.0503 V          ; 0.122 V                             ; 0.172 V                             ; 7.08e-10 s                 ; 6.43e-10 s                 ; Yes                       ; Yes                       ;
; GPIO_0_out_zero_value[13] ; 3.3-V LVTTL  ; 0 s                 ; 0 s                 ; 3.08 V                       ; 7.5e-07 V                    ; 3.11 V              ; -0.0503 V           ; 0.122 V                              ; 0.172 V                              ; 7.08e-10 s                  ; 6.43e-10 s                  ; Yes                        ; Yes                        ; 3.08 V                      ; 7.5e-07 V                   ; 3.11 V             ; -0.0503 V          ; 0.122 V                             ; 0.172 V                             ; 7.08e-10 s                 ; 6.43e-10 s                 ; Yes                       ; Yes                       ;
; GPIO_0_out_zero_value[14] ; 3.3-V LVTTL  ; 0 s                 ; 0 s                 ; 3.08 V                       ; 7.5e-07 V                    ; 3.11 V              ; -0.0503 V           ; 0.122 V                              ; 0.172 V                              ; 7.08e-10 s                  ; 6.43e-10 s                  ; Yes                        ; Yes                        ; 3.08 V                      ; 7.5e-07 V                   ; 3.11 V             ; -0.0503 V          ; 0.122 V                             ; 0.172 V                             ; 7.08e-10 s                 ; 6.43e-10 s                 ; Yes                       ; Yes                       ;
; GPIO_0_out_zero_value[15] ; 3.3-V LVTTL  ; 0 s                 ; 0 s                 ; 3.08 V                       ; 7.5e-07 V                    ; 3.11 V              ; -0.0503 V           ; 0.122 V                              ; 0.172 V                              ; 7.08e-10 s                  ; 6.43e-10 s                  ; Yes                        ; Yes                        ; 3.08 V                      ; 7.5e-07 V                   ; 3.11 V             ; -0.0503 V          ; 0.122 V                             ; 0.172 V                             ; 7.08e-10 s                 ; 6.43e-10 s                 ; Yes                       ; Yes                       ;
; GPIO_0_out_zero_value[16] ; 3.3-V LVTTL  ; 0 s                 ; 0 s                 ; 3.08 V                       ; 7.5e-07 V                    ; 3.11 V              ; -0.0503 V           ; 0.122 V                              ; 0.172 V                              ; 7.08e-10 s                  ; 6.43e-10 s                  ; Yes                        ; Yes                        ; 3.08 V                      ; 7.5e-07 V                   ; 3.11 V             ; -0.0503 V          ; 0.122 V                             ; 0.172 V                             ; 7.08e-10 s                 ; 6.43e-10 s                 ; Yes                       ; Yes                       ;
; GPIO_1_out_zero_value[0]  ; 3.3-V LVTTL  ; 0 s                 ; 0 s                 ; 3.08 V                       ; 5.04e-07 V                   ; 3.11 V              ; -0.0469 V           ; 0.191 V                              ; 0.215 V                              ; 1.08e-09 s                  ; 8.62e-10 s                  ; Yes                        ; No                         ; 3.08 V                      ; 5.04e-07 V                  ; 3.11 V             ; -0.0469 V          ; 0.191 V                             ; 0.215 V                             ; 1.08e-09 s                 ; 8.62e-10 s                 ; Yes                       ; No                        ;
; GPIO_1_out_zero_value[1]  ; 3.3-V LVTTL  ; 0 s                 ; 0 s                 ; 3.08 V                       ; 7.5e-07 V                    ; 3.11 V              ; -0.0503 V           ; 0.122 V                              ; 0.172 V                              ; 7.08e-10 s                  ; 6.43e-10 s                  ; Yes                        ; Yes                        ; 3.08 V                      ; 7.5e-07 V                   ; 3.11 V             ; -0.0503 V          ; 0.122 V                             ; 0.172 V                             ; 7.08e-10 s                 ; 6.43e-10 s                 ; Yes                       ; Yes                       ;
; GPIO_1_out_zero_value[2]  ; 3.3-V LVTTL  ; 0 s                 ; 0 s                 ; 3.08 V                       ; 7.5e-07 V                    ; 3.11 V              ; -0.0503 V           ; 0.122 V                              ; 0.172 V                              ; 7.08e-10 s                  ; 6.43e-10 s                  ; Yes                        ; Yes                        ; 3.08 V                      ; 7.5e-07 V                   ; 3.11 V             ; -0.0503 V          ; 0.122 V                             ; 0.172 V                             ; 7.08e-10 s                 ; 6.43e-10 s                 ; Yes                       ; Yes                       ;
; GPIO_1_out_zero_value[3]  ; 3.3-V LVTTL  ; 0 s                 ; 0 s                 ; 3.08 V                       ; 7.5e-07 V                    ; 3.11 V              ; -0.0503 V           ; 0.122 V                              ; 0.172 V                              ; 7.08e-10 s                  ; 6.43e-10 s                  ; Yes                        ; Yes                        ; 3.08 V                      ; 7.5e-07 V                   ; 3.11 V             ; -0.0503 V          ; 0.122 V                             ; 0.172 V                             ; 7.08e-10 s                 ; 6.43e-10 s                 ; Yes                       ; Yes                       ;
; GPIO_1_out_zero_value[4]  ; 3.3-V LVTTL  ; 0 s                 ; 0 s                 ; 3.08 V                       ; 7.5e-07 V                    ; 3.11 V              ; -0.0503 V           ; 0.122 V                              ; 0.172 V                              ; 7.08e-10 s                  ; 6.43e-10 s                  ; Yes                        ; Yes                        ; 3.08 V                      ; 7.5e-07 V                   ; 3.11 V             ; -0.0503 V          ; 0.122 V                             ; 0.172 V                             ; 7.08e-10 s                 ; 6.43e-10 s                 ; Yes                       ; Yes                       ;
; GPIO_1_out_zero_value[5]  ; 3.3-V LVTTL  ; 0 s                 ; 0 s                 ; 3.08 V                       ; 7.5e-07 V                    ; 3.11 V              ; -0.0503 V           ; 0.122 V                              ; 0.172 V                              ; 7.08e-10 s                  ; 6.43e-10 s                  ; Yes                        ; Yes                        ; 3.08 V                      ; 7.5e-07 V                   ; 3.11 V             ; -0.0503 V          ; 0.122 V                             ; 0.172 V                             ; 7.08e-10 s                 ; 6.43e-10 s                 ; Yes                       ; Yes                       ;
; GPIO_1_out_zero_value[6]  ; 3.3-V LVTTL  ; 0 s                 ; 0 s                 ; 3.08 V                       ; 7.5e-07 V                    ; 3.11 V              ; -0.0503 V           ; 0.122 V                              ; 0.172 V                              ; 7.08e-10 s                  ; 6.43e-10 s                  ; Yes                        ; Yes                        ; 3.08 V                      ; 7.5e-07 V                   ; 3.11 V             ; -0.0503 V          ; 0.122 V                             ; 0.172 V                             ; 7.08e-10 s                 ; 6.43e-10 s                 ; Yes                       ; Yes                       ;
; GPIO_1_out_zero_value[7]  ; 3.3-V LVTTL  ; 0 s                 ; 0 s                 ; 3.08 V                       ; 7.5e-07 V                    ; 3.11 V              ; -0.0503 V           ; 0.122 V                              ; 0.172 V                              ; 7.08e-10 s                  ; 6.43e-10 s                  ; Yes                        ; Yes                        ; 3.08 V                      ; 7.5e-07 V                   ; 3.11 V             ; -0.0503 V          ; 0.122 V                             ; 0.172 V                             ; 7.08e-10 s                 ; 6.43e-10 s                 ; Yes                       ; Yes                       ;
; GPIO_1_out_zero_value[8]  ; 3.3-V LVTTL  ; 0 s                 ; 0 s                 ; 3.08 V                       ; 7.5e-07 V                    ; 3.11 V              ; -0.0503 V           ; 0.122 V                              ; 0.172 V                              ; 7.08e-10 s                  ; 6.43e-10 s                  ; Yes                        ; Yes                        ; 3.08 V                      ; 7.5e-07 V                   ; 3.11 V             ; -0.0503 V          ; 0.122 V                             ; 0.172 V                             ; 7.08e-10 s                 ; 6.43e-10 s                 ; Yes                       ; Yes                       ;
; GPIO_1_out_zero_value[9]  ; 3.3-V LVTTL  ; 0 s                 ; 0 s                 ; 3.08 V                       ; 7.5e-07 V                    ; 3.11 V              ; -0.0503 V           ; 0.122 V                              ; 0.172 V                              ; 7.08e-10 s                  ; 6.43e-10 s                  ; Yes                        ; Yes                        ; 3.08 V                      ; 7.5e-07 V                   ; 3.11 V             ; -0.0503 V          ; 0.122 V                             ; 0.172 V                             ; 7.08e-10 s                 ; 6.43e-10 s                 ; Yes                       ; Yes                       ;
; GPIO_1_out_zero_value[10] ; 3.3-V LVTTL  ; 0 s                 ; 0 s                 ; 3.08 V                       ; 7.5e-07 V                    ; 3.11 V              ; -0.0503 V           ; 0.122 V                              ; 0.172 V                              ; 7.08e-10 s                  ; 6.43e-10 s                  ; Yes                        ; Yes                        ; 3.08 V                      ; 7.5e-07 V                   ; 3.11 V             ; -0.0503 V          ; 0.122 V                             ; 0.172 V                             ; 7.08e-10 s                 ; 6.43e-10 s                 ; Yes                       ; Yes                       ;
; GPIO_1_out_zero_value[11] ; 3.3-V LVTTL  ; 0 s                 ; 0 s                 ; 3.08 V                       ; 7.5e-07 V                    ; 3.11 V              ; -0.0503 V           ; 0.122 V                              ; 0.172 V                              ; 7.08e-10 s                  ; 6.43e-10 s                  ; Yes                        ; Yes                        ; 3.08 V                      ; 7.5e-07 V                   ; 3.11 V             ; -0.0503 V          ; 0.122 V                             ; 0.172 V                             ; 7.08e-10 s                 ; 6.43e-10 s                 ; Yes                       ; Yes                       ;
; GPIO_1_out_zero_value[12] ; 3.3-V LVTTL  ; 0 s                 ; 0 s                 ; 3.08 V                       ; 7.5e-07 V                    ; 3.11 V              ; -0.0503 V           ; 0.122 V                              ; 0.172 V                              ; 7.08e-10 s                  ; 6.43e-10 s                  ; Yes                        ; Yes                        ; 3.08 V                      ; 7.5e-07 V                   ; 3.11 V             ; -0.0503 V          ; 0.122 V                             ; 0.172 V                             ; 7.08e-10 s                 ; 6.43e-10 s                 ; Yes                       ; Yes                       ;
; GPIO_1_out_zero_value[13] ; 3.3-V LVTTL  ; 0 s                 ; 0 s                 ; 3.08 V                       ; 7.5e-07 V                    ; 3.11 V              ; -0.0503 V           ; 0.122 V                              ; 0.172 V                              ; 7.08e-10 s                  ; 6.43e-10 s                  ; Yes                        ; Yes                        ; 3.08 V                      ; 7.5e-07 V                   ; 3.11 V             ; -0.0503 V          ; 0.122 V                             ; 0.172 V                             ; 7.08e-10 s                 ; 6.43e-10 s                 ; Yes                       ; Yes                       ;
; GPIO_1_out_zero_value[14] ; 3.3-V LVTTL  ; 0 s                 ; 0 s                 ; 3.08 V                       ; 7.5e-07 V                    ; 3.11 V              ; -0.0503 V           ; 0.122 V                              ; 0.172 V                              ; 7.08e-10 s                  ; 6.43e-10 s                  ; Yes                        ; Yes                        ; 3.08 V                      ; 7.5e-07 V                   ; 3.11 V             ; -0.0503 V          ; 0.122 V                             ; 0.172 V                             ; 7.08e-10 s                 ; 6.43e-10 s                 ; Yes                       ; Yes                       ;
; GPIO_1_out_zero_value[15] ; 3.3-V LVTTL  ; 0 s                 ; 0 s                 ; 3.08 V                       ; 7.5e-07 V                    ; 3.11 V              ; -0.0503 V           ; 0.122 V                              ; 0.172 V                              ; 7.08e-10 s                  ; 6.43e-10 s                  ; Yes                        ; Yes                        ; 3.08 V                      ; 7.5e-07 V                   ; 3.11 V             ; -0.0503 V          ; 0.122 V                             ; 0.172 V                             ; 7.08e-10 s                 ; 6.43e-10 s                 ; Yes                       ; Yes                       ;
; GPIO_1_out_zero_value[16] ; 3.3-V LVTTL  ; 0 s                 ; 0 s                 ; 3.08 V                       ; 7.5e-07 V                    ; 3.11 V              ; -0.0503 V           ; 0.122 V                              ; 0.172 V                              ; 7.08e-10 s                  ; 6.43e-10 s                  ; Yes                        ; Yes                        ; 3.08 V                      ; 7.5e-07 V                   ; 3.11 V             ; -0.0503 V          ; 0.122 V                             ; 0.172 V                             ; 7.08e-10 s                 ; 6.43e-10 s                 ; Yes                       ; Yes                       ;
; ~ALTERA_DCLK~             ; 3.3-V LVTTL  ; 0 s                 ; 0 s                 ; 3.08 V                       ; 2.6e-07 V                    ; 3.13 V              ; -0.103 V            ; 0.164 V                              ; 0.134 V                              ; 3.14e-10 s                  ; 4.05e-10 s                  ; Yes                        ; No                         ; 3.08 V                      ; 2.6e-07 V                   ; 3.13 V             ; -0.103 V           ; 0.164 V                             ; 0.134 V                             ; 3.14e-10 s                 ; 4.05e-10 s                 ; Yes                       ; No                        ;
+---------------------------+--------------+---------------------+---------------------+------------------------------+------------------------------+---------------------+---------------------+--------------------------------------+--------------------------------------+-----------------------------+-----------------------------+----------------------------+----------------------------+-----------------------------+-----------------------------+--------------------+--------------------+-------------------------------------+-------------------------------------+----------------------------+----------------------------+---------------------------+---------------------------+


+--------------------------------------------------------------------------------------------------------------------------------------------------------------------------------------------------------------------------------------------------------------------------------------------------------------------------------------------------------------------------------------------------------------------------------------------------------------------------------------------------------------------------------------------------------------------------------------------------------------------------------------------------------------------------------------------------------+
; Signal Integrity Metrics (Fast 1200mv 0c Model)                                                                                                                                                                                                                                                                                                                                                                                                                                                                                                                                                                                                                                                        ;
+---------------------------+--------------+---------------------+---------------------+------------------------------+------------------------------+---------------------+---------------------+--------------------------------------+--------------------------------------+-----------------------------+-----------------------------+----------------------------+----------------------------+-----------------------------+-----------------------------+--------------------+--------------------+-------------------------------------+-------------------------------------+----------------------------+----------------------------+---------------------------+---------------------------+
; Pin                       ; I/O Standard ; Board Delay on Rise ; Board Delay on Fall ; Steady State Voh at FPGA Pin ; Steady State Vol at FPGA Pin ; Voh Max at FPGA Pin ; Vol Min at FPGA Pin ; Ringback Voltage on Rise at FPGA Pin ; Ringback Voltage on Fall at FPGA Pin ; 10-90 Rise Time at FPGA Pin ; 90-10 Fall Time at FPGA Pin ; Monotonic Rise at FPGA Pin ; Monotonic Fall at FPGA Pin ; Steady State Voh at Far-end ; Steady State Vol at Far-end ; Voh Max at Far-end ; Vol Min at Far-end ; Ringback Voltage on Rise at Far-end ; Ringback Voltage on Fall at Far-end ; 10-90 Rise Time at Far-end ; 90-10 Fall Time at Far-end ; Monotonic Rise at Far-end ; Monotonic Fall at Far-end ;
+---------------------------+--------------+---------------------+---------------------+------------------------------+------------------------------+---------------------+---------------------+--------------------------------------+--------------------------------------+-----------------------------+-----------------------------+----------------------------+----------------------------+-----------------------------+-----------------------------+--------------------+--------------------+-------------------------------------+-------------------------------------+----------------------------+----------------------------+---------------------------+---------------------------+
; LED[0]                    ; 3.3-V LVTTL  ; 0 s                 ; 0 s                 ; 3.46 V                       ; 1.85e-07 V                   ; 3.57 V              ; -0.141 V            ; 0.301 V                              ; 0.239 V                              ; 4.61e-10 s                  ; 4.2e-10 s                   ; No                         ; No                         ; 3.46 V                      ; 1.85e-07 V                  ; 3.57 V             ; -0.141 V           ; 0.301 V                             ; 0.239 V                             ; 4.61e-10 s                 ; 4.2e-10 s                  ; No                        ; No                        ;
; LED[1]                    ; 3.3-V LVTTL  ; 0 s                 ; 0 s                 ; 3.46 V                       ; 1.85e-07 V                   ; 3.57 V              ; -0.141 V            ; 0.301 V                              ; 0.239 V                              ; 4.61e-10 s                  ; 4.2e-10 s                   ; No                         ; No                         ; 3.46 V                      ; 1.85e-07 V                  ; 3.57 V             ; -0.141 V           ; 0.301 V                             ; 0.239 V                             ; 4.61e-10 s                 ; 4.2e-10 s                  ; No                        ; No                        ;
; LED[2]                    ; 3.3-V LVTTL  ; 0 s                 ; 0 s                 ; 3.46 V                       ; 1.85e-07 V                   ; 3.57 V              ; -0.141 V            ; 0.301 V                              ; 0.239 V                              ; 4.61e-10 s                  ; 4.2e-10 s                   ; No                         ; No                         ; 3.46 V                      ; 1.85e-07 V                  ; 3.57 V             ; -0.141 V           ; 0.301 V                             ; 0.239 V                             ; 4.61e-10 s                 ; 4.2e-10 s                  ; No                        ; No                        ;
; LED[3]                    ; 3.3-V LVTTL  ; 0 s                 ; 0 s                 ; 3.46 V                       ; 1.85e-07 V                   ; 3.57 V              ; -0.141 V            ; 0.301 V                              ; 0.239 V                              ; 4.61e-10 s                  ; 4.2e-10 s                   ; No                         ; No                         ; 3.46 V                      ; 1.85e-07 V                  ; 3.57 V             ; -0.141 V           ; 0.301 V                             ; 0.239 V                             ; 4.61e-10 s                 ; 4.2e-10 s                  ; No                        ; No                        ;
; SEG_DATA[0]               ; 3.3-V LVTTL  ; 0 s                 ; 0 s                 ; 3.46 V                       ; 1.25e-07 V                   ; 3.57 V              ; -0.0855 V           ; 0.315 V                              ; 0.175 V                              ; 6.79e-10 s                  ; 6.15e-10 s                  ; No                         ; No                         ; 3.46 V                      ; 1.25e-07 V                  ; 3.57 V             ; -0.0855 V          ; 0.315 V                             ; 0.175 V                             ; 6.79e-10 s                 ; 6.15e-10 s                 ; No                        ; No                        ;
; SEG_DATA[1]               ; 3.3-V LVTTL  ; 0 s                 ; 0 s                 ; 3.46 V                       ; 1.25e-07 V                   ; 3.57 V              ; -0.0855 V           ; 0.315 V                              ; 0.175 V                              ; 6.79e-10 s                  ; 6.15e-10 s                  ; No                         ; No                         ; 3.46 V                      ; 1.25e-07 V                  ; 3.57 V             ; -0.0855 V          ; 0.315 V                             ; 0.175 V                             ; 6.79e-10 s                 ; 6.15e-10 s                 ; No                        ; No                        ;
; SEG_DATA[2]               ; 3.3-V LVTTL  ; 0 s                 ; 0 s                 ; 3.46 V                       ; 1.85e-07 V                   ; 3.57 V              ; -0.141 V            ; 0.301 V                              ; 0.239 V                              ; 4.61e-10 s                  ; 4.2e-10 s                   ; No                         ; No                         ; 3.46 V                      ; 1.85e-07 V                  ; 3.57 V             ; -0.141 V           ; 0.301 V                             ; 0.239 V                             ; 4.61e-10 s                 ; 4.2e-10 s                  ; No                        ; No                        ;
; SEG_DATA[3]               ; 3.3-V LVTTL  ; 0 s                 ; 0 s                 ; 3.46 V                       ; 1.25e-07 V                   ; 3.6 V               ; -0.127 V            ; 0.302 V                              ; 0.21 V                               ; 4.55e-10 s                  ; 4.11e-10 s                  ; No                         ; No                         ; 3.46 V                      ; 1.25e-07 V                  ; 3.6 V              ; -0.127 V           ; 0.302 V                             ; 0.21 V                              ; 4.55e-10 s                 ; 4.11e-10 s                 ; No                        ; No                        ;
; SEG_DATA[4]               ; 3.3-V LVTTL  ; 0 s                 ; 0 s                 ; 3.46 V                       ; 1.85e-07 V                   ; 3.57 V              ; -0.141 V            ; 0.301 V                              ; 0.239 V                              ; 4.61e-10 s                  ; 4.2e-10 s                   ; No                         ; No                         ; 3.46 V                      ; 1.85e-07 V                  ; 3.57 V             ; -0.141 V           ; 0.301 V                             ; 0.239 V                             ; 4.61e-10 s                 ; 4.2e-10 s                  ; No                        ; No                        ;
; SEG_DATA[5]               ; 3.3-V LVTTL  ; 0 s                 ; 0 s                 ; 3.46 V                       ; 1.25e-07 V                   ; 3.57 V              ; -0.0855 V           ; 0.315 V                              ; 0.175 V                              ; 6.79e-10 s                  ; 6.15e-10 s                  ; No                         ; No                         ; 3.46 V                      ; 1.25e-07 V                  ; 3.57 V             ; -0.0855 V          ; 0.315 V                             ; 0.175 V                             ; 6.79e-10 s                 ; 6.15e-10 s                 ; No                        ; No                        ;
; SEG_DATA[6]               ; 3.3-V LVTTL  ; 0 s                 ; 0 s                 ; 3.46 V                       ; 1.25e-07 V                   ; 3.57 V              ; -0.0855 V           ; 0.315 V                              ; 0.175 V                              ; 6.79e-10 s                  ; 6.15e-10 s                  ; No                         ; No                         ; 3.46 V                      ; 1.25e-07 V                  ; 3.57 V             ; -0.0855 V          ; 0.315 V                             ; 0.175 V                             ; 6.79e-10 s                 ; 6.15e-10 s                 ; No                        ; No                        ;
; SEG_DATA[7]               ; 3.3-V LVTTL  ; 0 s                 ; 0 s                 ; 3.46 V                       ; 1.85e-07 V                   ; 3.57 V              ; -0.141 V            ; 0.301 V                              ; 0.239 V                              ; 4.61e-10 s                  ; 4.2e-10 s                   ; No                         ; No                         ; 3.46 V                      ; 1.85e-07 V                  ; 3.57 V             ; -0.141 V           ; 0.301 V                             ; 0.239 V                             ; 4.61e-10 s                 ; 4.2e-10 s                  ; No                        ; No                        ;
; SEG_SEL[0]                ; 3.3-V LVTTL  ; 0 s                 ; 0 s                 ; 3.46 V                       ; 1.25e-07 V                   ; 3.57 V              ; -0.0855 V           ; 0.315 V                              ; 0.175 V                              ; 6.79e-10 s                  ; 6.15e-10 s                  ; No                         ; No                         ; 3.46 V                      ; 1.25e-07 V                  ; 3.57 V             ; -0.0855 V          ; 0.315 V                             ; 0.175 V                             ; 6.79e-10 s                 ; 6.15e-10 s                 ; No                        ; No                        ;
; SEG_SEL[1]                ; 3.3-V LVTTL  ; 0 s                 ; 0 s                 ; 3.46 V                       ; 1.85e-07 V                   ; 3.57 V              ; -0.141 V            ; 0.301 V                              ; 0.239 V                              ; 4.61e-10 s                  ; 4.2e-10 s                   ; No                         ; No                         ; 3.46 V                      ; 1.85e-07 V                  ; 3.57 V             ; -0.141 V           ; 0.301 V                             ; 0.239 V                             ; 4.61e-10 s                 ; 4.2e-10 s                  ; No                        ; No                        ;
; SEG_SEL[2]                ; 3.3-V LVTTL  ; 0 s                 ; 0 s                 ; 3.46 V                       ; 1.85e-07 V                   ; 3.57 V              ; -0.141 V            ; 0.301 V                              ; 0.239 V                              ; 4.61e-10 s                  ; 4.2e-10 s                   ; No                         ; No                         ; 3.46 V                      ; 1.85e-07 V                  ; 3.57 V             ; -0.141 V           ; 0.301 V                             ; 0.239 V                             ; 4.61e-10 s                 ; 4.2e-10 s                  ; No                        ; No                        ;
; SEG_SEL[3]                ; 3.3-V LVTTL  ; 0 s                 ; 0 s                 ; 3.46 V                       ; 1.85e-07 V                   ; 3.48 V              ; -0.0173 V           ; 0.356 V                              ; 0.324 V                              ; 3.89e-09 s                  ; 3.06e-09 s                  ; No                         ; No                         ; 3.46 V                      ; 1.85e-07 V                  ; 3.48 V             ; -0.0173 V          ; 0.356 V                             ; 0.324 V                             ; 3.89e-09 s                 ; 3.06e-09 s                 ; No                        ; No                        ;
; SEG_SEL[4]                ; 3.3-V LVTTL  ; 0 s                 ; 0 s                 ; 3.46 V                       ; 1.85e-07 V                   ; 3.57 V              ; -0.141 V            ; 0.301 V                              ; 0.239 V                              ; 4.61e-10 s                  ; 4.2e-10 s                   ; No                         ; No                         ; 3.46 V                      ; 1.85e-07 V                  ; 3.57 V             ; -0.141 V           ; 0.301 V                             ; 0.239 V                             ; 4.61e-10 s                 ; 4.2e-10 s                  ; No                        ; No                        ;
; SEG_SEL[5]                ; 3.3-V LVTTL  ; 0 s                 ; 0 s                 ; 3.46 V                       ; 1.85e-07 V                   ; 3.57 V              ; -0.141 V            ; 0.301 V                              ; 0.239 V                              ; 4.61e-10 s                  ; 4.2e-10 s                   ; No                         ; No                         ; 3.46 V                      ; 1.85e-07 V                  ; 3.57 V             ; -0.141 V           ; 0.301 V                             ; 0.239 V                             ; 4.61e-10 s                 ; 4.2e-10 s                  ; No                        ; No                        ;
; SEG_SEL[6]                ; 3.3-V LVTTL  ; 0 s                 ; 0 s                 ; 3.46 V                       ; 1.85e-07 V                   ; 3.57 V              ; -0.141 V            ; 0.301 V                              ; 0.239 V                              ; 4.61e-10 s                  ; 4.2e-10 s                   ; No                         ; No                         ; 3.46 V                      ; 1.85e-07 V                  ; 3.57 V             ; -0.141 V           ; 0.301 V                             ; 0.239 V                             ; 4.61e-10 s                 ; 4.2e-10 s                  ; No                        ; No                        ;
; SEG_SEL[7]                ; 3.3-V LVTTL  ; 0 s                 ; 0 s                 ; 3.46 V                       ; 1.85e-07 V                   ; 3.57 V              ; -0.141 V            ; 0.301 V                              ; 0.239 V                              ; 4.61e-10 s                  ; 4.2e-10 s                   ; No                         ; No                         ; 3.46 V                      ; 1.85e-07 V                  ; 3.57 V             ; -0.141 V           ; 0.301 V                             ; 0.239 V                             ; 4.61e-10 s                 ; 4.2e-10 s                  ; No                        ; No                        ;
; GPIO_0_out_zero_value[0]  ; 3.3-V LVTTL  ; 0 s                 ; 0 s                 ; 3.46 V                       ; 1.25e-07 V                   ; 3.57 V              ; -0.0855 V           ; 0.315 V                              ; 0.175 V                              ; 6.79e-10 s                  ; 6.15e-10 s                  ; No                         ; No                         ; 3.46 V                      ; 1.25e-07 V                  ; 3.57 V             ; -0.0855 V          ; 0.315 V                             ; 0.175 V                             ; 6.79e-10 s                 ; 6.15e-10 s                 ; No                        ; No                        ;
; GPIO_0_out_zero_value[1]  ; 3.3-V LVTTL  ; 0 s                 ; 0 s                 ; 3.46 V                       ; 1.25e-07 V                   ; 3.57 V              ; -0.0855 V           ; 0.315 V                              ; 0.175 V                              ; 6.79e-10 s                  ; 6.15e-10 s                  ; No                         ; No                         ; 3.46 V                      ; 1.25e-07 V                  ; 3.57 V             ; -0.0855 V          ; 0.315 V                             ; 0.175 V                             ; 6.79e-10 s                 ; 6.15e-10 s                 ; No                        ; No                        ;
; GPIO_0_out_zero_value[2]  ; 3.3-V LVTTL  ; 0 s                 ; 0 s                 ; 3.46 V                       ; 1.85e-07 V                   ; 3.57 V              ; -0.141 V            ; 0.301 V                              ; 0.239 V                              ; 4.61e-10 s                  ; 4.2e-10 s                   ; No                         ; No                         ; 3.46 V                      ; 1.85e-07 V                  ; 3.57 V             ; -0.141 V           ; 0.301 V                             ; 0.239 V                             ; 4.61e-10 s                 ; 4.2e-10 s                  ; No                        ; No                        ;
; GPIO_0_out_zero_value[3]  ; 3.3-V LVTTL  ; 0 s                 ; 0 s                 ; 3.46 V                       ; 1.85e-07 V                   ; 3.57 V              ; -0.141 V            ; 0.301 V                              ; 0.239 V                              ; 4.61e-10 s                  ; 4.2e-10 s                   ; No                         ; No                         ; 3.46 V                      ; 1.85e-07 V                  ; 3.57 V             ; -0.141 V           ; 0.301 V                             ; 0.239 V                             ; 4.61e-10 s                 ; 4.2e-10 s                  ; No                        ; No                        ;
; GPIO_0_out_zero_value[4]  ; 3.3-V LVTTL  ; 0 s                 ; 0 s                 ; 3.46 V                       ; 1.85e-07 V                   ; 3.57 V              ; -0.141 V            ; 0.301 V                              ; 0.239 V                              ; 4.61e-10 s                  ; 4.2e-10 s                   ; No                         ; No                         ; 3.46 V                      ; 1.85e-07 V                  ; 3.57 V             ; -0.141 V           ; 0.301 V                             ; 0.239 V                             ; 4.61e-10 s                 ; 4.2e-10 s                  ; No                        ; No                        ;
; GPIO_0_out_zero_value[5]  ; 3.3-V LVTTL  ; 0 s                 ; 0 s                 ; 3.46 V                       ; 1.85e-07 V                   ; 3.57 V              ; -0.141 V            ; 0.301 V                              ; 0.239 V                              ; 4.61e-10 s                  ; 4.2e-10 s                   ; No                         ; No                         ; 3.46 V                      ; 1.85e-07 V                  ; 3.57 V             ; -0.141 V           ; 0.301 V                             ; 0.239 V                             ; 4.61e-10 s                 ; 4.2e-10 s                  ; No                        ; No                        ;
; GPIO_0_out_zero_value[6]  ; 3.3-V LVTTL  ; 0 s                 ; 0 s                 ; 3.46 V                       ; 1.85e-07 V                   ; 3.57 V              ; -0.141 V            ; 0.301 V                              ; 0.239 V                              ; 4.61e-10 s                  ; 4.2e-10 s                   ; No                         ; No                         ; 3.46 V                      ; 1.85e-07 V                  ; 3.57 V             ; -0.141 V           ; 0.301 V                             ; 0.239 V                             ; 4.61e-10 s                 ; 4.2e-10 s                  ; No                        ; No                        ;
; GPIO_0_out_zero_value[7]  ; 3.3-V LVTTL  ; 0 s                 ; 0 s                 ; 3.46 V                       ; 1.85e-07 V                   ; 3.57 V              ; -0.141 V            ; 0.301 V                              ; 0.239 V                              ; 4.61e-10 s                  ; 4.2e-10 s                   ; No                         ; No                         ; 3.46 V                      ; 1.85e-07 V                  ; 3.57 V             ; -0.141 V           ; 0.301 V                             ; 0.239 V                             ; 4.61e-10 s                 ; 4.2e-10 s                  ; No                        ; No                        ;
; GPIO_0_out_zero_value[8]  ; 3.3-V LVTTL  ; 0 s                 ; 0 s                 ; 3.46 V                       ; 1.85e-07 V                   ; 3.57 V              ; -0.141 V            ; 0.301 V                              ; 0.239 V                              ; 4.61e-10 s                  ; 4.2e-10 s                   ; No                         ; No                         ; 3.46 V                      ; 1.85e-07 V                  ; 3.57 V             ; -0.141 V           ; 0.301 V                             ; 0.239 V                             ; 4.61e-10 s                 ; 4.2e-10 s                  ; No                        ; No                        ;
; GPIO_0_out_zero_value[9]  ; 3.3-V LVTTL  ; 0 s                 ; 0 s                 ; 3.46 V                       ; 1.85e-07 V                   ; 3.57 V              ; -0.141 V            ; 0.301 V                              ; 0.239 V                              ; 4.61e-10 s                  ; 4.2e-10 s                   ; No                         ; No                         ; 3.46 V                      ; 1.85e-07 V                  ; 3.57 V             ; -0.141 V           ; 0.301 V                             ; 0.239 V                             ; 4.61e-10 s                 ; 4.2e-10 s                  ; No                        ; No                        ;
; GPIO_0_out_zero_value[10] ; 3.3-V LVTTL  ; 0 s                 ; 0 s                 ; 3.46 V                       ; 1.85e-07 V                   ; 3.57 V              ; -0.141 V            ; 0.301 V                              ; 0.239 V                              ; 4.61e-10 s                  ; 4.2e-10 s                   ; No                         ; No                         ; 3.46 V                      ; 1.85e-07 V                  ; 3.57 V             ; -0.141 V           ; 0.301 V                             ; 0.239 V                             ; 4.61e-10 s                 ; 4.2e-10 s                  ; No                        ; No                        ;
; GPIO_0_out_zero_value[11] ; 3.3-V LVTTL  ; 0 s                 ; 0 s                 ; 3.46 V                       ; 1.85e-07 V                   ; 3.57 V              ; -0.141 V            ; 0.301 V                              ; 0.239 V                              ; 4.61e-10 s                  ; 4.2e-10 s                   ; No                         ; No                         ; 3.46 V                      ; 1.85e-07 V                  ; 3.57 V             ; -0.141 V           ; 0.301 V                             ; 0.239 V                             ; 4.61e-10 s                 ; 4.2e-10 s                  ; No                        ; No                        ;
; GPIO_0_out_zero_value[12] ; 3.3-V LVTTL  ; 0 s                 ; 0 s                 ; 3.46 V                       ; 1.85e-07 V                   ; 3.57 V              ; -0.141 V            ; 0.301 V                              ; 0.239 V                              ; 4.61e-10 s                  ; 4.2e-10 s                   ; No                         ; No                         ; 3.46 V                      ; 1.85e-07 V                  ; 3.57 V             ; -0.141 V           ; 0.301 V                             ; 0.239 V                             ; 4.61e-10 s                 ; 4.2e-10 s                  ; No                        ; No                        ;
; GPIO_0_out_zero_value[13] ; 3.3-V LVTTL  ; 0 s                 ; 0 s                 ; 3.46 V                       ; 1.85e-07 V                   ; 3.57 V              ; -0.141 V            ; 0.301 V                              ; 0.239 V                              ; 4.61e-10 s                  ; 4.2e-10 s                   ; No                         ; No                         ; 3.46 V                      ; 1.85e-07 V                  ; 3.57 V             ; -0.141 V           ; 0.301 V                             ; 0.239 V                             ; 4.61e-10 s                 ; 4.2e-10 s                  ; No                        ; No                        ;
; GPIO_0_out_zero_value[14] ; 3.3-V LVTTL  ; 0 s                 ; 0 s                 ; 3.46 V                       ; 1.85e-07 V                   ; 3.57 V              ; -0.141 V            ; 0.301 V                              ; 0.239 V                              ; 4.61e-10 s                  ; 4.2e-10 s                   ; No                         ; No                         ; 3.46 V                      ; 1.85e-07 V                  ; 3.57 V             ; -0.141 V           ; 0.301 V                             ; 0.239 V                             ; 4.61e-10 s                 ; 4.2e-10 s                  ; No                        ; No                        ;
; GPIO_0_out_zero_value[15] ; 3.3-V LVTTL  ; 0 s                 ; 0 s                 ; 3.46 V                       ; 1.85e-07 V                   ; 3.57 V              ; -0.141 V            ; 0.301 V                              ; 0.239 V                              ; 4.61e-10 s                  ; 4.2e-10 s                   ; No                         ; No                         ; 3.46 V                      ; 1.85e-07 V                  ; 3.57 V             ; -0.141 V           ; 0.301 V                             ; 0.239 V                             ; 4.61e-10 s                 ; 4.2e-10 s                  ; No                        ; No                        ;
; GPIO_0_out_zero_value[16] ; 3.3-V LVTTL  ; 0 s                 ; 0 s                 ; 3.46 V                       ; 1.85e-07 V                   ; 3.57 V              ; -0.141 V            ; 0.301 V                              ; 0.239 V                              ; 4.61e-10 s                  ; 4.2e-10 s                   ; No                         ; No                         ; 3.46 V                      ; 1.85e-07 V                  ; 3.57 V             ; -0.141 V           ; 0.301 V                             ; 0.239 V                             ; 4.61e-10 s                 ; 4.2e-10 s                  ; No                        ; No                        ;
; GPIO_1_out_zero_value[0]  ; 3.3-V LVTTL  ; 0 s                 ; 0 s                 ; 3.46 V                       ; 1.25e-07 V                   ; 3.57 V              ; -0.0855 V           ; 0.315 V                              ; 0.175 V                              ; 6.79e-10 s                  ; 6.15e-10 s                  ; No                         ; No                         ; 3.46 V                      ; 1.25e-07 V                  ; 3.57 V             ; -0.0855 V          ; 0.315 V                             ; 0.175 V                             ; 6.79e-10 s                 ; 6.15e-10 s                 ; No                        ; No                        ;
; GPIO_1_out_zero_value[1]  ; 3.3-V LVTTL  ; 0 s                 ; 0 s                 ; 3.46 V                       ; 1.85e-07 V                   ; 3.57 V              ; -0.141 V            ; 0.301 V                              ; 0.239 V                              ; 4.61e-10 s                  ; 4.2e-10 s                   ; No                         ; No                         ; 3.46 V                      ; 1.85e-07 V                  ; 3.57 V             ; -0.141 V           ; 0.301 V                             ; 0.239 V                             ; 4.61e-10 s                 ; 4.2e-10 s                  ; No                        ; No                        ;
; GPIO_1_out_zero_value[2]  ; 3.3-V LVTTL  ; 0 s                 ; 0 s                 ; 3.46 V                       ; 1.85e-07 V                   ; 3.57 V              ; -0.141 V            ; 0.301 V                              ; 0.239 V                              ; 4.61e-10 s                  ; 4.2e-10 s                   ; No                         ; No                         ; 3.46 V                      ; 1.85e-07 V                  ; 3.57 V             ; -0.141 V           ; 0.301 V                             ; 0.239 V                             ; 4.61e-10 s                 ; 4.2e-10 s                  ; No                        ; No                        ;
; GPIO_1_out_zero_value[3]  ; 3.3-V LVTTL  ; 0 s                 ; 0 s                 ; 3.46 V                       ; 1.85e-07 V                   ; 3.57 V              ; -0.141 V            ; 0.301 V                              ; 0.239 V                              ; 4.61e-10 s                  ; 4.2e-10 s                   ; No                         ; No                         ; 3.46 V                      ; 1.85e-07 V                  ; 3.57 V             ; -0.141 V           ; 0.301 V                             ; 0.239 V                             ; 4.61e-10 s                 ; 4.2e-10 s                  ; No                        ; No                        ;
; GPIO_1_out_zero_value[4]  ; 3.3-V LVTTL  ; 0 s                 ; 0 s                 ; 3.46 V                       ; 1.85e-07 V                   ; 3.57 V              ; -0.141 V            ; 0.301 V                              ; 0.239 V                              ; 4.61e-10 s                  ; 4.2e-10 s                   ; No                         ; No                         ; 3.46 V                      ; 1.85e-07 V                  ; 3.57 V             ; -0.141 V           ; 0.301 V                             ; 0.239 V                             ; 4.61e-10 s                 ; 4.2e-10 s                  ; No                        ; No                        ;
; GPIO_1_out_zero_value[5]  ; 3.3-V LVTTL  ; 0 s                 ; 0 s                 ; 3.46 V                       ; 1.85e-07 V                   ; 3.57 V              ; -0.141 V            ; 0.301 V                              ; 0.239 V                              ; 4.61e-10 s                  ; 4.2e-10 s                   ; No                         ; No                         ; 3.46 V                      ; 1.85e-07 V                  ; 3.57 V             ; -0.141 V           ; 0.301 V                             ; 0.239 V                             ; 4.61e-10 s                 ; 4.2e-10 s                  ; No                        ; No                        ;
; GPIO_1_out_zero_value[6]  ; 3.3-V LVTTL  ; 0 s                 ; 0 s                 ; 3.46 V                       ; 1.85e-07 V                   ; 3.57 V              ; -0.141 V            ; 0.301 V                              ; 0.239 V                              ; 4.61e-10 s                  ; 4.2e-10 s                   ; No                         ; No                         ; 3.46 V                      ; 1.85e-07 V                  ; 3.57 V             ; -0.141 V           ; 0.301 V                             ; 0.239 V                             ; 4.61e-10 s                 ; 4.2e-10 s                  ; No                        ; No                        ;
; GPIO_1_out_zero_value[7]  ; 3.3-V LVTTL  ; 0 s                 ; 0 s                 ; 3.46 V                       ; 1.85e-07 V                   ; 3.57 V              ; -0.141 V            ; 0.301 V                              ; 0.239 V                              ; 4.61e-10 s                  ; 4.2e-10 s                   ; No                         ; No                         ; 3.46 V                      ; 1.85e-07 V                  ; 3.57 V             ; -0.141 V           ; 0.301 V                             ; 0.239 V                             ; 4.61e-10 s                 ; 4.2e-10 s                  ; No                        ; No                        ;
; GPIO_1_out_zero_value[8]  ; 3.3-V LVTTL  ; 0 s                 ; 0 s                 ; 3.46 V                       ; 1.85e-07 V                   ; 3.57 V              ; -0.141 V            ; 0.301 V                              ; 0.239 V                              ; 4.61e-10 s                  ; 4.2e-10 s                   ; No                         ; No                         ; 3.46 V                      ; 1.85e-07 V                  ; 3.57 V             ; -0.141 V           ; 0.301 V                             ; 0.239 V                             ; 4.61e-10 s                 ; 4.2e-10 s                  ; No                        ; No                        ;
; GPIO_1_out_zero_value[9]  ; 3.3-V LVTTL  ; 0 s                 ; 0 s                 ; 3.46 V                       ; 1.85e-07 V                   ; 3.57 V              ; -0.141 V            ; 0.301 V                              ; 0.239 V                              ; 4.61e-10 s                  ; 4.2e-10 s                   ; No                         ; No                         ; 3.46 V                      ; 1.85e-07 V                  ; 3.57 V             ; -0.141 V           ; 0.301 V                             ; 0.239 V                             ; 4.61e-10 s                 ; 4.2e-10 s                  ; No                        ; No                        ;
; GPIO_1_out_zero_value[10] ; 3.3-V LVTTL  ; 0 s                 ; 0 s                 ; 3.46 V                       ; 1.85e-07 V                   ; 3.57 V              ; -0.141 V            ; 0.301 V                              ; 0.239 V                              ; 4.61e-10 s                  ; 4.2e-10 s                   ; No                         ; No                         ; 3.46 V                      ; 1.85e-07 V                  ; 3.57 V             ; -0.141 V           ; 0.301 V                             ; 0.239 V                             ; 4.61e-10 s                 ; 4.2e-10 s                  ; No                        ; No                        ;
; GPIO_1_out_zero_value[11] ; 3.3-V LVTTL  ; 0 s                 ; 0 s                 ; 3.46 V                       ; 1.85e-07 V                   ; 3.57 V              ; -0.141 V            ; 0.301 V                              ; 0.239 V                              ; 4.61e-10 s                  ; 4.2e-10 s                   ; No                         ; No                         ; 3.46 V                      ; 1.85e-07 V                  ; 3.57 V             ; -0.141 V           ; 0.301 V                             ; 0.239 V                             ; 4.61e-10 s                 ; 4.2e-10 s                  ; No                        ; No                        ;
; GPIO_1_out_zero_value[12] ; 3.3-V LVTTL  ; 0 s                 ; 0 s                 ; 3.46 V                       ; 1.85e-07 V                   ; 3.57 V              ; -0.141 V            ; 0.301 V                              ; 0.239 V                              ; 4.61e-10 s                  ; 4.2e-10 s                   ; No                         ; No                         ; 3.46 V                      ; 1.85e-07 V                  ; 3.57 V             ; -0.141 V           ; 0.301 V                             ; 0.239 V                             ; 4.61e-10 s                 ; 4.2e-10 s                  ; No                        ; No                        ;
; GPIO_1_out_zero_value[13] ; 3.3-V LVTTL  ; 0 s                 ; 0 s                 ; 3.46 V                       ; 1.85e-07 V                   ; 3.57 V              ; -0.141 V            ; 0.301 V                              ; 0.239 V                              ; 4.61e-10 s                  ; 4.2e-10 s                   ; No                         ; No                         ; 3.46 V                      ; 1.85e-07 V                  ; 3.57 V             ; -0.141 V           ; 0.301 V                             ; 0.239 V                             ; 4.61e-10 s                 ; 4.2e-10 s                  ; No                        ; No                        ;
; GPIO_1_out_zero_value[14] ; 3.3-V LVTTL  ; 0 s                 ; 0 s                 ; 3.46 V                       ; 1.85e-07 V                   ; 3.57 V              ; -0.141 V            ; 0.301 V                              ; 0.239 V                              ; 4.61e-10 s                  ; 4.2e-10 s                   ; No                         ; No                         ; 3.46 V                      ; 1.85e-07 V                  ; 3.57 V             ; -0.141 V           ; 0.301 V                             ; 0.239 V                             ; 4.61e-10 s                 ; 4.2e-10 s                  ; No                        ; No                        ;
; GPIO_1_out_zero_value[15] ; 3.3-V LVTTL  ; 0 s                 ; 0 s                 ; 3.46 V                       ; 1.85e-07 V                   ; 3.57 V              ; -0.141 V            ; 0.301 V                              ; 0.239 V                              ; 4.61e-10 s                  ; 4.2e-10 s                   ; No                         ; No                         ; 3.46 V                      ; 1.85e-07 V                  ; 3.57 V             ; -0.141 V           ; 0.301 V                             ; 0.239 V                             ; 4.61e-10 s                 ; 4.2e-10 s                  ; No                        ; No                        ;
; GPIO_1_out_zero_value[16] ; 3.3-V LVTTL  ; 0 s                 ; 0 s                 ; 3.46 V                       ; 1.85e-07 V                   ; 3.57 V              ; -0.141 V            ; 0.301 V                              ; 0.239 V                              ; 4.61e-10 s                  ; 4.2e-10 s                   ; No                         ; No                         ; 3.46 V                      ; 1.85e-07 V                  ; 3.57 V             ; -0.141 V           ; 0.301 V                             ; 0.239 V                             ; 4.61e-10 s                 ; 4.2e-10 s                  ; No                        ; No                        ;
; ~ALTERA_DCLK~             ; 3.3-V LVTTL  ; 0 s                 ; 0 s                 ; 3.46 V                       ; 6.54e-08 V                   ; 3.66 V              ; -0.26 V             ; 0.41 V                               ; 0.32 V                               ; 1.57e-10 s                  ; 2.15e-10 s                  ; No                         ; Yes                        ; 3.46 V                      ; 6.54e-08 V                  ; 3.66 V             ; -0.26 V            ; 0.41 V                              ; 0.32 V                              ; 1.57e-10 s                 ; 2.15e-10 s                 ; No                        ; Yes                       ;
+---------------------------+--------------+---------------------+---------------------+------------------------------+------------------------------+---------------------+---------------------+--------------------------------------+--------------------------------------+-----------------------------+-----------------------------+----------------------------+----------------------------+-----------------------------+-----------------------------+--------------------+--------------------+-------------------------------------+-------------------------------------+----------------------------+----------------------------+---------------------------+---------------------------+


+-------------------------------------------------------------------+
; Setup Transfers                                                   ;
+------------+----------+----------+----------+----------+----------+
; From Clock ; To Clock ; RR Paths ; FR Paths ; RF Paths ; FF Paths ;
+------------+----------+----------+----------+----------+----------+
; CLK        ; CLK      ; 5714     ; 0        ; 0        ; 0        ;
+------------+----------+----------+----------+----------+----------+
Entries labeled "false path" only account for clock-to-clock false paths and not path-based false paths. As a result, actual path counts may be lower than reported.


+-------------------------------------------------------------------+
; Hold Transfers                                                    ;
+------------+----------+----------+----------+----------+----------+
; From Clock ; To Clock ; RR Paths ; FR Paths ; RF Paths ; FF Paths ;
+------------+----------+----------+----------+----------+----------+
; CLK        ; CLK      ; 5714     ; 0        ; 0        ; 0        ;
+------------+----------+----------+----------+----------+----------+
Entries labeled "false path" only account for clock-to-clock false paths and not path-based false paths. As a result, actual path counts may be lower than reported.


---------------
; Report TCCS ;
---------------
No dedicated SERDES Transmitter circuitry present in device or used in design


---------------
; Report RSKM ;
---------------
No non-DPA dedicated SERDES Receiver circuitry present in device or used in design


+------------------------------------------------+
; Unconstrained Paths Summary                    ;
+---------------------------------+-------+------+
; Property                        ; Setup ; Hold ;
+---------------------------------+-------+------+
; Illegal Clocks                  ; 0     ; 0    ;
; Unconstrained Clocks            ; 0     ; 0    ;
; Unconstrained Input Ports       ; 20    ; 20   ;
; Unconstrained Input Port Paths  ; 443   ; 443  ;
; Unconstrained Output Ports      ; 19    ; 19   ;
; Unconstrained Output Port Paths ; 224   ; 224  ;
+---------------------------------+-------+------+


+-------------------------------------+
; Clock Status Summary                ;
+--------+-------+------+-------------+
; Target ; Clock ; Type ; Status      ;
+--------+-------+------+-------------+
; CLK    ; CLK   ; Base ; Constrained ;
+--------+-------+------+-------------+


+----------------------------------------------------------------------------------------------------------------+
; Unconstrained Input Ports                                                                                      ;
+-------------------------+--------------------------------------------------------------------------------------+
; Input Port              ; Comment                                                                              ;
+-------------------------+--------------------------------------------------------------------------------------+
; GPIO_0_input_pullup[0]  ; No input delay, min/max delays, false-path exceptions, or max skew assignments found ;
; GPIO_0_input_pullup[1]  ; No input delay, min/max delays, false-path exceptions, or max skew assignments found ;
; GPIO_0_input_pullup[2]  ; No input delay, min/max delays, false-path exceptions, or max skew assignments found ;
; GPIO_0_input_pullup[3]  ; No input delay, min/max delays, false-path exceptions, or max skew assignments found ;
; GPIO_0_input_pullup[4]  ; No input delay, min/max delays, false-path exceptions, or max skew assignments found ;
; GPIO_0_input_pullup[5]  ; No input delay, min/max delays, false-path exceptions, or max skew assignments found ;
; GPIO_0_input_pullup[6]  ; No input delay, min/max delays, false-path exceptions, or max skew assignments found ;
; GPIO_0_input_pullup[7]  ; No input delay, min/max delays, false-path exceptions, or max skew assignments found ;
; GPIO_0_input_pullup[8]  ; No input delay, min/max delays, false-path exceptions, or max skew assignments found ;
; GPIO_0_input_pullup[9]  ; No input delay, min/max delays, false-path exceptions, or max skew assignments found ;
; GPIO_0_input_pullup[10] ; No input delay, min/max delays, false-path exceptions, or max skew assignments found ;
; GPIO_0_input_pullup[11] ; No input delay, min/max delays, false-path exceptions, or max skew assignments found ;
; GPIO_0_input_pullup[12] ; No input delay, min/max delays, false-path exceptions, or max skew assignments found ;
; GPIO_0_input_pullup[13] ; No input delay, min/max delays, false-path exceptions, or max skew assignments found ;
; GPIO_0_input_pullup[14] ; No input delay, min/max delays, false-path exceptions, or max skew assignments found ;
; GPIO_0_input_pullup[15] ; No input delay, min/max delays, false-path exceptions, or max skew assignments found ;
; KEY2_N                  ; No input delay, min/max delays, false-path exceptions, or max skew assignments found ;
; KEY3_N                  ; No input delay, min/max delays, false-path exceptions, or max skew assignments found ;
; KEY4_N                  ; No input delay, min/max delays, false-path exceptions, or max skew assignments found ;
; RST_N                   ; No input delay, min/max delays, false-path exceptions, or max skew assignments found ;
+-------------------------+--------------------------------------------------------------------------------------+


+-----------------------------------------------------------------------------------------------------+
; Unconstrained Output Ports                                                                          ;
+-------------+---------------------------------------------------------------------------------------+
; Output Port ; Comment                                                                               ;
+-------------+---------------------------------------------------------------------------------------+
; LED[0]      ; No output delay, min/max delays, false-path exceptions, or max skew assignments found ;
; LED[1]      ; No output delay, min/max delays, false-path exceptions, or max skew assignments found ;
; LED[2]      ; No output delay, min/max delays, false-path exceptions, or max skew assignments found ;
; LED[3]      ; No output delay, min/max delays, false-path exceptions, or max skew assignments found ;
; SEG_DATA[1] ; No output delay, min/max delays, false-path exceptions, or max skew assignments found ;
; SEG_DATA[2] ; No output delay, min/max delays, false-path exceptions, or max skew assignments found ;
; SEG_DATA[3] ; No output delay, min/max delays, false-path exceptions, or max skew assignments found ;
; SEG_DATA[4] ; No output delay, min/max delays, false-path exceptions, or max skew assignments found ;
; SEG_DATA[5] ; No output delay, min/max delays, false-path exceptions, or max skew assignments found ;
; SEG_DATA[6] ; No output delay, min/max delays, false-path exceptions, or max skew assignments found ;
; SEG_DATA[7] ; No output delay, min/max delays, false-path exceptions, or max skew assignments found ;
; SEG_SEL[0]  ; No output delay, min/max delays, false-path exceptions, or max skew assignments found ;
; SEG_SEL[1]  ; No output delay, min/max delays, false-path exceptions, or max skew assignments found ;
; SEG_SEL[2]  ; No output delay, min/max delays, false-path exceptions, or max skew assignments found ;
; SEG_SEL[3]  ; No output delay, min/max delays, false-path exceptions, or max skew assignments found ;
; SEG_SEL[4]  ; No output delay, min/max delays, false-path exceptions, or max skew assignments found ;
; SEG_SEL[5]  ; No output delay, min/max delays, false-path exceptions, or max skew assignments found ;
; SEG_SEL[6]  ; No output delay, min/max delays, false-path exceptions, or max skew assignments found ;
; SEG_SEL[7]  ; No output delay, min/max delays, false-path exceptions, or max skew assignments found ;
+-------------+---------------------------------------------------------------------------------------+


+----------------------------------------------------------------------------------------------------------------+
; Unconstrained Input Ports                                                                                      ;
+-------------------------+--------------------------------------------------------------------------------------+
; Input Port              ; Comment                                                                              ;
+-------------------------+--------------------------------------------------------------------------------------+
; GPIO_0_input_pullup[0]  ; No input delay, min/max delays, false-path exceptions, or max skew assignments found ;
; GPIO_0_input_pullup[1]  ; No input delay, min/max delays, false-path exceptions, or max skew assignments found ;
; GPIO_0_input_pullup[2]  ; No input delay, min/max delays, false-path exceptions, or max skew assignments found ;
; GPIO_0_input_pullup[3]  ; No input delay, min/max delays, false-path exceptions, or max skew assignments found ;
; GPIO_0_input_pullup[4]  ; No input delay, min/max delays, false-path exceptions, or max skew assignments found ;
; GPIO_0_input_pullup[5]  ; No input delay, min/max delays, false-path exceptions, or max skew assignments found ;
; GPIO_0_input_pullup[6]  ; No input delay, min/max delays, false-path exceptions, or max skew assignments found ;
; GPIO_0_input_pullup[7]  ; No input delay, min/max delays, false-path exceptions, or max skew assignments found ;
; GPIO_0_input_pullup[8]  ; No input delay, min/max delays, false-path exceptions, or max skew assignments found ;
; GPIO_0_input_pullup[9]  ; No input delay, min/max delays, false-path exceptions, or max skew assignments found ;
; GPIO_0_input_pullup[10] ; No input delay, min/max delays, false-path exceptions, or max skew assignments found ;
; GPIO_0_input_pullup[11] ; No input delay, min/max delays, false-path exceptions, or max skew assignments found ;
; GPIO_0_input_pullup[12] ; No input delay, min/max delays, false-path exceptions, or max skew assignments found ;
; GPIO_0_input_pullup[13] ; No input delay, min/max delays, false-path exceptions, or max skew assignments found ;
; GPIO_0_input_pullup[14] ; No input delay, min/max delays, false-path exceptions, or max skew assignments found ;
; GPIO_0_input_pullup[15] ; No input delay, min/max delays, false-path exceptions, or max skew assignments found ;
; KEY2_N                  ; No input delay, min/max delays, false-path exceptions, or max skew assignments found ;
; KEY3_N                  ; No input delay, min/max delays, false-path exceptions, or max skew assignments found ;
; KEY4_N                  ; No input delay, min/max delays, false-path exceptions, or max skew assignments found ;
; RST_N                   ; No input delay, min/max delays, false-path exceptions, or max skew assignments found ;
+-------------------------+--------------------------------------------------------------------------------------+


+-----------------------------------------------------------------------------------------------------+
; Unconstrained Output Ports                                                                          ;
+-------------+---------------------------------------------------------------------------------------+
; Output Port ; Comment                                                                               ;
+-------------+---------------------------------------------------------------------------------------+
; LED[0]      ; No output delay, min/max delays, false-path exceptions, or max skew assignments found ;
; LED[1]      ; No output delay, min/max delays, false-path exceptions, or max skew assignments found ;
; LED[2]      ; No output delay, min/max delays, false-path exceptions, or max skew assignments found ;
; LED[3]      ; No output delay, min/max delays, false-path exceptions, or max skew assignments found ;
; SEG_DATA[1] ; No output delay, min/max delays, false-path exceptions, or max skew assignments found ;
; SEG_DATA[2] ; No output delay, min/max delays, false-path exceptions, or max skew assignments found ;
; SEG_DATA[3] ; No output delay, min/max delays, false-path exceptions, or max skew assignments found ;
; SEG_DATA[4] ; No output delay, min/max delays, false-path exceptions, or max skew assignments found ;
; SEG_DATA[5] ; No output delay, min/max delays, false-path exceptions, or max skew assignments found ;
; SEG_DATA[6] ; No output delay, min/max delays, false-path exceptions, or max skew assignments found ;
; SEG_DATA[7] ; No output delay, min/max delays, false-path exceptions, or max skew assignments found ;
; SEG_SEL[0]  ; No output delay, min/max delays, false-path exceptions, or max skew assignments found ;
; SEG_SEL[1]  ; No output delay, min/max delays, false-path exceptions, or max skew assignments found ;
; SEG_SEL[2]  ; No output delay, min/max delays, false-path exceptions, or max skew assignments found ;
; SEG_SEL[3]  ; No output delay, min/max delays, false-path exceptions, or max skew assignments found ;
; SEG_SEL[4]  ; No output delay, min/max delays, false-path exceptions, or max skew assignments found ;
; SEG_SEL[5]  ; No output delay, min/max delays, false-path exceptions, or max skew assignments found ;
; SEG_SEL[6]  ; No output delay, min/max delays, false-path exceptions, or max skew assignments found ;
; SEG_SEL[7]  ; No output delay, min/max delays, false-path exceptions, or max skew assignments found ;
+-------------+---------------------------------------------------------------------------------------+


+--------------------------+
; Timing Analyzer Messages ;
+--------------------------+
Info: *******************************************************************
Info: Running Quartus Prime Timing Analyzer
    Info: Version 21.1.1 Build 850 06/23/2022 SJ Lite Edition
    Info: Processing started: Mon Dec  8 15:01:53 2025
Info: Command: quartus_sta fec_saylinx_project -c fec_saylinx_board_top
Info: qsta_default_script.tcl version: #1
Warning (18236): Number of processors has not been specified which may cause overloading on shared machines.  Set the global assignment NUM_PARALLEL_PROCESSORS in your QSF to an appropriate value for best performance.
Info (20030): Parallel compilation is enabled and will use 16 of the 16 processors detected
Info (21077): Low junction temperature is 0 degrees C
Info (21077): High junction temperature is 85 degrees C
Critical Warning (332012): Synopsys Design Constraints File file not found: 'fec_saylinx_board_top.sdc'. A Synopsys Design Constraints File is required by the Timing Analyzer to get proper timing constraints. Without it, the Compiler will not properly optimize the design.
Info (332142): No user constrained base clocks found in the design. Calling "derive_clocks -period 1.0"
Info (332105): Deriving Clocks
    Info (332105): create_clock -period 1.000 -name CLK CLK
Info (332143): No user constrained clock uncertainty found in the design. Calling "derive_clock_uncertainty"
Info (332123): Deriving Clock Uncertainty. Please refer to report_sdc in the Timing Analyzer to see clock uncertainties.
Info: Found TIMING_ANALYZER_REPORT_SCRIPT_INCLUDE_DEFAULT_ANALYSIS = ON
Info: Analyzing Slow 1200mV 85C Model
Critical Warning (332148): Timing requirements not met
    Info (11105): For recommendations on closing timing, run Report Timing Closure Recommendations in the Timing Analyzer.
Info (332146): Worst-case setup slack is -3.889
    Info (332119):     Slack       End Point TNS Clock 
    Info (332119): ========= =================== =====================
    Info (332119):    -3.889            -836.149 CLK 
Info (332146): Worst-case hold slack is 0.436
    Info (332119):     Slack       End Point TNS Clock 
    Info (332119): ========= =================== =====================
    Info (332119):     0.436               0.000 CLK 
Info (332140): No Recovery paths to report
Info (332140): No Removal paths to report
Info (332146): Worst-case minimum pulse width slack is -3.000
    Info (332119):     Slack       End Point TNS Clock 
    Info (332119): ========= =================== =====================
    Info (332119):    -3.000            -508.580 CLK 
Info (332114): Report Metastability: Found 24 synchronizer chains.
    Info (332114): Design MTBF is not calculated because the design doesn't meet its timing requirements.
Info: Analyzing Slow 1200mV 0C Model
Info (334003): Started post-fitting delay annotation
Info (334004): Delay annotation completed successfully
Info (332123): Deriving Clock Uncertainty. Please refer to report_sdc in the Timing Analyzer to see clock uncertainties.
Critical Warning (332148): Timing requirements not met
    Info (11105): For recommendations on closing timing, run Report Timing Closure Recommendations in the Timing Analyzer.
Info (332146): Worst-case setup slack is -3.444
    Info (332119):     Slack       End Point TNS Clock 
    Info (332119): ========= =================== =====================
    Info (332119):    -3.444            -759.040 CLK 
Info (332146): Worst-case hold slack is 0.385
    Info (332119):     Slack       End Point TNS Clock 
    Info (332119): ========= =================== =====================
    Info (332119):     0.385               0.000 CLK 
Info (332140): No Recovery paths to report
Info (332140): No Removal paths to report
Info (332146): Worst-case minimum pulse width slack is -3.000
    Info (332119):     Slack       End Point TNS Clock 
    Info (332119): ========= =================== =====================
    Info (332119):    -3.000            -508.580 CLK 
Info (332114): Report Metastability: Found 24 synchronizer chains.
    Info (332114): Design MTBF is not calculated because the design doesn't meet its timing requirements.
Info: Analyzing Fast 1200mV 0C Model
Info (332123): Deriving Clock Uncertainty. Please refer to report_sdc in the Timing Analyzer to see clock uncertainties.
Critical Warning (332148): Timing requirements not met
    Info (11105): For recommendations on closing timing, run Report Timing Closure Recommendations in the Timing Analyzer.
Info (332146): Worst-case setup slack is -1.151
    Info (332119):     Slack       End Point TNS Clock 
    Info (332119): ========= =================== =====================
    Info (332119):    -1.151            -175.052 CLK 
Info (332146): Worst-case hold slack is 0.180
    Info (332119):     Slack       End Point TNS Clock 
    Info (332119): ========= =================== =====================
    Info (332119):     0.180               0.000 CLK 
Info (332140): No Recovery paths to report
Info (332140): No Removal paths to report
Info (332146): Worst-case minimum pulse width slack is -3.000
    Info (332119):     Slack       End Point TNS Clock 
    Info (332119): ========= =================== =====================
    Info (332119):    -3.000            -444.114 CLK 
Info (332114): Report Metastability: Found 24 synchronizer chains.
    Info (332114): The design MTBF is not calculated because there are no specified synchronizers in the design.
    Info (332114): Number of Synchronizer Chains Found: 24
    Info (332114): Shortest Synchronizer Chain: 2 Registers
    Info (332114): Fraction of Chains for which MTBFs Could Not be Calculated: 1.000
    Info (332114): Worst Case Available Settling Time: 0.501 ns
    Info (332114): 
Info (332102): Design is not fully constrained for setup requirements
Info (332102): Design is not fully constrained for hold requirements
Info: Quartus Prime Timing Analyzer was successful. 0 errors, 5 warnings
    Info: Peak virtual memory: 4943 megabytes
    Info: Processing ended: Mon Dec  8 15:01:55 2025
    Info: Elapsed time: 00:00:02
    Info: Total CPU time (on all processors): 00:00:02


