Fitter report for fec_saylinx_board_top
Mon Dec  8 15:01:50 2025
Quartus Prime Version 21.1.1 Build 850 06/23/2022 SJ Lite Edition


---------------------
; Table of Contents ;
---------------------
  1. Legal Notice
  2. Fitter Summary
  3. Fitter Settings
  4. Parallel Compilation
  5. Incremental Compilation Preservation Summary
  6. Incremental Compilation Partition Settings
  7. Incremental Compilation Placement Preservation
  8. Pin-Out File
  9. Fitter Resource Usage Summary
 10. Fitter Partition Statistics
 11. Input Pins
 12. Output Pins
 13. Dual Purpose and Dedicated Pins
 14. I/O Bank Usage
 15. All Package Pins
 16. I/O Assignment Warnings
 17. Fitter Resource Utilization by Entity
 18. Delay Chain Summary
 19. Pad To Core Delay Chain Fanout
 20. Control Signals
 21. Global & Other Fast Signals
 22. Routing Usage Summary
 23. LAB Logic Elements
 24. LAB-wide Signals
 25. LAB Signals Sourced
 26. LAB Signals Sourced Out
 27. LAB Distinct Inputs
 28. I/O Rules Summary
 29. I/O Rules Details
 30. I/O Rules Matrix
 31. Fitter Device Options
 32. Operating Settings and Conditions
 33. Estimated Delay Added for Hold Timing Summary
 34. Estimated Delay Added for Hold Timing Details
 35. Fitter Messages
 36. Fitter Suppressed Messages



----------------
; Legal Notice ;
----------------
Copyright (C) 2022  Intel Corporation. All rights reserved.
Your use of Intel Corporation's design tools, logic functions 
and other software and tools, and any partner logic 
functions, and any output files from any of the foregoing 
(including device programming or simulation files), and any 
associated documentation or information are expressly subject 
to the terms and conditions of the Intel Program License 
Subscription Agreement, the Intel Quartus Prime License Agreement,
the Intel FPGA IP License Agreement, or other applicable license
agreement, including, without limitation, that your use is for
the sole purpose of programming logic devices manufactured by
Intel and sold by Intel or its authorized distributors.  Please
refer to the applicable agreement for further details, at
https://fpgasoftware.intel.com/eula.



+----------------------------------------------------------------------------------+
; Fitter Summary                                                                   ;
+------------------------------------+---------------------------------------------+
; Fitter Status                      ; Successful - Mon Dec  8 15:01:50 2025       ;
; Quartus Prime Version              ; 21.1.1 Build 850 06/23/2022 SJ Lite Edition ;
; Revision Name                      ; fec_saylinx_board_top                       ;
; Top-level Entity Name              ; fec_saylinx_board_top                       ;
; Family                             ; Cyclone IV E                                ;
; Device                             ; EP4CE6F17C8                                 ;
; Timing Models                      ; Final                                       ;
; Total logic elements               ; 489 / 6,272 ( 8 % )                         ;
;     Total combinational functions  ; 438 / 6,272 ( 7 % )                         ;
;     Dedicated logic registers      ; 340 / 6,272 ( 5 % )                         ;
; Total registers                    ; 340                                         ;
; Total pins                         ; 93 / 180 ( 52 % )                           ;
; Total virtual pins                 ; 0                                           ;
; Total memory bits                  ; 0 / 276,480 ( 0 % )                         ;
; Embedded Multiplier 9-bit elements ; 0 / 30 ( 0 % )                              ;
; Total PLLs                         ; 0 / 2 ( 0 % )                               ;
+------------------------------------+---------------------------------------------+


+----------------------------------------------------------------------------------------------------------------------------------+
; Fitter Settings                                                                                                                  ;
+--------------------------------------------------------------------+---------------------+---------------------------------------+
; Option                                                             ; Setting             ; Default Value                         ;
+--------------------------------------------------------------------+---------------------+---------------------------------------+
; Device                                                             ; EP4CE6F17C8         ;                                       ;
; Nominal Core Supply Voltage                                        ; 1.2V                ;                                       ;
; Minimum Core Junction Temperature                                  ; 0                   ;                                       ;
; Maximum Core Junction Temperature                                  ; 85                  ;                                       ;
; Fit Attempts to Skip                                               ; 0                   ; 0.0                                   ;
; Reserve all unused pins                                            ; As input tri-stated ; As input tri-stated with weak pull-up ;
; Use smart compilation                                              ; Off                 ; Off                                   ;
; Enable parallel Assembler and Timing Analyzer during compilation   ; On                  ; On                                    ;
; Enable compact report table                                        ; Off                 ; Off                                   ;
; Auto Merge PLLs                                                    ; On                  ; On                                    ;
; Router Timing Optimization Level                                   ; Normal              ; Normal                                ;
; Perform Clocking Topology Analysis During Routing                  ; Off                 ; Off                                   ;
; Placement Effort Multiplier                                        ; 1.0                 ; 1.0                                   ;
; Router Effort Multiplier                                           ; 1.0                 ; 1.0                                   ;
; Optimize Hold Timing                                               ; All Paths           ; All Paths                             ;
; Optimize Multi-Corner Timing                                       ; On                  ; On                                    ;
; Power Optimization During Fitting                                  ; Normal compilation  ; Normal compilation                    ;
; SSN Optimization                                                   ; Off                 ; Off                                   ;
; Optimize Timing                                                    ; Normal compilation  ; Normal compilation                    ;
; Optimize Timing for ECOs                                           ; Off                 ; Off                                   ;
; Regenerate Full Fit Report During ECO Compiles                     ; Off                 ; Off                                   ;
; Optimize IOC Register Placement for Timing                         ; Normal              ; Normal                                ;
; Limit to One Fitting Attempt                                       ; Off                 ; Off                                   ;
; Final Placement Optimizations                                      ; Automatically       ; Automatically                         ;
; Fitter Aggressive Routability Optimizations                        ; Automatically       ; Automatically                         ;
; Fitter Initial Placement Seed                                      ; 1                   ; 1                                     ;
; Periphery to Core Placement and Routing Optimization               ; Off                 ; Off                                   ;
; PCI I/O                                                            ; Off                 ; Off                                   ;
; Weak Pull-Up Resistor                                              ; Off                 ; Off                                   ;
; Enable Bus-Hold Circuitry                                          ; Off                 ; Off                                   ;
; Auto Packed Registers                                              ; Auto                ; Auto                                  ;
; Auto Delay Chains                                                  ; On                  ; On                                    ;
; Auto Delay Chains for High Fanout Input Pins                       ; Off                 ; Off                                   ;
; Allow Single-ended Buffer for Differential-XSTL Input              ; Off                 ; Off                                   ;
; Treat Bidirectional Pin as Output Pin                              ; Off                 ; Off                                   ;
; Perform Physical Synthesis for Combinational Logic for Fitting     ; Off                 ; Off                                   ;
; Perform Physical Synthesis for Combinational Logic for Performance ; Off                 ; Off                                   ;
; Perform Register Duplication for Performance                       ; Off                 ; Off                                   ;
; Perform Logic to Memory Mapping for Fitting                        ; Off                 ; Off                                   ;
; Perform Register Retiming for Performance                          ; Off                 ; Off                                   ;
; Perform Asynchronous Signal Pipelining                             ; Off                 ; Off                                   ;
; Fitter Effort                                                      ; Auto Fit            ; Auto Fit                              ;
; Physical Synthesis Effort Level                                    ; Normal              ; Normal                                ;
; Logic Cell Insertion - Logic Duplication                           ; Auto                ; Auto                                  ;
; Auto Register Duplication                                          ; Auto                ; Auto                                  ;
; Auto Global Clock                                                  ; On                  ; On                                    ;
; Auto Global Register Control Signals                               ; On                  ; On                                    ;
; Synchronizer Identification                                        ; Auto                ; Auto                                  ;
; Enable Beneficial Skew Optimization                                ; On                  ; On                                    ;
; Optimize Design for Metastability                                  ; On                  ; On                                    ;
; Force Fitter to Avoid Periphery Placement Warnings                 ; Off                 ; Off                                   ;
; Enable input tri-state on active configuration pins in user mode   ; Off                 ; Off                                   ;
+--------------------------------------------------------------------+---------------------+---------------------------------------+


+------------------------------------------+
; Parallel Compilation                     ;
+----------------------------+-------------+
; Processors                 ; Number      ;
+----------------------------+-------------+
; Number detected on machine ; 16          ;
; Maximum allowed            ; 16          ;
;                            ;             ;
; Average used               ; 1.17        ;
; Maximum used               ; 16          ;
;                            ;             ;
; Usage by Processor         ; % Time Used ;
;     Processor 1            ; 100.0%      ;
;     Processor 2            ;   1.1%      ;
;     Processor 3            ;   1.1%      ;
;     Processor 4            ;   1.1%      ;
;     Processor 5            ;   1.1%      ;
;     Processor 6            ;   1.1%      ;
;     Processor 7            ;   1.1%      ;
;     Processor 8            ;   1.1%      ;
;     Processors 9-16        ;   1.1%      ;
+----------------------------+-------------+


+--------------------------------------------------------------------------------------------------+
; Incremental Compilation Preservation Summary                                                     ;
+---------------------+--------------------+----------------------------+--------------------------+
; Type                ; Total [A + B]      ; From Design Partitions [A] ; From Rapid Recompile [B] ;
+---------------------+--------------------+----------------------------+--------------------------+
; Placement (by node) ;                    ;                            ;                          ;
;     -- Requested    ; 0.00 % ( 0 / 974 ) ; 0.00 % ( 0 / 974 )         ; 0.00 % ( 0 / 974 )       ;
;     -- Achieved     ; 0.00 % ( 0 / 974 ) ; 0.00 % ( 0 / 974 )         ; 0.00 % ( 0 / 974 )       ;
;                     ;                    ;                            ;                          ;
; Routing (by net)    ;                    ;                            ;                          ;
;     -- Requested    ; 0.00 % ( 0 / 0 )   ; 0.00 % ( 0 / 0 )           ; 0.00 % ( 0 / 0 )         ;
;     -- Achieved     ; 0.00 % ( 0 / 0 )   ; 0.00 % ( 0 / 0 )           ; 0.00 % ( 0 / 0 )         ;
+---------------------+--------------------+----------------------------+--------------------------+


+----------------------------------------------------------------------------------------------------------------------------------------------------------------------------------------+
; Incremental Compilation Partition Settings                                                                                                                                             ;
+--------------------------------+----------------+-------------------+-------------------------+------------------------+------------------------------+--------------------------------+
; Partition Name                 ; Partition Type ; Netlist Type Used ; Preservation Level Used ; Netlist Type Requested ; Preservation Level Requested ; Contents                       ;
+--------------------------------+----------------+-------------------+-------------------------+------------------------+------------------------------+--------------------------------+
; Top                            ; User-created   ; Source File       ; N/A                     ; Source File            ; N/A                          ;                                ;
; hard_block:auto_generated_inst ; Auto-generated ; Source File       ; N/A                     ; Source File            ; N/A                          ; hard_block:auto_generated_inst ;
+--------------------------------+----------------+-------------------+-------------------------+------------------------+------------------------------+--------------------------------+


+------------------------------------------------------------------------------------------------------------------------------------+
; Incremental Compilation Placement Preservation                                                                                     ;
+--------------------------------+-----------------------+-------------------------+-------------------+---------------------+-------+
; Partition Name                 ; Preservation Achieved ; Preservation Level Used ; Netlist Type Used ; Preservation Method ; Notes ;
+--------------------------------+-----------------------+-------------------------+-------------------+---------------------+-------+
; Top                            ; 0.00 % ( 0 / 966 )    ; N/A                     ; Source File       ; N/A                 ;       ;
; hard_block:auto_generated_inst ; 0.00 % ( 0 / 8 )      ; N/A                     ; Source File       ; N/A                 ;       ;
+--------------------------------+-----------------------+-------------------------+-------------------+---------------------+-------+


+--------------+
; Pin-Out File ;
+--------------+
The pin-out file can be found in C:/Users/antip/OneDrive/Desktop/Ўкола/‘ункциональна€ —хемотехника/lab3/output_files/fec_saylinx_board_top.pin.


+-------------------------------------------------------------------+
; Fitter Resource Usage Summary                                     ;
+---------------------------------------------+---------------------+
; Resource                                    ; Usage               ;
+---------------------------------------------+---------------------+
; Total logic elements                        ; 489 / 6,272 ( 8 % ) ;
;     -- Combinational with no register       ; 149                 ;
;     -- Register only                        ; 51                  ;
;     -- Combinational with a register        ; 289                 ;
;                                             ;                     ;
; Logic element usage by number of LUT inputs ;                     ;
;     -- 4 input functions                    ; 65                  ;
;     -- 3 input functions                    ; 164                 ;
;     -- <=2 input functions                  ; 209                 ;
;     -- Register only                        ; 51                  ;
;                                             ;                     ;
; Logic elements by mode                      ;                     ;
;     -- normal mode                          ; 313                 ;
;     -- arithmetic mode                      ; 125                 ;
;                                             ;                     ;
; Total registers*                            ; 340 / 7,124 ( 5 % ) ;
;     -- Dedicated logic registers            ; 340 / 6,272 ( 5 % ) ;
;     -- I/O registers                        ; 0 / 852 ( 0 % )     ;
;                                             ;                     ;
; Total LABs:  partially or completely used   ; 37 / 392 ( 9 % )    ;
; Virtual pins                                ; 0                   ;
; I/O pins                                    ; 93 / 180 ( 52 % )   ;
;     -- Clock pins                           ; 3 / 3 ( 100 % )     ;
;     -- Dedicated input pins                 ; 0 / 9 ( 0 % )       ;
;                                             ;                     ;
; M9Ks                                        ; 0 / 30 ( 0 % )      ;
; Total block memory bits                     ; 0 / 276,480 ( 0 % ) ;
; Total block memory implementation bits      ; 0 / 276,480 ( 0 % ) ;
; Embedded Multiplier 9-bit elements          ; 0 / 30 ( 0 % )      ;
; PLLs                                        ; 0 / 2 ( 0 % )       ;
; Global signals                              ; 1                   ;
;     -- Global clocks                        ; 1 / 10 ( 10 % )     ;
; JTAGs                                       ; 0 / 1 ( 0 % )       ;
; CRC blocks                                  ; 0 / 1 ( 0 % )       ;
; ASMI blocks                                 ; 0 / 1 ( 0 % )       ;
; Oscillator blocks                           ; 0 / 1 ( 0 % )       ;
; Impedance control blocks                    ; 0 / 4 ( 0 % )       ;
; Average interconnect usage (total/H/V)      ; 1.0% / 0.9% / 1.0%  ;
; Peak interconnect usage (total/H/V)         ; 4.3% / 3.7% / 5.1%  ;
; Maximum fan-out                             ; 340                 ;
; Highest non-global fan-out                  ; 317                 ;
; Total fan-out                               ; 2535                ;
; Average fan-out                             ; 2.48                ;
+---------------------------------------------+---------------------+
*  Register count does not include registers inside RAM blocks or DSP blocks.



+---------------------------------------------------------------------------------------------------+
; Fitter Partition Statistics                                                                       ;
+---------------------------------------------+--------------------+--------------------------------+
; Statistic                                   ; Top                ; hard_block:auto_generated_inst ;
+---------------------------------------------+--------------------+--------------------------------+
; Difficulty Clustering Region                ; Low                ; Low                            ;
;                                             ;                    ;                                ;
; Total logic elements                        ; 489 / 6272 ( 8 % ) ; 0 / 6272 ( 0 % )               ;
;     -- Combinational with no register       ; 149                ; 0                              ;
;     -- Register only                        ; 51                 ; 0                              ;
;     -- Combinational with a register        ; 289                ; 0                              ;
;                                             ;                    ;                                ;
; Logic element usage by number of LUT inputs ;                    ;                                ;
;     -- 4 input functions                    ; 65                 ; 0                              ;
;     -- 3 input functions                    ; 164                ; 0                              ;
;     -- <=2 input functions                  ; 209                ; 0                              ;
;     -- Register only                        ; 51                 ; 0                              ;
;                                             ;                    ;                                ;
; Logic elements by mode                      ;                    ;                                ;
;     -- normal mode                          ; 313                ; 0                              ;
;     -- arithmetic mode                      ; 125                ; 0                              ;
;                                             ;                    ;                                ;
; Total registers                             ; 340                ; 0                              ;
;     -- Dedicated logic registers            ; 340 / 6272 ( 5 % ) ; 0 / 6272 ( 0 % )               ;
;     -- I/O registers                        ; 0                  ; 0                              ;
;                                             ;                    ;                                ;
; Total LABs:  partially or completely used   ; 37 / 392 ( 9 % )   ; 0 / 392 ( 0 % )                ;
;                                             ;                    ;                                ;
; Virtual pins                                ; 0                  ; 0                              ;
; I/O pins                                    ; 93                 ; 0                              ;
; Embedded Multiplier 9-bit elements          ; 0 / 30 ( 0 % )     ; 0 / 30 ( 0 % )                 ;
; Total memory bits                           ; 0                  ; 0                              ;
; Total RAM block bits                        ; 0                  ; 0                              ;
; Clock control block                         ; 1 / 12 ( 8 % )     ; 0 / 12 ( 0 % )                 ;
;                                             ;                    ;                                ;
; Connections                                 ;                    ;                                ;
;     -- Input Connections                    ; 0                  ; 0                              ;
;     -- Registered Input Connections         ; 0                  ; 0                              ;
;     -- Output Connections                   ; 0                  ; 0                              ;
;     -- Registered Output Connections        ; 0                  ; 0                              ;
;                                             ;                    ;                                ;
; Internal Connections                        ;                    ;                                ;
;     -- Total Connections                    ; 2531               ; 4                              ;
;     -- Registered Connections               ; 765                ; 0                              ;
;                                             ;                    ;                                ;
; External Connections                        ;                    ;                                ;
;     -- Top                                  ; 0                  ; 0                              ;
;     -- hard_block:auto_generated_inst       ; 0                  ; 0                              ;
;                                             ;                    ;                                ;
; Partition Interface                         ;                    ;                                ;
;     -- Input Ports                          ; 39                 ; 0                              ;
;     -- Output Ports                         ; 54                 ; 0                              ;
;     -- Bidir Ports                          ; 0                  ; 0                              ;
;                                             ;                    ;                                ;
; Registered Ports                            ;                    ;                                ;
;     -- Registered Input Ports               ; 0                  ; 0                              ;
;     -- Registered Output Ports              ; 0                  ; 0                              ;
;                                             ;                    ;                                ;
; Port Connectivity                           ;                    ;                                ;
;     -- Input Ports driven by GND            ; 0                  ; 0                              ;
;     -- Output Ports driven by GND           ; 0                  ; 0                              ;
;     -- Input Ports driven by VCC            ; 0                  ; 0                              ;
;     -- Output Ports driven by VCC           ; 0                  ; 0                              ;
;     -- Input Ports with no Source           ; 0                  ; 0                              ;
;     -- Output Ports with no Source          ; 0                  ; 0                              ;
;     -- Input Ports with no Fanout           ; 0                  ; 0                              ;
;     -- Output Ports with no Fanout          ; 0                  ; 0                              ;
+---------------------------------------------+--------------------+--------------------------------+


+----------------------------------------------------------------------------------------------------------------------------------------------------------------------------------------------------------------------------------------------------------------------------------------------------------+
; Input Pins                                                                                                                                                                                                                                                                                               ;
+-------------------------+-------+----------+--------------+--------------+--------------+-----------------------+--------------------+--------+----------------+---------------+-----------------+----------+--------------+--------------+---------------------------+----------------------+-----------+
; Name                    ; Pin # ; I/O Bank ; X coordinate ; Y coordinate ; Z coordinate ; Combinational Fan-Out ; Registered Fan-Out ; Global ; Input Register ; Power Up High ; PCI I/O Enabled ; Bus Hold ; Weak Pull Up ; I/O Standard ; Termination Control Block ; Location assigned by ; Slew Rate ;
+-------------------------+-------+----------+--------------+--------------+--------------+-----------------------+--------------------+--------+----------------+---------------+-----------------+----------+--------------+--------------+---------------------------+----------------------+-----------+
; CLK                     ; E1    ; 1        ; 0            ; 11           ; 7            ; 340                   ; 0                  ; yes    ; no             ; no            ; yes             ; no       ; Off          ; 3.3-V LVTTL  ; --                        ; User                 ; no        ;
; GPIO_0_input_pullup[0]  ; P1    ; 2        ; 0            ; 4            ; 21           ; 3                     ; 0                  ; no     ; no             ; no            ; yes             ; no       ; On           ; 3.3-V LVTTL  ; --                        ; User                 ; no        ;
; GPIO_0_input_pullup[10] ; T8    ; 3        ; 16           ; 0            ; 0            ; 2                     ; 0                  ; no     ; no             ; no            ; yes             ; no       ; On           ; 3.3-V LVTTL  ; --                        ; User                 ; no        ;
; GPIO_0_input_pullup[11] ; T9    ; 4        ; 18           ; 0            ; 14           ; 2                     ; 0                  ; no     ; no             ; no            ; yes             ; no       ; On           ; 3.3-V LVTTL  ; --                        ; User                 ; no        ;
; GPIO_0_input_pullup[12] ; T10   ; 4        ; 21           ; 0            ; 0            ; 2                     ; 0                  ; no     ; no             ; no            ; yes             ; no       ; On           ; 3.3-V LVTTL  ; --                        ; User                 ; no        ;
; GPIO_0_input_pullup[13] ; T11   ; 4        ; 23           ; 0            ; 7            ; 2                     ; 0                  ; no     ; no             ; no            ; yes             ; no       ; On           ; 3.3-V LVTTL  ; --                        ; User                 ; no        ;
; GPIO_0_input_pullup[14] ; T12   ; 4        ; 25           ; 0            ; 21           ; 2                     ; 0                  ; no     ; no             ; no            ; yes             ; no       ; On           ; 3.3-V LVTTL  ; --                        ; User                 ; no        ;
; GPIO_0_input_pullup[15] ; T13   ; 4        ; 28           ; 0            ; 7            ; 2                     ; 0                  ; no     ; no             ; no            ; yes             ; no       ; On           ; 3.3-V LVTTL  ; --                        ; User                 ; no        ;
; GPIO_0_input_pullup[16] ; T14   ; 4        ; 30           ; 0            ; 14           ; 0                     ; 0                  ; no     ; no             ; no            ; yes             ; no       ; On           ; 3.3-V LVTTL  ; --                        ; User                 ; no        ;
; GPIO_0_input_pullup[1]  ; R1    ; 2        ; 0            ; 5            ; 21           ; 3                     ; 0                  ; no     ; no             ; no            ; yes             ; no       ; On           ; 3.3-V LVTTL  ; --                        ; User                 ; no        ;
; GPIO_0_input_pullup[2]  ; K9    ; 4        ; 18           ; 0            ; 7            ; 3                     ; 0                  ; no     ; no             ; no            ; yes             ; no       ; On           ; 3.3-V LVTTL  ; --                        ; User                 ; no        ;
; GPIO_0_input_pullup[3]  ; L10   ; 4        ; 25           ; 0            ; 7            ; 3                     ; 0                  ; no     ; no             ; no            ; yes             ; no       ; On           ; 3.3-V LVTTL  ; --                        ; User                 ; no        ;
; GPIO_0_input_pullup[4]  ; T2    ; 3        ; 3            ; 0            ; 0            ; 3                     ; 0                  ; no     ; no             ; no            ; yes             ; no       ; On           ; 3.3-V LVTTL  ; --                        ; User                 ; no        ;
; GPIO_0_input_pullup[5]  ; T3    ; 3        ; 1            ; 0            ; 0            ; 3                     ; 0                  ; no     ; no             ; no            ; yes             ; no       ; On           ; 3.3-V LVTTL  ; --                        ; User                 ; no        ;
; GPIO_0_input_pullup[6]  ; T4    ; 3        ; 5            ; 0            ; 14           ; 3                     ; 0                  ; no     ; no             ; no            ; yes             ; no       ; On           ; 3.3-V LVTTL  ; --                        ; User                 ; no        ;
; GPIO_0_input_pullup[7]  ; T5    ; 3        ; 9            ; 0            ; 0            ; 3                     ; 0                  ; no     ; no             ; no            ; yes             ; no       ; On           ; 3.3-V LVTTL  ; --                        ; User                 ; no        ;
; GPIO_0_input_pullup[8]  ; T6    ; 3        ; 11           ; 0            ; 14           ; 2                     ; 0                  ; no     ; no             ; no            ; yes             ; no       ; On           ; 3.3-V LVTTL  ; --                        ; User                 ; no        ;
; GPIO_0_input_pullup[9]  ; T7    ; 3        ; 13           ; 0            ; 21           ; 2                     ; 0                  ; no     ; no             ; no            ; yes             ; no       ; On           ; 3.3-V LVTTL  ; --                        ; User                 ; no        ;
; GPIO_1_input_pullup[0]  ; B1    ; 1        ; 0            ; 22           ; 0            ; 0                     ; 0                  ; no     ; no             ; no            ; yes             ; no       ; On           ; 3.3-V LVTTL  ; --                        ; User                 ; no        ;
; GPIO_1_input_pullup[10] ; B12   ; 7        ; 25           ; 24           ; 7            ; 0                     ; 0                  ; no     ; no             ; no            ; yes             ; no       ; On           ; 3.3-V LVTTL  ; --                        ; User                 ; no        ;
; GPIO_1_input_pullup[11] ; B13   ; 7        ; 30           ; 24           ; 21           ; 0                     ; 0                  ; no     ; no             ; no            ; yes             ; no       ; On           ; 3.3-V LVTTL  ; --                        ; User                 ; no        ;
; GPIO_1_input_pullup[12] ; D5    ; 8        ; 3            ; 24           ; 0            ; 0                     ; 0                  ; no     ; no             ; no            ; yes             ; no       ; On           ; 3.3-V LVTTL  ; --                        ; User                 ; no        ;
; GPIO_1_input_pullup[13] ; C6    ; 8        ; 9            ; 24           ; 7            ; 0                     ; 0                  ; no     ; no             ; no            ; yes             ; no       ; On           ; 3.3-V LVTTL  ; --                        ; User                 ; no        ;
; GPIO_1_input_pullup[14] ; F8    ; 8        ; 13           ; 24           ; 21           ; 0                     ; 0                  ; no     ; no             ; no            ; yes             ; no       ; On           ; 3.3-V LVTTL  ; --                        ; User                 ; no        ;
; GPIO_1_input_pullup[15] ; D8    ; 8        ; 13           ; 24           ; 7            ; 0                     ; 0                  ; no     ; no             ; no            ; yes             ; no       ; On           ; 3.3-V LVTTL  ; --                        ; User                 ; no        ;
; GPIO_1_input_pullup[16] ; E9    ; 7        ; 18           ; 24           ; 21           ; 0                     ; 0                  ; no     ; no             ; no            ; yes             ; no       ; On           ; 3.3-V LVTTL  ; --                        ; User                 ; no        ;
; GPIO_1_input_pullup[1]  ; B3    ; 8        ; 3            ; 24           ; 21           ; 0                     ; 0                  ; no     ; no             ; no            ; yes             ; no       ; On           ; 3.3-V LVTTL  ; --                        ; User                 ; no        ;
; GPIO_1_input_pullup[2]  ; B4    ; 8        ; 5            ; 24           ; 21           ; 0                     ; 0                  ; no     ; no             ; no            ; yes             ; no       ; On           ; 3.3-V LVTTL  ; --                        ; User                 ; no        ;
; GPIO_1_input_pullup[3]  ; B5    ; 8        ; 5            ; 24           ; 7            ; 0                     ; 0                  ; no     ; no             ; no            ; yes             ; no       ; On           ; 3.3-V LVTTL  ; --                        ; User                 ; no        ;
; GPIO_1_input_pullup[4]  ; B6    ; 8        ; 9            ; 24           ; 21           ; 0                     ; 0                  ; no     ; no             ; no            ; yes             ; no       ; On           ; 3.3-V LVTTL  ; --                        ; User                 ; no        ;
; GPIO_1_input_pullup[5]  ; B7    ; 8        ; 11           ; 24           ; 7            ; 0                     ; 0                  ; no     ; no             ; no            ; yes             ; no       ; On           ; 3.3-V LVTTL  ; --                        ; User                 ; no        ;
; GPIO_1_input_pullup[6]  ; B8    ; 8        ; 16           ; 24           ; 21           ; 0                     ; 0                  ; no     ; no             ; no            ; yes             ; no       ; On           ; 3.3-V LVTTL  ; --                        ; User                 ; no        ;
; GPIO_1_input_pullup[7]  ; B9    ; 7        ; 16           ; 24           ; 7            ; 0                     ; 0                  ; no     ; no             ; no            ; yes             ; no       ; On           ; 3.3-V LVTTL  ; --                        ; User                 ; no        ;
; GPIO_1_input_pullup[8]  ; B10   ; 7        ; 21           ; 24           ; 14           ; 0                     ; 0                  ; no     ; no             ; no            ; yes             ; no       ; On           ; 3.3-V LVTTL  ; --                        ; User                 ; no        ;
; GPIO_1_input_pullup[9]  ; B11   ; 7        ; 25           ; 24           ; 21           ; 0                     ; 0                  ; no     ; no             ; no            ; yes             ; no       ; On           ; 3.3-V LVTTL  ; --                        ; User                 ; no        ;
; KEY2_N                  ; M15   ; 5        ; 34           ; 12           ; 14           ; 2                     ; 0                  ; no     ; no             ; no            ; yes             ; no       ; Off          ; 3.3-V LVTTL  ; --                        ; User                 ; no        ;
; KEY3_N                  ; M16   ; 5        ; 34           ; 12           ; 21           ; 2                     ; 0                  ; no     ; no             ; no            ; yes             ; no       ; Off          ; 3.3-V LVTTL  ; --                        ; User                 ; no        ;
; KEY4_N                  ; E16   ; 6        ; 34           ; 12           ; 7            ; 2                     ; 0                  ; no     ; no             ; no            ; yes             ; no       ; Off          ; 3.3-V LVTTL  ; --                        ; User                 ; no        ;
; RST_N                   ; N13   ; 5        ; 34           ; 2            ; 21           ; 317                   ; 0                  ; no     ; no             ; no            ; yes             ; no       ; Off          ; 3.3-V LVTTL  ; --                        ; User                 ; no        ;
+-------------------------+-------+----------+--------------+--------------+--------------+-----------------------+--------------------+--------+----------------+---------------+-----------------+----------+--------------+--------------+---------------------------+----------------------+-----------+


+------------------------------------------------------------------------------------------------------------------------------------------------------------------------------------------------------------------------------------------------------------------------------------------------------------------------------------------------------------------------------------------------------------------------------------------------------+
; Output Pins                                                                                                                                                                                                                                                                                                                                                                                                                                          ;
+---------------------------+-------+----------+--------------+--------------+--------------+-----------------+------------------------+---------------+-----------+-----------------+------------+---------------+----------+--------------+--------------+------------------+-------------+---------------------------+----------------------------+-----------------------------+----------------------+----------------------+---------------------+
; Name                      ; Pin # ; I/O Bank ; X coordinate ; Y coordinate ; Z coordinate ; Output Register ; Output Enable Register ; Power Up High ; Slew Rate ; PCI I/O Enabled ; Open Drain ; TRI Primitive ; Bus Hold ; Weak Pull Up ; I/O Standard ; Current Strength ; Termination ; Termination Control Block ; Output Buffer Pre-emphasis ; Voltage Output Differential ; Location assigned by ; Output Enable Source ; Output Enable Group ;
+---------------------------+-------+----------+--------------+--------------+--------------+-----------------+------------------------+---------------+-----------+-----------------+------------+---------------+----------+--------------+--------------+------------------+-------------+---------------------------+----------------------------+-----------------------------+----------------------+----------------------+---------------------+
; GPIO_0_out_zero_value[0]  ; N2    ; 2        ; 0            ; 7            ; 14           ; no              ; no                     ; no            ; 2         ; no              ; no         ; no            ; no       ; Off          ; 3.3-V LVTTL  ; 8mA              ; Off         ; --                        ; no                         ; no                          ; User                 ; -                    ; -                   ;
; GPIO_0_out_zero_value[10] ; R7    ; 3        ; 11           ; 0            ; 0            ; no              ; no                     ; no            ; 2         ; no              ; no         ; no            ; no       ; Off          ; 3.3-V LVTTL  ; 8mA              ; Off         ; --                        ; no                         ; no                          ; User                 ; -                    ; -                   ;
; GPIO_0_out_zero_value[11] ; R8    ; 3        ; 16           ; 0            ; 7            ; no              ; no                     ; no            ; 2         ; no              ; no         ; no            ; no       ; Off          ; 3.3-V LVTTL  ; 8mA              ; Off         ; --                        ; no                         ; no                          ; User                 ; -                    ; -                   ;
; GPIO_0_out_zero_value[12] ; R9    ; 4        ; 18           ; 0            ; 21           ; no              ; no                     ; no            ; 2         ; no              ; no         ; no            ; no       ; Off          ; 3.3-V LVTTL  ; 8mA              ; Off         ; --                        ; no                         ; no                          ; User                 ; -                    ; -                   ;
; GPIO_0_out_zero_value[13] ; R10   ; 4        ; 21           ; 0            ; 7            ; no              ; no                     ; no            ; 2         ; no              ; no         ; no            ; no       ; Off          ; 3.3-V LVTTL  ; 8mA              ; Off         ; --                        ; no                         ; no                          ; User                 ; -                    ; -                   ;
; GPIO_0_out_zero_value[14] ; R11   ; 4        ; 23           ; 0            ; 14           ; no              ; no                     ; no            ; 2         ; no              ; no         ; no            ; no       ; Off          ; 3.3-V LVTTL  ; 8mA              ; Off         ; --                        ; no                         ; no                          ; User                 ; -                    ; -                   ;
; GPIO_0_out_zero_value[15] ; R12   ; 4        ; 23           ; 0            ; 0            ; no              ; no                     ; no            ; 2         ; no              ; no         ; no            ; no       ; Off          ; 3.3-V LVTTL  ; 8mA              ; Off         ; --                        ; no                         ; no                          ; User                 ; -                    ; -                   ;
; GPIO_0_out_zero_value[16] ; R13   ; 4        ; 28           ; 0            ; 14           ; no              ; no                     ; no            ; 2         ; no              ; no         ; no            ; no       ; Off          ; 3.3-V LVTTL  ; 8mA              ; Off         ; --                        ; no                         ; no                          ; User                 ; -                    ; -                   ;
; GPIO_0_out_zero_value[1]  ; P2    ; 2        ; 0            ; 4            ; 14           ; no              ; no                     ; no            ; 2         ; no              ; no         ; no            ; no       ; Off          ; 3.3-V LVTTL  ; 8mA              ; Off         ; --                        ; no                         ; no                          ; User                 ; -                    ; -                   ;
; GPIO_0_out_zero_value[2]  ; P8    ; 3        ; 16           ; 0            ; 14           ; no              ; no                     ; no            ; 2         ; no              ; no         ; no            ; no       ; Off          ; 3.3-V LVTTL  ; 8mA              ; Off         ; --                        ; no                         ; no                          ; User                 ; -                    ; -                   ;
; GPIO_0_out_zero_value[3]  ; L9    ; 4        ; 18           ; 0            ; 0            ; no              ; no                     ; no            ; 2         ; no              ; no         ; no            ; no       ; Off          ; 3.3-V LVTTL  ; 8mA              ; Off         ; --                        ; no                         ; no                          ; User                 ; -                    ; -                   ;
; GPIO_0_out_zero_value[4]  ; M9    ; 4        ; 21           ; 0            ; 21           ; no              ; no                     ; no            ; 2         ; no              ; no         ; no            ; no       ; Off          ; 3.3-V LVTTL  ; 8mA              ; Off         ; --                        ; no                         ; no                          ; User                 ; -                    ; -                   ;
; GPIO_0_out_zero_value[5]  ; P3    ; 3        ; 1            ; 0            ; 14           ; no              ; no                     ; no            ; 2         ; no              ; no         ; no            ; no       ; Off          ; 3.3-V LVTTL  ; 8mA              ; Off         ; --                        ; no                         ; no                          ; User                 ; -                    ; -                   ;
; GPIO_0_out_zero_value[6]  ; R3    ; 3        ; 1            ; 0            ; 7            ; no              ; no                     ; no            ; 2         ; no              ; no         ; no            ; no       ; Off          ; 3.3-V LVTTL  ; 8mA              ; Off         ; --                        ; no                         ; no                          ; User                 ; -                    ; -                   ;
; GPIO_0_out_zero_value[7]  ; R4    ; 3        ; 5            ; 0            ; 21           ; no              ; no                     ; no            ; 2         ; no              ; no         ; no            ; no       ; Off          ; 3.3-V LVTTL  ; 8mA              ; Off         ; --                        ; no                         ; no                          ; User                 ; -                    ; -                   ;
; GPIO_0_out_zero_value[8]  ; R5    ; 3        ; 9            ; 0            ; 7            ; no              ; no                     ; no            ; 2         ; no              ; no         ; no            ; no       ; Off          ; 3.3-V LVTTL  ; 8mA              ; Off         ; --                        ; no                         ; no                          ; User                 ; -                    ; -                   ;
; GPIO_0_out_zero_value[9]  ; R6    ; 3        ; 11           ; 0            ; 21           ; no              ; no                     ; no            ; 2         ; no              ; no         ; no            ; no       ; Off          ; 3.3-V LVTTL  ; 8mA              ; Off         ; --                        ; no                         ; no                          ; User                 ; -                    ; -                   ;
; GPIO_1_out_zero_value[0]  ; C2    ; 1        ; 0            ; 22           ; 14           ; no              ; no                     ; no            ; 2         ; no              ; no         ; no            ; no       ; Off          ; 3.3-V LVTTL  ; 8mA              ; Off         ; --                        ; no                         ; no                          ; User                 ; -                    ; -                   ;
; GPIO_1_out_zero_value[10] ; A11   ; 7        ; 25           ; 24           ; 14           ; no              ; no                     ; no            ; 2         ; no              ; no         ; no            ; no       ; Off          ; 3.3-V LVTTL  ; 8mA              ; Off         ; --                        ; no                         ; no                          ; User                 ; -                    ; -                   ;
; GPIO_1_out_zero_value[11] ; A12   ; 7        ; 25           ; 24           ; 0            ; no              ; no                     ; no            ; 2         ; no              ; no         ; no            ; no       ; Off          ; 3.3-V LVTTL  ; 8mA              ; Off         ; --                        ; no                         ; no                          ; User                 ; -                    ; -                   ;
; GPIO_1_out_zero_value[12] ; A13   ; 7        ; 30           ; 24           ; 7            ; no              ; no                     ; no            ; 2         ; no              ; no         ; no            ; no       ; Off          ; 3.3-V LVTTL  ; 8mA              ; Off         ; --                        ; no                         ; no                          ; User                 ; -                    ; -                   ;
; GPIO_1_out_zero_value[13] ; D6    ; 8        ; 3            ; 24           ; 7            ; no              ; no                     ; no            ; 2         ; no              ; no         ; no            ; no       ; Off          ; 3.3-V LVTTL  ; 8mA              ; Off         ; --                        ; no                         ; no                          ; User                 ; -                    ; -                   ;
; GPIO_1_out_zero_value[14] ; E7    ; 8        ; 7            ; 24           ; 0            ; no              ; no                     ; no            ; 2         ; no              ; no         ; no            ; no       ; Off          ; 3.3-V LVTTL  ; 8mA              ; Off         ; --                        ; no                         ; no                          ; User                 ; -                    ; -                   ;
; GPIO_1_out_zero_value[15] ; C8    ; 8        ; 13           ; 24           ; 0            ; no              ; no                     ; no            ; 2         ; no              ; no         ; no            ; no       ; Off          ; 3.3-V LVTTL  ; 8mA              ; Off         ; --                        ; no                         ; no                          ; User                 ; -                    ; -                   ;
; GPIO_1_out_zero_value[16] ; E8    ; 8        ; 13           ; 24           ; 14           ; no              ; no                     ; no            ; 2         ; no              ; no         ; no            ; no       ; Off          ; 3.3-V LVTTL  ; 8mA              ; Off         ; --                        ; no                         ; no                          ; User                 ; -                    ; -                   ;
; GPIO_1_out_zero_value[1]  ; A2    ; 8        ; 5            ; 24           ; 0            ; no              ; no                     ; no            ; 2         ; no              ; no         ; no            ; no       ; Off          ; 3.3-V LVTTL  ; 8mA              ; Off         ; --                        ; no                         ; no                          ; User                 ; -                    ; -                   ;
; GPIO_1_out_zero_value[2]  ; A3    ; 8        ; 3            ; 24           ; 14           ; no              ; no                     ; no            ; 2         ; no              ; no         ; no            ; no       ; Off          ; 3.3-V LVTTL  ; 8mA              ; Off         ; --                        ; no                         ; no                          ; User                 ; -                    ; -                   ;
; GPIO_1_out_zero_value[3]  ; A4    ; 8        ; 5            ; 24           ; 14           ; no              ; no                     ; no            ; 2         ; no              ; no         ; no            ; no       ; Off          ; 3.3-V LVTTL  ; 8mA              ; Off         ; --                        ; no                         ; no                          ; User                 ; -                    ; -                   ;
; GPIO_1_out_zero_value[4]  ; A5    ; 8        ; 7            ; 24           ; 14           ; no              ; no                     ; no            ; 2         ; no              ; no         ; no            ; no       ; Off          ; 3.3-V LVTTL  ; 8mA              ; Off         ; --                        ; no                         ; no                          ; User                 ; -                    ; -                   ;
; GPIO_1_out_zero_value[5]  ; A6    ; 8        ; 9            ; 24           ; 14           ; no              ; no                     ; no            ; 2         ; no              ; no         ; no            ; no       ; Off          ; 3.3-V LVTTL  ; 8mA              ; Off         ; --                        ; no                         ; no                          ; User                 ; -                    ; -                   ;
; GPIO_1_out_zero_value[6]  ; A7    ; 8        ; 11           ; 24           ; 0            ; no              ; no                     ; no            ; 2         ; no              ; no         ; no            ; no       ; Off          ; 3.3-V LVTTL  ; 8mA              ; Off         ; --                        ; no                         ; no                          ; User                 ; -                    ; -                   ;
; GPIO_1_out_zero_value[7]  ; A8    ; 8        ; 16           ; 24           ; 14           ; no              ; no                     ; no            ; 2         ; no              ; no         ; no            ; no       ; Off          ; 3.3-V LVTTL  ; 8mA              ; Off         ; --                        ; no                         ; no                          ; User                 ; -                    ; -                   ;
; GPIO_1_out_zero_value[8]  ; A9    ; 7        ; 16           ; 24           ; 0            ; no              ; no                     ; no            ; 2         ; no              ; no         ; no            ; no       ; Off          ; 3.3-V LVTTL  ; 8mA              ; Off         ; --                        ; no                         ; no                          ; User                 ; -                    ; -                   ;
; GPIO_1_out_zero_value[9]  ; A10   ; 7        ; 21           ; 24           ; 7            ; no              ; no                     ; no            ; 2         ; no              ; no         ; no            ; no       ; Off          ; 3.3-V LVTTL  ; 8mA              ; Off         ; --                        ; no                         ; no                          ; User                 ; -                    ; -                   ;
; LED[0]                    ; D9    ; 7        ; 18           ; 24           ; 14           ; no              ; no                     ; no            ; 2         ; no              ; no         ; no            ; no       ; Off          ; 3.3-V LVTTL  ; 8mA              ; Off         ; --                        ; no                         ; no                          ; User                 ; -                    ; -                   ;
; LED[1]                    ; C9    ; 7        ; 18           ; 24           ; 7            ; no              ; no                     ; no            ; 2         ; no              ; no         ; no            ; no       ; Off          ; 3.3-V LVTTL  ; 8mA              ; Off         ; --                        ; no                         ; no                          ; User                 ; -                    ; -                   ;
; LED[2]                    ; F9    ; 7        ; 23           ; 24           ; 14           ; no              ; no                     ; no            ; 2         ; no              ; no         ; no            ; no       ; Off          ; 3.3-V LVTTL  ; 8mA              ; Off         ; --                        ; no                         ; no                          ; User                 ; -                    ; -                   ;
; LED[3]                    ; E10   ; 7        ; 28           ; 24           ; 21           ; no              ; no                     ; no            ; 2         ; no              ; no         ; no            ; no       ; Off          ; 3.3-V LVTTL  ; 8mA              ; Off         ; --                        ; no                         ; no                          ; User                 ; -                    ; -                   ;
; SEG_DATA[0]               ; R16   ; 5        ; 34           ; 5            ; 14           ; no              ; no                     ; no            ; 2         ; no              ; no         ; no            ; no       ; Off          ; 3.3-V LVTTL  ; 8mA              ; Off         ; --                        ; no                         ; no                          ; User                 ; -                    ; -                   ;
; SEG_DATA[1]               ; N15   ; 5        ; 34           ; 7            ; 14           ; no              ; no                     ; no            ; 2         ; no              ; no         ; no            ; no       ; Off          ; 3.3-V LVTTL  ; 8mA              ; Off         ; --                        ; no                         ; no                          ; User                 ; -                    ; -                   ;
; SEG_DATA[2]               ; N12   ; 4        ; 32           ; 0            ; 0            ; no              ; no                     ; no            ; 2         ; no              ; no         ; no            ; no       ; Off          ; 3.3-V LVTTL  ; 8mA              ; Off         ; --                        ; no                         ; no                          ; User                 ; -                    ; -                   ;
; SEG_DATA[3]               ; P15   ; 5        ; 34           ; 4            ; 14           ; no              ; no                     ; no            ; 2         ; no              ; no         ; no            ; no       ; Off          ; 3.3-V LVTTL  ; 8mA              ; Off         ; --                        ; no                         ; no                          ; User                 ; -                    ; -                   ;
; SEG_DATA[4]               ; T15   ; 4        ; 30           ; 0            ; 7            ; no              ; no                     ; no            ; 2         ; no              ; no         ; no            ; no       ; Off          ; 3.3-V LVTTL  ; 8mA              ; Off         ; --                        ; no                         ; no                          ; User                 ; -                    ; -                   ;
; SEG_DATA[5]               ; P16   ; 5        ; 34           ; 5            ; 21           ; no              ; no                     ; no            ; 2         ; no              ; no         ; no            ; no       ; Off          ; 3.3-V LVTTL  ; 8mA              ; Off         ; --                        ; no                         ; no                          ; User                 ; -                    ; -                   ;
; SEG_DATA[6]               ; N16   ; 5        ; 34           ; 7            ; 21           ; no              ; no                     ; no            ; 2         ; no              ; no         ; no            ; no       ; Off          ; 3.3-V LVTTL  ; 8mA              ; Off         ; --                        ; no                         ; no                          ; User                 ; -                    ; -                   ;
; SEG_DATA[7]               ; R14   ; 4        ; 30           ; 0            ; 0            ; no              ; no                     ; no            ; 2         ; no              ; no         ; no            ; no       ; Off          ; 3.3-V LVTTL  ; 8mA              ; Off         ; --                        ; no                         ; no                          ; User                 ; -                    ; -                   ;
; SEG_SEL[0]                ; D1    ; 1        ; 0            ; 21           ; 21           ; no              ; no                     ; no            ; 2         ; no              ; no         ; no            ; no       ; Off          ; 3.3-V LVTTL  ; 8mA              ; Off         ; --                        ; no                         ; no                          ; User                 ; -                    ; -                   ;
; SEG_SEL[1]                ; E6    ; 8        ; 7            ; 24           ; 7            ; no              ; no                     ; no            ; 2         ; no              ; no         ; no            ; no       ; Off          ; 3.3-V LVTTL  ; 8mA              ; Off         ; --                        ; no                         ; no                          ; User                 ; -                    ; -                   ;
; SEG_SEL[2]                ; M11   ; 4        ; 32           ; 0            ; 7            ; no              ; no                     ; no            ; 2         ; no              ; no         ; no            ; no       ; Off          ; 3.3-V LVTTL  ; 8mA              ; Off         ; --                        ; no                         ; no                          ; User                 ; -                    ; -                   ;
; SEG_SEL[3]                ; P11   ; 4        ; 28           ; 0            ; 21           ; no              ; no                     ; no            ; 2         ; no              ; no         ; no            ; no       ; Off          ; 3.3-V LVTTL  ; 8mA              ; Off         ; --                        ; no                         ; no                          ; User                 ; -                    ; -                   ;
; SEG_SEL[4]                ; N11   ; 4        ; 30           ; 0            ; 21           ; no              ; no                     ; no            ; 2         ; no              ; no         ; no            ; no       ; Off          ; 3.3-V LVTTL  ; 8mA              ; Off         ; --                        ; no                         ; no                          ; User                 ; -                    ; -                   ;
; SEG_SEL[5]                ; M10   ; 4        ; 28           ; 0            ; 0            ; no              ; no                     ; no            ; 2         ; no              ; no         ; no            ; no       ; Off          ; 3.3-V LVTTL  ; 8mA              ; Off         ; --                        ; no                         ; no                          ; User                 ; -                    ; -                   ;
; SEG_SEL[6]                ; P9    ; 4        ; 25           ; 0            ; 0            ; no              ; no                     ; no            ; 2         ; no              ; no         ; no            ; no       ; Off          ; 3.3-V LVTTL  ; 8mA              ; Off         ; --                        ; no                         ; no                          ; User                 ; -                    ; -                   ;
; SEG_SEL[7]                ; N9    ; 4        ; 21           ; 0            ; 14           ; no              ; no                     ; no            ; 2         ; no              ; no         ; no            ; no       ; Off          ; 3.3-V LVTTL  ; 8mA              ; Off         ; --                        ; no                         ; no                          ; User                 ; -                    ; -                   ;
+---------------------------+-------+----------+--------------+--------------+--------------+-----------------+------------------------+---------------+-----------+-----------------+------------+---------------+----------+--------------+--------------+------------------+-------------+---------------------------+----------------------------+-----------------------------+----------------------+----------------------+---------------------+


+---------------------------------------------------------------------------------------------------------------------------+
; Dual Purpose and Dedicated Pins                                                                                           ;
+----------+-----------------------------+--------------------------+---------------------------+---------------------------+
; Location ; Pin Name                    ; Reserved As              ; User Signal Name          ; Pin Type                  ;
+----------+-----------------------------+--------------------------+---------------------------+---------------------------+
; C1       ; DIFFIO_L1n, DATA1, ASDO     ; As input tri-stated      ; ~ALTERA_ASDO_DATA1~       ; Dual Purpose Pin          ;
; D2       ; DIFFIO_L2p, FLASH_nCE, nCSO ; As input tri-stated      ; ~ALTERA_FLASH_nCE_nCSO~   ; Dual Purpose Pin          ;
; F4       ; nSTATUS                     ; -                        ; -                         ; Dedicated Programming Pin ;
; H1       ; DCLK                        ; As output driving ground ; ~ALTERA_DCLK~             ; Dual Purpose Pin          ;
; H2       ; DATA0                       ; As input tri-stated      ; ~ALTERA_DATA0~            ; Dual Purpose Pin          ;
; H5       ; nCONFIG                     ; -                        ; -                         ; Dedicated Programming Pin ;
; J3       ; nCE                         ; -                        ; -                         ; Dedicated Programming Pin ;
; H14      ; CONF_DONE                   ; -                        ; -                         ; Dedicated Programming Pin ;
; H13      ; MSEL0                       ; -                        ; -                         ; Dedicated Programming Pin ;
; H12      ; MSEL1                       ; -                        ; -                         ; Dedicated Programming Pin ;
; G12      ; MSEL2                       ; -                        ; -                         ; Dedicated Programming Pin ;
; G12      ; MSEL3                       ; -                        ; -                         ; Dedicated Programming Pin ;
; E8       ; DIFFIO_T10n, DATA2          ; Use as regular IO        ; GPIO_1_out_zero_value[16] ; Dual Purpose Pin          ;
; F8       ; DIFFIO_T10p, DATA3          ; Use as regular IO        ; GPIO_1_input_pullup[14]   ; Dual Purpose Pin          ;
; B7       ; DIFFIO_T9p, DATA4           ; Use as regular IO        ; GPIO_1_input_pullup[5]    ; Dual Purpose Pin          ;
; E7       ; DATA5                       ; Use as regular IO        ; GPIO_1_out_zero_value[14] ; Dual Purpose Pin          ;
; E6       ; DATA6                       ; Use as regular IO        ; SEG_SEL[1]                ; Dual Purpose Pin          ;
; A5       ; DIFFIO_T6n, DATA7           ; Use as regular IO        ; GPIO_1_out_zero_value[4]  ; Dual Purpose Pin          ;
+----------+-----------------------------+--------------------------+---------------------------+---------------------------+


+------------------------------------------------------------+
; I/O Bank Usage                                             ;
+----------+------------------+---------------+--------------+
; I/O Bank ; Usage            ; VCCIO Voltage ; VREF Voltage ;
+----------+------------------+---------------+--------------+
; 1        ; 8 / 17 ( 47 % )  ; 3.3V          ; --           ;
; 2        ; 4 / 19 ( 21 % )  ; 3.3V          ; --           ;
; 3        ; 15 / 26 ( 58 % ) ; 3.3V          ; --           ;
; 4        ; 24 / 27 ( 89 % ) ; 3.3V          ; --           ;
; 5        ; 8 / 25 ( 32 % )  ; 3.3V          ; --           ;
; 6        ; 1 / 14 ( 7 % )   ; 3.3V          ; --           ;
; 7        ; 15 / 26 ( 58 % ) ; 3.3V          ; --           ;
; 8        ; 22 / 26 ( 85 % ) ; 3.3V          ; --           ;
+----------+------------------+---------------+--------------+


+-----------------------------------------------------------------------------------------------------------------------------------------------------------------------------------------+
; All Package Pins                                                                                                                                                                        ;
+----------+------------+----------+-----------------------------------------------------------+--------+--------------+---------+------------+-----------------+----------+--------------+
; Location ; Pad Number ; I/O Bank ; Pin Name/Usage                                            ; Dir.   ; I/O Standard ; Voltage ; I/O Type   ; User Assignment ; Bus Hold ; Weak Pull Up ;
+----------+------------+----------+-----------------------------------------------------------+--------+--------------+---------+------------+-----------------+----------+--------------+
; A1       ;            ; 8        ; VCCIO8                                                    ; power  ;              ; 3.3V    ; --         ;                 ; --       ; --           ;
; A2       ; 194        ; 8        ; GPIO_1_out_zero_value[1]                                  ; output ; 3.3-V LVTTL  ;         ; Column I/O ; Y               ; no       ; Off          ;
; A3       ; 200        ; 8        ; GPIO_1_out_zero_value[2]                                  ; output ; 3.3-V LVTTL  ;         ; Column I/O ; Y               ; no       ; Off          ;
; A4       ; 196        ; 8        ; GPIO_1_out_zero_value[3]                                  ; output ; 3.3-V LVTTL  ;         ; Column I/O ; Y               ; no       ; Off          ;
; A5       ; 192        ; 8        ; GPIO_1_out_zero_value[4]                                  ; output ; 3.3-V LVTTL  ;         ; Column I/O ; Y               ; no       ; Off          ;
; A6       ; 188        ; 8        ; GPIO_1_out_zero_value[5]                                  ; output ; 3.3-V LVTTL  ;         ; Column I/O ; Y               ; no       ; Off          ;
; A7       ; 183        ; 8        ; GPIO_1_out_zero_value[6]                                  ; output ; 3.3-V LVTTL  ;         ; Column I/O ; Y               ; no       ; Off          ;
; A8       ; 177        ; 8        ; GPIO_1_out_zero_value[7]                                  ; output ; 3.3-V LVTTL  ;         ; Column I/O ; Y               ; no       ; Off          ;
; A9       ; 175        ; 7        ; GPIO_1_out_zero_value[8]                                  ; output ; 3.3-V LVTTL  ;         ; Column I/O ; Y               ; no       ; Off          ;
; A10      ; 168        ; 7        ; GPIO_1_out_zero_value[9]                                  ; output ; 3.3-V LVTTL  ;         ; Column I/O ; Y               ; no       ; Off          ;
; A11      ; 161        ; 7        ; GPIO_1_out_zero_value[10]                                 ; output ; 3.3-V LVTTL  ;         ; Column I/O ; Y               ; no       ; Off          ;
; A12      ; 159        ; 7        ; GPIO_1_out_zero_value[11]                                 ; output ; 3.3-V LVTTL  ;         ; Column I/O ; Y               ; no       ; Off          ;
; A13      ; 153        ; 7        ; GPIO_1_out_zero_value[12]                                 ; output ; 3.3-V LVTTL  ;         ; Column I/O ; Y               ; no       ; Off          ;
; A14      ; 155        ; 7        ; RESERVED_INPUT                                            ;        ;              ;         ; Column I/O ;                 ; no       ; Off          ;
; A15      ; 167        ; 7        ; RESERVED_INPUT                                            ;        ;              ;         ; Column I/O ;                 ; no       ; Off          ;
; A16      ;            ; 7        ; VCCIO7                                                    ; power  ;              ; 3.3V    ; --         ;                 ; --       ; --           ;
; B1       ; 3          ; 1        ; GPIO_1_input_pullup[0]                                    ; input  ; 3.3-V LVTTL  ;         ; Row I/O    ; Y               ; no       ; On           ;
; B2       ;            ;          ; GND                                                       ; gnd    ;              ;         ; --         ;                 ; --       ; --           ;
; B3       ; 201        ; 8        ; GPIO_1_input_pullup[1]                                    ; input  ; 3.3-V LVTTL  ;         ; Column I/O ; Y               ; no       ; On           ;
; B4       ; 197        ; 8        ; GPIO_1_input_pullup[2]                                    ; input  ; 3.3-V LVTTL  ;         ; Column I/O ; Y               ; no       ; On           ;
; B5       ; 195        ; 8        ; GPIO_1_input_pullup[3]                                    ; input  ; 3.3-V LVTTL  ;         ; Column I/O ; Y               ; no       ; On           ;
; B6       ; 189        ; 8        ; GPIO_1_input_pullup[4]                                    ; input  ; 3.3-V LVTTL  ;         ; Column I/O ; Y               ; no       ; On           ;
; B7       ; 184        ; 8        ; GPIO_1_input_pullup[5]                                    ; input  ; 3.3-V LVTTL  ;         ; Column I/O ; Y               ; no       ; On           ;
; B8       ; 178        ; 8        ; GPIO_1_input_pullup[6]                                    ; input  ; 3.3-V LVTTL  ;         ; Column I/O ; Y               ; no       ; On           ;
; B9       ; 176        ; 7        ; GPIO_1_input_pullup[7]                                    ; input  ; 3.3-V LVTTL  ;         ; Column I/O ; Y               ; no       ; On           ;
; B10      ; 169        ; 7        ; GPIO_1_input_pullup[8]                                    ; input  ; 3.3-V LVTTL  ;         ; Column I/O ; Y               ; no       ; On           ;
; B11      ; 162        ; 7        ; GPIO_1_input_pullup[9]                                    ; input  ; 3.3-V LVTTL  ;         ; Column I/O ; Y               ; no       ; On           ;
; B12      ; 160        ; 7        ; GPIO_1_input_pullup[10]                                   ; input  ; 3.3-V LVTTL  ;         ; Column I/O ; Y               ; no       ; On           ;
; B13      ; 154        ; 7        ; GPIO_1_input_pullup[11]                                   ; input  ; 3.3-V LVTTL  ;         ; Column I/O ; Y               ; no       ; On           ;
; B14      ; 156        ; 7        ; RESERVED_INPUT                                            ;        ;              ;         ; Column I/O ;                 ; no       ; Off          ;
; B15      ;            ;          ; GND                                                       ; gnd    ;              ;         ; --         ;                 ; --       ; --           ;
; B16      ; 141        ; 6        ; RESERVED_INPUT                                            ;        ;              ;         ; Row I/O    ;                 ; no       ; Off          ;
; C1       ; 5          ; 1        ; ~ALTERA_ASDO_DATA1~ / RESERVED_INPUT_WITH_WEAK_PULLUP     ; input  ; 3.3-V LVTTL  ;         ; Row I/O    ; N               ; no       ; On           ;
; C2       ; 4          ; 1        ; GPIO_1_out_zero_value[0]                                  ; output ; 3.3-V LVTTL  ;         ; Row I/O    ; Y               ; no       ; Off          ;
; C3       ; 202        ; 8        ; RESERVED_INPUT                                            ;        ;              ;         ; Column I/O ;                 ; no       ; Off          ;
; C4       ;            ; 8        ; VCCIO8                                                    ; power  ;              ; 3.3V    ; --         ;                 ; --       ; --           ;
; C5       ;            ;          ; GND                                                       ; gnd    ;              ;         ; --         ;                 ; --       ; --           ;
; C6       ; 187        ; 8        ; GPIO_1_input_pullup[13]                                   ; input  ; 3.3-V LVTTL  ;         ; Column I/O ; Y               ; no       ; On           ;
; C7       ;            ; 8        ; VCCIO8                                                    ; power  ;              ; 3.3V    ; --         ;                 ; --       ; --           ;
; C8       ; 179        ; 8        ; GPIO_1_out_zero_value[15]                                 ; output ; 3.3-V LVTTL  ;         ; Column I/O ; Y               ; no       ; Off          ;
; C9       ; 172        ; 7        ; LED[1]                                                    ; output ; 3.3-V LVTTL  ;         ; Column I/O ; Y               ; no       ; Off          ;
; C10      ;            ; 7        ; VCCIO7                                                    ; power  ;              ; 3.3V    ; --         ;                 ; --       ; --           ;
; C11      ; 163        ; 7        ; RESERVED_INPUT                                            ;        ;              ;         ; Column I/O ;                 ; --       ; --           ;
; C12      ;            ;          ; GND                                                       ; gnd    ;              ;         ; --         ;                 ; --       ; --           ;
; C13      ;            ; 7        ; VCCIO7                                                    ; power  ;              ; 3.3V    ; --         ;                 ; --       ; --           ;
; C14      ; 149        ; 7        ; RESERVED_INPUT                                            ;        ;              ;         ; Column I/O ;                 ; no       ; Off          ;
; C15      ; 147        ; 6        ; RESERVED_INPUT                                            ;        ;              ;         ; Row I/O    ;                 ; no       ; Off          ;
; C16      ; 146        ; 6        ; RESERVED_INPUT                                            ;        ;              ;         ; Row I/O    ;                 ; no       ; Off          ;
; D1       ; 8          ; 1        ; SEG_SEL[0]                                                ; output ; 3.3-V LVTTL  ;         ; Row I/O    ; Y               ; no       ; Off          ;
; D2       ; 7          ; 1        ; ~ALTERA_FLASH_nCE_nCSO~ / RESERVED_INPUT_WITH_WEAK_PULLUP ; input  ; 3.3-V LVTTL  ;         ; Row I/O    ; N               ; no       ; On           ;
; D3       ; 203        ; 8        ; RESERVED_INPUT                                            ;        ;              ;         ; Column I/O ;                 ; no       ; Off          ;
; D4       ; 0          ; 1        ; RESERVED_INPUT                                            ;        ;              ;         ; Row I/O    ;                 ; no       ; Off          ;
; D5       ; 198        ; 8        ; GPIO_1_input_pullup[12]                                   ; input  ; 3.3-V LVTTL  ;         ; Column I/O ; Y               ; no       ; On           ;
; D6       ; 199        ; 8        ; GPIO_1_out_zero_value[13]                                 ; output ; 3.3-V LVTTL  ;         ; Column I/O ; Y               ; no       ; Off          ;
; D7       ;            ;          ; GND                                                       ; gnd    ;              ;         ; --         ;                 ; --       ; --           ;
; D8       ; 180        ; 8        ; GPIO_1_input_pullup[15]                                   ; input  ; 3.3-V LVTTL  ;         ; Column I/O ; Y               ; no       ; On           ;
; D9       ; 173        ; 7        ; LED[0]                                                    ; output ; 3.3-V LVTTL  ;         ; Column I/O ; Y               ; no       ; Off          ;
; D10      ;            ;          ; GND                                                       ; gnd    ;              ;         ; --         ;                 ; --       ; --           ;
; D11      ; 151        ; 7        ; RESERVED_INPUT                                            ;        ;              ;         ; Column I/O ;                 ; no       ; Off          ;
; D12      ; 152        ; 7        ; RESERVED_INPUT                                            ;        ;              ;         ; Column I/O ;                 ; no       ; Off          ;
; D13      ;            ;          ; VCCD_PLL2                                                 ; power  ;              ; 1.2V    ; --         ;                 ; --       ; --           ;
; D14      ; 150        ; 7        ; RESERVED_INPUT                                            ;        ;              ;         ; Column I/O ;                 ; no       ; Off          ;
; D15      ; 144        ; 6        ; RESERVED_INPUT                                            ;        ;              ;         ; Row I/O    ;                 ; no       ; Off          ;
; D16      ; 143        ; 6        ; RESERVED_INPUT                                            ;        ;              ;         ; Row I/O    ;                 ; no       ; Off          ;
; E1       ; 24         ; 1        ; CLK                                                       ; input  ; 3.3-V LVTTL  ;         ; Row I/O    ; Y               ; no       ; Off          ;
; E2       ;            ;          ; GND                                                       ; gnd    ;              ;         ; --         ;                 ; --       ; --           ;
; E3       ;            ; 1        ; VCCIO1                                                    ; power  ;              ; 3.3V    ; --         ;                 ; --       ; --           ;
; E4       ;            ;          ; GND                                                       ; gnd    ;              ;         ; --         ;                 ; --       ; --           ;
; E5       ; 1          ; 1        ; RESERVED_INPUT                                            ;        ;              ;         ; Row I/O    ;                 ; no       ; Off          ;
; E6       ; 191        ; 8        ; SEG_SEL[1]                                                ; output ; 3.3-V LVTTL  ;         ; Column I/O ; Y               ; no       ; Off          ;
; E7       ; 190        ; 8        ; GPIO_1_out_zero_value[14]                                 ; output ; 3.3-V LVTTL  ;         ; Column I/O ; Y               ; no       ; Off          ;
; E8       ; 181        ; 8        ; GPIO_1_out_zero_value[16]                                 ; output ; 3.3-V LVTTL  ;         ; Column I/O ; Y               ; no       ; Off          ;
; E9       ; 174        ; 7        ; GPIO_1_input_pullup[16]                                   ; input  ; 3.3-V LVTTL  ;         ; Column I/O ; Y               ; no       ; On           ;
; E10      ; 158        ; 7        ; LED[3]                                                    ; output ; 3.3-V LVTTL  ;         ; Column I/O ; Y               ; no       ; Off          ;
; E11      ; 157        ; 7        ; RESERVED_INPUT                                            ;        ;              ;         ; Column I/O ;                 ; no       ; Off          ;
; E12      ;            ;          ; GNDA2                                                     ; gnd    ;              ;         ; --         ;                 ; --       ; --           ;
; E13      ;            ;          ; GND                                                       ; gnd    ;              ;         ; --         ;                 ; --       ; --           ;
; E14      ;            ; 6        ; VCCIO6                                                    ; power  ;              ; 3.3V    ; --         ;                 ; --       ; --           ;
; E15      ; 128        ; 6        ; GND+                                                      ;        ;              ;         ; Row I/O    ;                 ; --       ; --           ;
; E16      ; 127        ; 6        ; KEY4_N                                                    ; input  ; 3.3-V LVTTL  ;         ; Row I/O    ; Y               ; no       ; Off          ;
; F1       ; 12         ; 1        ; RESERVED_INPUT                                            ;        ;              ;         ; Row I/O    ;                 ; no       ; Off          ;
; F2       ; 11         ; 1        ; RESERVED_INPUT                                            ;        ;              ;         ; Row I/O    ;                 ; no       ; Off          ;
; F3       ; 6          ; 1        ; RESERVED_INPUT                                            ;        ;              ;         ; Row I/O    ;                 ; --       ; --           ;
; F4       ; 9          ; 1        ; ^nSTATUS                                                  ;        ;              ;         ; --         ;                 ; --       ; --           ;
; F5       ; 2          ; 1        ; RESERVED_INPUT                                            ;        ;              ;         ; Row I/O    ;                 ; no       ; Off          ;
; F6       ; 185        ; 8        ; RESERVED_INPUT                                            ;        ;              ;         ; Column I/O ;                 ; no       ; Off          ;
; F7       ; 186        ; 8        ; RESERVED_INPUT                                            ;        ;              ;         ; Column I/O ;                 ; no       ; Off          ;
; F8       ; 182        ; 8        ; GPIO_1_input_pullup[14]                                   ; input  ; 3.3-V LVTTL  ;         ; Column I/O ; Y               ; no       ; On           ;
; F9       ; 165        ; 7        ; LED[2]                                                    ; output ; 3.3-V LVTTL  ;         ; Column I/O ; Y               ; no       ; Off          ;
; F10      ; 164        ; 7        ; RESERVED_INPUT                                            ;        ;              ;         ; Column I/O ;                 ; no       ; Off          ;
; F11      ; 166        ; 7        ; RESERVED_INPUT                                            ;        ;              ;         ; Column I/O ;                 ; no       ; Off          ;
; F12      ;            ; --       ; VCCA2                                                     ; power  ;              ; 2.5V    ; --         ;                 ; --       ; --           ;
; F13      ; 138        ; 6        ; RESERVED_INPUT                                            ;        ;              ;         ; Row I/O    ;                 ; no       ; Off          ;
; F14      ; 142        ; 6        ; RESERVED_INPUT                                            ;        ;              ;         ; Row I/O    ;                 ; --       ; --           ;
; F15      ; 140        ; 6        ; RESERVED_INPUT                                            ;        ;              ;         ; Row I/O    ;                 ; no       ; Off          ;
; F16      ; 139        ; 6        ; RESERVED_INPUT                                            ;        ;              ;         ; Row I/O    ;                 ; no       ; Off          ;
; G1       ; 14         ; 1        ; RESERVED_INPUT                                            ;        ;              ;         ; Row I/O    ;                 ; no       ; Off          ;
; G2       ; 13         ; 1        ; RESERVED_INPUT                                            ;        ;              ;         ; Row I/O    ;                 ; no       ; Off          ;
; G3       ;            ; 1        ; VCCIO1                                                    ; power  ;              ; 3.3V    ; --         ;                 ; --       ; --           ;
; G4       ;            ;          ; GND                                                       ; gnd    ;              ;         ; --         ;                 ; --       ; --           ;
; G5       ; 10         ; 1        ; RESERVED_INPUT                                            ;        ;              ;         ; Row I/O    ;                 ; no       ; Off          ;
; G6       ;            ;          ; VCCINT                                                    ; power  ;              ; 1.2V    ; --         ;                 ; --       ; --           ;
; G7       ;            ;          ; VCCINT                                                    ; power  ;              ; 1.2V    ; --         ;                 ; --       ; --           ;
; G8       ;            ;          ; VCCINT                                                    ; power  ;              ; 1.2V    ; --         ;                 ; --       ; --           ;
; G9       ;            ;          ; VCCINT                                                    ; power  ;              ; 1.2V    ; --         ;                 ; --       ; --           ;
; G10      ;            ;          ; VCCINT                                                    ; power  ;              ; 1.2V    ; --         ;                 ; --       ; --           ;
; G11      ; 145        ; 6        ; RESERVED_INPUT                                            ;        ;              ;         ; Row I/O    ;                 ; no       ; Off          ;
; G12      ; 132        ; 6        ; ^MSEL2                                                    ;        ;              ;         ; --         ;                 ; --       ; --           ;
; G12      ; 133        ; 6        ; ^MSEL3                                                    ;        ;              ;         ; --         ;                 ; --       ; --           ;
; G13      ;            ;          ; GND                                                       ; gnd    ;              ;         ; --         ;                 ; --       ; --           ;
; G14      ;            ; 6        ; VCCIO6                                                    ; power  ;              ; 3.3V    ; --         ;                 ; --       ; --           ;
; G15      ; 137        ; 6        ; RESERVED_INPUT                                            ;        ;              ;         ; Row I/O    ;                 ; no       ; Off          ;
; G16      ; 136        ; 6        ; RESERVED_INPUT                                            ;        ;              ;         ; Row I/O    ;                 ; no       ; Off          ;
; H1       ; 15         ; 1        ; ~ALTERA_DCLK~                                             ; output ; 3.3-V LVTTL  ;         ; Row I/O    ; N               ; no       ; On           ;
; H2       ; 16         ; 1        ; ~ALTERA_DATA0~ / RESERVED_INPUT_WITH_WEAK_PULLUP          ; input  ; 3.3-V LVTTL  ;         ; Row I/O    ; N               ; no       ; On           ;
; H3       ; 19         ; 1        ; #TCK                                                      ; input  ;              ;         ; --         ;                 ; --       ; --           ;
; H4       ; 18         ; 1        ; #TDI                                                      ; input  ;              ;         ; --         ;                 ; --       ; --           ;
; H5       ; 17         ; 1        ; ^nCONFIG                                                  ;        ;              ;         ; --         ;                 ; --       ; --           ;
; H6       ;            ;          ; VCCINT                                                    ; power  ;              ; 1.2V    ; --         ;                 ; --       ; --           ;
; H7       ;            ;          ; GND                                                       ; gnd    ;              ;         ; --         ;                 ; --       ; --           ;
; H8       ;            ;          ; GND                                                       ; gnd    ;              ;         ; --         ;                 ; --       ; --           ;
; H9       ;            ;          ; GND                                                       ; gnd    ;              ;         ; --         ;                 ; --       ; --           ;
; H10      ;            ;          ; GND                                                       ; gnd    ;              ;         ; --         ;                 ; --       ; --           ;
; H11      ;            ;          ; VCCINT                                                    ; power  ;              ; 1.2V    ; --         ;                 ; --       ; --           ;
; H12      ; 131        ; 6        ; ^MSEL1                                                    ;        ;              ;         ; --         ;                 ; --       ; --           ;
; H13      ; 130        ; 6        ; ^MSEL0                                                    ;        ;              ;         ; --         ;                 ; --       ; --           ;
; H14      ; 129        ; 6        ; ^CONF_DONE                                                ;        ;              ;         ; --         ;                 ; --       ; --           ;
; H15      ;            ;          ; GND                                                       ; gnd    ;              ;         ; --         ;                 ; --       ; --           ;
; H16      ;            ;          ; GND                                                       ; gnd    ;              ;         ; --         ;                 ; --       ; --           ;
; J1       ; 28         ; 2        ; RESERVED_INPUT                                            ;        ;              ;         ; Row I/O    ;                 ; no       ; Off          ;
; J2       ; 27         ; 2        ; RESERVED_INPUT                                            ;        ;              ;         ; Row I/O    ;                 ; no       ; Off          ;
; J3       ; 22         ; 1        ; ^nCE                                                      ;        ;              ;         ; --         ;                 ; --       ; --           ;
; J4       ; 21         ; 1        ; #TDO                                                      ; output ;              ;         ; --         ;                 ; --       ; --           ;
; J5       ; 20         ; 1        ; #TMS                                                      ; input  ;              ;         ; --         ;                 ; --       ; --           ;
; J6       ; 29         ; 2        ; RESERVED_INPUT                                            ;        ;              ;         ; Row I/O    ;                 ; no       ; Off          ;
; J7       ;            ;          ; GND                                                       ; gnd    ;              ;         ; --         ;                 ; --       ; --           ;
; J8       ;            ;          ; GND                                                       ; gnd    ;              ;         ; --         ;                 ; --       ; --           ;
; J9       ;            ;          ; GND                                                       ; gnd    ;              ;         ; --         ;                 ; --       ; --           ;
; J10      ;            ;          ; GND                                                       ; gnd    ;              ;         ; --         ;                 ; --       ; --           ;
; J11      ; 117        ; 5        ; RESERVED_INPUT                                            ;        ;              ;         ; Row I/O    ;                 ; no       ; Off          ;
; J12      ; 123        ; 5        ; RESERVED_INPUT                                            ;        ;              ;         ; Row I/O    ;                 ; no       ; Off          ;
; J13      ; 124        ; 5        ; RESERVED_INPUT                                            ;        ;              ;         ; Row I/O    ;                 ; no       ; Off          ;
; J14      ; 122        ; 5        ; RESERVED_INPUT                                            ;        ;              ;         ; Row I/O    ;                 ; no       ; Off          ;
; J15      ; 121        ; 5        ; RESERVED_INPUT                                            ;        ;              ;         ; Row I/O    ;                 ; no       ; Off          ;
; J16      ; 120        ; 5        ; RESERVED_INPUT                                            ;        ;              ;         ; Row I/O    ;                 ; no       ; Off          ;
; K1       ; 33         ; 2        ; RESERVED_INPUT                                            ;        ;              ;         ; Row I/O    ;                 ; no       ; Off          ;
; K2       ; 32         ; 2        ; RESERVED_INPUT                                            ;        ;              ;         ; Row I/O    ;                 ; no       ; Off          ;
; K3       ;            ; 2        ; VCCIO2                                                    ; power  ;              ; 3.3V    ; --         ;                 ; --       ; --           ;
; K4       ;            ;          ; GND                                                       ; gnd    ;              ;         ; --         ;                 ; --       ; --           ;
; K5       ; 39         ; 2        ; RESERVED_INPUT                                            ;        ;              ;         ; Row I/O    ;                 ; no       ; Off          ;
; K6       ; 30         ; 2        ; RESERVED_INPUT                                            ;        ;              ;         ; Row I/O    ;                 ; no       ; Off          ;
; K7       ;            ;          ; VCCINT                                                    ; power  ;              ; 1.2V    ; --         ;                 ; --       ; --           ;
; K8       ; 60         ; 3        ; RESERVED_INPUT                                            ;        ;              ;         ; Column I/O ;                 ; no       ; Off          ;
; K9       ; 76         ; 4        ; GPIO_0_input_pullup[2]                                    ; input  ; 3.3-V LVTTL  ;         ; Column I/O ; Y               ; no       ; On           ;
; K10      ; 87         ; 4        ; RESERVED_INPUT                                            ;        ;              ;         ; Column I/O ;                 ; no       ; Off          ;
; K11      ; 110        ; 5        ; RESERVED_INPUT                                            ;        ;              ;         ; Row I/O    ;                 ; no       ; Off          ;
; K12      ; 105        ; 5        ; RESERVED_INPUT                                            ;        ;              ;         ; Row I/O    ;                 ; no       ; Off          ;
; K13      ;            ;          ; GND                                                       ; gnd    ;              ;         ; --         ;                 ; --       ; --           ;
; K14      ;            ; 5        ; VCCIO5                                                    ; power  ;              ; 3.3V    ; --         ;                 ; --       ; --           ;
; K15      ; 119        ; 5        ; RESERVED_INPUT                                            ;        ;              ;         ; Row I/O    ;                 ; no       ; Off          ;
; K16      ; 118        ; 5        ; RESERVED_INPUT                                            ;        ;              ;         ; Row I/O    ;                 ; no       ; Off          ;
; L1       ; 35         ; 2        ; RESERVED_INPUT                                            ;        ;              ;         ; Row I/O    ;                 ; no       ; Off          ;
; L2       ; 34         ; 2        ; RESERVED_INPUT                                            ;        ;              ;         ; Row I/O    ;                 ; no       ; Off          ;
; L3       ; 36         ; 2        ; RESERVED_INPUT                                            ;        ;              ;         ; Row I/O    ;                 ; --       ; --           ;
; L4       ; 40         ; 2        ; RESERVED_INPUT                                            ;        ;              ;         ; Row I/O    ;                 ; no       ; Off          ;
; L5       ;            ; --       ; VCCA1                                                     ; power  ;              ; 2.5V    ; --         ;                 ; --       ; --           ;
; L6       ; 31         ; 2        ; RESERVED_INPUT                                            ;        ;              ;         ; Row I/O    ;                 ; no       ; Off          ;
; L7       ; 65         ; 3        ; RESERVED_INPUT                                            ;        ;              ;         ; Column I/O ;                 ; no       ; Off          ;
; L8       ; 68         ; 3        ; RESERVED_INPUT                                            ;        ;              ;         ; Column I/O ;                 ; no       ; Off          ;
; L9       ; 77         ; 4        ; GPIO_0_out_zero_value[3]                                  ; output ; 3.3-V LVTTL  ;         ; Column I/O ; Y               ; no       ; Off          ;
; L10      ; 88         ; 4        ; GPIO_0_input_pullup[3]                                    ; input  ; 3.3-V LVTTL  ;         ; Column I/O ; Y               ; no       ; On           ;
; L11      ; 99         ; 4        ; RESERVED_INPUT                                            ;        ;              ;         ; Column I/O ;                 ; no       ; Off          ;
; L12      ; 104        ; 5        ; RESERVED_INPUT                                            ;        ;              ;         ; Row I/O    ;                 ; no       ; Off          ;
; L13      ; 114        ; 5        ; RESERVED_INPUT                                            ;        ;              ;         ; Row I/O    ;                 ; no       ; Off          ;
; L14      ; 113        ; 5        ; RESERVED_INPUT                                            ;        ;              ;         ; Row I/O    ;                 ; --       ; --           ;
; L15      ; 116        ; 5        ; RESERVED_INPUT                                            ;        ;              ;         ; Row I/O    ;                 ; no       ; Off          ;
; L16      ; 115        ; 5        ; RESERVED_INPUT                                            ;        ;              ;         ; Row I/O    ;                 ; no       ; Off          ;
; M1       ; 26         ; 2        ; GND+                                                      ;        ;              ;         ; Row I/O    ;                 ; --       ; --           ;
; M2       ; 25         ; 2        ; GND+                                                      ;        ;              ;         ; Row I/O    ;                 ; --       ; --           ;
; M3       ;            ; 2        ; VCCIO2                                                    ; power  ;              ; 3.3V    ; --         ;                 ; --       ; --           ;
; M4       ;            ;          ; GND                                                       ; gnd    ;              ;         ; --         ;                 ; --       ; --           ;
; M5       ;            ;          ; GNDA1                                                     ; gnd    ;              ;         ; --         ;                 ; --       ; --           ;
; M6       ; 57         ; 3        ; RESERVED_INPUT                                            ;        ;              ;         ; Column I/O ;                 ; no       ; Off          ;
; M7       ; 59         ; 3        ; RESERVED_INPUT                                            ;        ;              ;         ; Column I/O ;                 ; no       ; Off          ;
; M8       ; 69         ; 3        ; RESERVED_INPUT                                            ;        ;              ;         ; Column I/O ;                 ; no       ; Off          ;
; M9       ; 78         ; 4        ; GPIO_0_out_zero_value[4]                                  ; output ; 3.3-V LVTTL  ;         ; Column I/O ; Y               ; no       ; Off          ;
; M10      ; 93         ; 4        ; SEG_SEL[5]                                                ; output ; 3.3-V LVTTL  ;         ; Column I/O ; Y               ; no       ; Off          ;
; M11      ; 100        ; 4        ; SEG_SEL[2]                                                ; output ; 3.3-V LVTTL  ;         ; Column I/O ; Y               ; no       ; Off          ;
; M12      ; 103        ; 5        ; RESERVED_INPUT                                            ;        ;              ;         ; Row I/O    ;                 ; no       ; Off          ;
; M13      ;            ;          ; GND                                                       ; gnd    ;              ;         ; --         ;                 ; --       ; --           ;
; M14      ;            ; 5        ; VCCIO5                                                    ; power  ;              ; 3.3V    ; --         ;                 ; --       ; --           ;
; M15      ; 126        ; 5        ; KEY2_N                                                    ; input  ; 3.3-V LVTTL  ;         ; Row I/O    ; Y               ; no       ; Off          ;
; M16      ; 125        ; 5        ; KEY3_N                                                    ; input  ; 3.3-V LVTTL  ;         ; Row I/O    ; Y               ; no       ; Off          ;
; N1       ; 38         ; 2        ; RESERVED_INPUT                                            ;        ;              ;         ; Row I/O    ;                 ; no       ; Off          ;
; N2       ; 37         ; 2        ; GPIO_0_out_zero_value[0]                                  ; output ; 3.3-V LVTTL  ;         ; Row I/O    ; Y               ; no       ; Off          ;
; N3       ; 45         ; 3        ; RESERVED_INPUT                                            ;        ;              ;         ; Column I/O ;                 ; no       ; Off          ;
; N4       ;            ;          ; VCCD_PLL1                                                 ; power  ;              ; 1.2V    ; --         ;                 ; --       ; --           ;
; N5       ; 55         ; 3        ; RESERVED_INPUT                                            ;        ;              ;         ; Column I/O ;                 ; no       ; Off          ;
; N6       ; 56         ; 3        ; RESERVED_INPUT                                            ;        ;              ;         ; Column I/O ;                 ; no       ; Off          ;
; N7       ;            ;          ; GND                                                       ; gnd    ;              ;         ; --         ;                 ; --       ; --           ;
; N8       ; 70         ; 3        ; RESERVED_INPUT                                            ;        ;              ;         ; Column I/O ;                 ; no       ; Off          ;
; N9       ; 79         ; 4        ; SEG_SEL[7]                                                ; output ; 3.3-V LVTTL  ;         ; Column I/O ; Y               ; no       ; Off          ;
; N10      ;            ;          ; GND                                                       ; gnd    ;              ;         ; --         ;                 ; --       ; --           ;
; N11      ; 94         ; 4        ; SEG_SEL[4]                                                ; output ; 3.3-V LVTTL  ;         ; Column I/O ; Y               ; no       ; Off          ;
; N12      ; 101        ; 4        ; SEG_DATA[2]                                               ; output ; 3.3-V LVTTL  ;         ; Column I/O ; Y               ; no       ; Off          ;
; N13      ; 102        ; 5        ; RST_N                                                     ; input  ; 3.3-V LVTTL  ;         ; Row I/O    ; Y               ; no       ; Off          ;
; N14      ; 106        ; 5        ; RESERVED_INPUT                                            ;        ;              ;         ; Row I/O    ;                 ; no       ; Off          ;
; N15      ; 112        ; 5        ; SEG_DATA[1]                                               ; output ; 3.3-V LVTTL  ;         ; Row I/O    ; Y               ; no       ; Off          ;
; N16      ; 111        ; 5        ; SEG_DATA[6]                                               ; output ; 3.3-V LVTTL  ;         ; Row I/O    ; Y               ; no       ; Off          ;
; P1       ; 44         ; 2        ; GPIO_0_input_pullup[0]                                    ; input  ; 3.3-V LVTTL  ;         ; Row I/O    ; Y               ; no       ; On           ;
; P2       ; 43         ; 2        ; GPIO_0_out_zero_value[1]                                  ; output ; 3.3-V LVTTL  ;         ; Row I/O    ; Y               ; no       ; Off          ;
; P3       ; 46         ; 3        ; GPIO_0_out_zero_value[5]                                  ; output ; 3.3-V LVTTL  ;         ; Column I/O ; Y               ; no       ; Off          ;
; P4       ;            ; 3        ; VCCIO3                                                    ; power  ;              ; 3.3V    ; --         ;                 ; --       ; --           ;
; P5       ;            ;          ; GND                                                       ; gnd    ;              ;         ; --         ;                 ; --       ; --           ;
; P6       ; 58         ; 3        ; RESERVED_INPUT                                            ;        ;              ;         ; Column I/O ;                 ; --       ; --           ;
; P7       ;            ; 3        ; VCCIO3                                                    ; power  ;              ; 3.3V    ; --         ;                 ; --       ; --           ;
; P8       ; 71         ; 3        ; GPIO_0_out_zero_value[2]                                  ; output ; 3.3-V LVTTL  ;         ; Column I/O ; Y               ; no       ; Off          ;
; P9       ; 89         ; 4        ; SEG_SEL[6]                                                ; output ; 3.3-V LVTTL  ;         ; Column I/O ; Y               ; no       ; Off          ;
; P10      ;            ; 4        ; VCCIO4                                                    ; power  ;              ; 3.3V    ; --         ;                 ; --       ; --           ;
; P11      ; 90         ; 4        ; SEG_SEL[3]                                                ; output ; 3.3-V LVTTL  ;         ; Column I/O ; Y               ; no       ; Off          ;
; P12      ;            ;          ; GND                                                       ; gnd    ;              ;         ; --         ;                 ; --       ; --           ;
; P13      ;            ; 4        ; VCCIO4                                                    ; power  ;              ; 3.3V    ; --         ;                 ; --       ; --           ;
; P14      ; 98         ; 4        ; RESERVED_INPUT                                            ;        ;              ;         ; Column I/O ;                 ; no       ; Off          ;
; P15      ; 107        ; 5        ; SEG_DATA[3]                                               ; output ; 3.3-V LVTTL  ;         ; Row I/O    ; Y               ; no       ; Off          ;
; P16      ; 108        ; 5        ; SEG_DATA[5]                                               ; output ; 3.3-V LVTTL  ;         ; Row I/O    ; Y               ; no       ; Off          ;
; R1       ; 42         ; 2        ; GPIO_0_input_pullup[1]                                    ; input  ; 3.3-V LVTTL  ;         ; Row I/O    ; Y               ; no       ; On           ;
; R2       ;            ;          ; GND                                                       ; gnd    ;              ;         ; --         ;                 ; --       ; --           ;
; R3       ; 47         ; 3        ; GPIO_0_out_zero_value[6]                                  ; output ; 3.3-V LVTTL  ;         ; Column I/O ; Y               ; no       ; Off          ;
; R4       ; 53         ; 3        ; GPIO_0_out_zero_value[7]                                  ; output ; 3.3-V LVTTL  ;         ; Column I/O ; Y               ; no       ; Off          ;
; R5       ; 61         ; 3        ; GPIO_0_out_zero_value[8]                                  ; output ; 3.3-V LVTTL  ;         ; Column I/O ; Y               ; no       ; Off          ;
; R6       ; 63         ; 3        ; GPIO_0_out_zero_value[9]                                  ; output ; 3.3-V LVTTL  ;         ; Column I/O ; Y               ; no       ; Off          ;
; R7       ; 66         ; 3        ; GPIO_0_out_zero_value[10]                                 ; output ; 3.3-V LVTTL  ;         ; Column I/O ; Y               ; no       ; Off          ;
; R8       ; 72         ; 3        ; GPIO_0_out_zero_value[11]                                 ; output ; 3.3-V LVTTL  ;         ; Column I/O ; Y               ; no       ; Off          ;
; R9       ; 74         ; 4        ; GPIO_0_out_zero_value[12]                                 ; output ; 3.3-V LVTTL  ;         ; Column I/O ; Y               ; no       ; Off          ;
; R10      ; 80         ; 4        ; GPIO_0_out_zero_value[13]                                 ; output ; 3.3-V LVTTL  ;         ; Column I/O ; Y               ; no       ; Off          ;
; R11      ; 83         ; 4        ; GPIO_0_out_zero_value[14]                                 ; output ; 3.3-V LVTTL  ;         ; Column I/O ; Y               ; no       ; Off          ;
; R12      ; 85         ; 4        ; GPIO_0_out_zero_value[15]                                 ; output ; 3.3-V LVTTL  ;         ; Column I/O ; Y               ; no       ; Off          ;
; R13      ; 91         ; 4        ; GPIO_0_out_zero_value[16]                                 ; output ; 3.3-V LVTTL  ;         ; Column I/O ; Y               ; no       ; Off          ;
; R14      ; 97         ; 4        ; SEG_DATA[7]                                               ; output ; 3.3-V LVTTL  ;         ; Column I/O ; Y               ; no       ; Off          ;
; R15      ;            ;          ; GND                                                       ; gnd    ;              ;         ; --         ;                 ; --       ; --           ;
; R16      ; 109        ; 5        ; SEG_DATA[0]                                               ; output ; 3.3-V LVTTL  ;         ; Row I/O    ; Y               ; no       ; Off          ;
; T1       ;            ; 3        ; VCCIO3                                                    ; power  ;              ; 3.3V    ; --         ;                 ; --       ; --           ;
; T2       ; 52         ; 3        ; GPIO_0_input_pullup[4]                                    ; input  ; 3.3-V LVTTL  ;         ; Column I/O ; Y               ; no       ; On           ;
; T3       ; 48         ; 3        ; GPIO_0_input_pullup[5]                                    ; input  ; 3.3-V LVTTL  ;         ; Column I/O ; Y               ; no       ; On           ;
; T4       ; 54         ; 3        ; GPIO_0_input_pullup[6]                                    ; input  ; 3.3-V LVTTL  ;         ; Column I/O ; Y               ; no       ; On           ;
; T5       ; 62         ; 3        ; GPIO_0_input_pullup[7]                                    ; input  ; 3.3-V LVTTL  ;         ; Column I/O ; Y               ; no       ; On           ;
; T6       ; 64         ; 3        ; GPIO_0_input_pullup[8]                                    ; input  ; 3.3-V LVTTL  ;         ; Column I/O ; Y               ; no       ; On           ;
; T7       ; 67         ; 3        ; GPIO_0_input_pullup[9]                                    ; input  ; 3.3-V LVTTL  ;         ; Column I/O ; Y               ; no       ; On           ;
; T8       ; 73         ; 3        ; GPIO_0_input_pullup[10]                                   ; input  ; 3.3-V LVTTL  ;         ; Column I/O ; Y               ; no       ; On           ;
; T9       ; 75         ; 4        ; GPIO_0_input_pullup[11]                                   ; input  ; 3.3-V LVTTL  ;         ; Column I/O ; Y               ; no       ; On           ;
; T10      ; 81         ; 4        ; GPIO_0_input_pullup[12]                                   ; input  ; 3.3-V LVTTL  ;         ; Column I/O ; Y               ; no       ; On           ;
; T11      ; 84         ; 4        ; GPIO_0_input_pullup[13]                                   ; input  ; 3.3-V LVTTL  ;         ; Column I/O ; Y               ; no       ; On           ;
; T12      ; 86         ; 4        ; GPIO_0_input_pullup[14]                                   ; input  ; 3.3-V LVTTL  ;         ; Column I/O ; Y               ; no       ; On           ;
; T13      ; 92         ; 4        ; GPIO_0_input_pullup[15]                                   ; input  ; 3.3-V LVTTL  ;         ; Column I/O ; Y               ; no       ; On           ;
; T14      ; 95         ; 4        ; GPIO_0_input_pullup[16]                                   ; input  ; 3.3-V LVTTL  ;         ; Column I/O ; Y               ; no       ; On           ;
; T15      ; 96         ; 4        ; SEG_DATA[4]                                               ; output ; 3.3-V LVTTL  ;         ; Column I/O ; Y               ; no       ; Off          ;
; T16      ;            ; 4        ; VCCIO4                                                    ; power  ;              ; 3.3V    ; --         ;                 ; --       ; --           ;
+----------+------------+----------+-----------------------------------------------------------+--------+--------------+---------+------------+-----------------+----------+--------------+
Note: Pin directions (input, output or bidir) are based on device operating in user mode.


+----------------------------------------------------+
; I/O Assignment Warnings                            ;
+---------------------------+------------------------+
; Pin Name                  ; Reason                 ;
+---------------------------+------------------------+
; LED[0]                    ; Missing drive strength ;
; LED[1]                    ; Missing drive strength ;
; LED[2]                    ; Missing drive strength ;
; LED[3]                    ; Missing drive strength ;
; SEG_DATA[0]               ; Missing drive strength ;
; SEG_DATA[1]               ; Missing drive strength ;
; SEG_DATA[2]               ; Missing drive strength ;
; SEG_DATA[3]               ; Missing drive strength ;
; SEG_DATA[4]               ; Missing drive strength ;
; SEG_DATA[5]               ; Missing drive strength ;
; SEG_DATA[6]               ; Missing drive strength ;
; SEG_DATA[7]               ; Missing drive strength ;
; SEG_SEL[0]                ; Missing drive strength ;
; SEG_SEL[1]                ; Missing drive strength ;
; SEG_SEL[2]                ; Missing drive strength ;
; SEG_SEL[3]                ; Missing drive strength ;
; SEG_SEL[4]                ; Missing drive strength ;
; SEG_SEL[5]                ; Missing drive strength ;
; SEG_SEL[6]                ; Missing drive strength ;
; SEG_SEL[7]                ; Missing drive strength ;
; GPIO_0_out_zero_value[0]  ; Missing drive strength ;
; GPIO_0_out_zero_value[1]  ; Missing drive strength ;
; GPIO_0_out_zero_value[2]  ; Missing drive strength ;
; GPIO_0_out_zero_value[3]  ; Missing drive strength ;
; GPIO_0_out_zero_value[4]  ; Missing drive strength ;
; GPIO_0_out_zero_value[5]  ; Missing drive strength ;
; GPIO_0_out_zero_value[6]  ; Missing drive strength ;
; GPIO_0_out_zero_value[7]  ; Missing drive strength ;
; GPIO_0_out_zero_value[8]  ; Missing drive strength ;
; GPIO_0_out_zero_value[9]  ; Missing drive strength ;
; GPIO_0_out_zero_value[10] ; Missing drive strength ;
; GPIO_0_out_zero_value[11] ; Missing drive strength ;
; GPIO_0_out_zero_value[12] ; Missing drive strength ;
; GPIO_0_out_zero_value[13] ; Missing drive strength ;
; GPIO_0_out_zero_value[14] ; Missing drive strength ;
; GPIO_0_out_zero_value[15] ; Missing drive strength ;
; GPIO_0_out_zero_value[16] ; Missing drive strength ;
; GPIO_1_out_zero_value[0]  ; Missing drive strength ;
; GPIO_1_out_zero_value[1]  ; Missing drive strength ;
; GPIO_1_out_zero_value[2]  ; Missing drive strength ;
; GPIO_1_out_zero_value[3]  ; Missing drive strength ;
; GPIO_1_out_zero_value[4]  ; Missing drive strength ;
; GPIO_1_out_zero_value[5]  ; Missing drive strength ;
; GPIO_1_out_zero_value[6]  ; Missing drive strength ;
; GPIO_1_out_zero_value[7]  ; Missing drive strength ;
; GPIO_1_out_zero_value[8]  ; Missing drive strength ;
; GPIO_1_out_zero_value[9]  ; Missing drive strength ;
; GPIO_1_out_zero_value[10] ; Missing drive strength ;
; GPIO_1_out_zero_value[11] ; Missing drive strength ;
; GPIO_1_out_zero_value[12] ; Missing drive strength ;
; GPIO_1_out_zero_value[13] ; Missing drive strength ;
; GPIO_1_out_zero_value[14] ; Missing drive strength ;
; GPIO_1_out_zero_value[15] ; Missing drive strength ;
; GPIO_1_out_zero_value[16] ; Missing drive strength ;
+---------------------------+------------------------+


+-------------------------------------------------------------------------------------------------------------------------------------------------------------------------------------------------------------------------------------------------------------------------------------------------------------------------------------------------------+
; Fitter Resource Utilization by Entity                                                                                                                                                                                                                                                                                                                 ;
+-----------------------------------+-------------+---------------------------+---------------+-------------+------+--------------+---------+-----------+------+--------------+--------------+-------------------+------------------+----------------------------------------------------------------------------+-----------------------+--------------+
; Compilation Hierarchy Node        ; Logic Cells ; Dedicated Logic Registers ; I/O Registers ; Memory Bits ; M9Ks ; DSP Elements ; DSP 9x9 ; DSP 18x18 ; Pins ; Virtual Pins ; LUT-Only LCs ; Register-Only LCs ; LUT/Register LCs ; Full Hierarchy Name                                                        ; Entity Name           ; Library Name ;
+-----------------------------------+-------------+---------------------------+---------------+-------------+------+--------------+---------+-----------+------+--------------+--------------+-------------------+------------------+----------------------------------------------------------------------------+-----------------------+--------------+
; |fec_saylinx_board_top            ; 489 (144)   ; 340 (118)                 ; 0 (0)         ; 0           ; 0    ; 0            ; 0       ; 0         ; 93   ; 0            ; 149 (27)     ; 51 (25)           ; 289 (92)         ; |fec_saylinx_board_top                                                     ; fec_saylinx_board_top ; work         ;
;    |func:func_inst|               ; 266 (123)   ; 203 (113)                 ; 0 (0)         ; 0           ; 0    ; 0            ; 0       ; 0         ; 0    ; 0            ; 63 (10)      ; 26 (26)           ; 177 (87)         ; |fec_saylinx_board_top|func:func_inst                                      ; func                  ; work         ;
;       |mult16x8:mul|              ; 143 (143)   ; 90 (90)                   ; 0 (0)         ; 0           ; 0    ; 0            ; 0       ; 0         ; 0    ; 0            ; 53 (53)      ; 0 (0)             ; 90 (90)          ; |fec_saylinx_board_top|func:func_inst|mult16x8:mul                         ; mult16x8              ; work         ;
;    |seg_display_ctrl:seg_ctrl|    ; 79 (65)     ; 19 (19)                   ; 0 (0)         ; 0           ; 0    ; 0            ; 0       ; 0         ; 0    ; 0            ; 59 (45)      ; 0 (0)             ; 20 (20)          ; |fec_saylinx_board_top|seg_display_ctrl:seg_ctrl                           ; seg_display_ctrl      ; work         ;
;       |hex_to_7seg:u_hex_to_7seg| ; 14 (14)     ; 0 (0)                     ; 0 (0)         ; 0           ; 0    ; 0            ; 0       ; 0         ; 0    ; 0            ; 14 (14)      ; 0 (0)             ; 0 (0)            ; |fec_saylinx_board_top|seg_display_ctrl:seg_ctrl|hex_to_7seg:u_hex_to_7seg ; hex_to_7seg           ; work         ;
+-----------------------------------+-------------+---------------------------+---------------+-------------+------+--------------+---------+-----------+------+--------------+--------------+-------------------+------------------+----------------------------------------------------------------------------+-----------------------+--------------+
Note: For table entries with two numbers listed, the numbers in parentheses indicate the number of resources of the given type used by the specific entity alone. The numbers listed outside of parentheses indicate the total resources of the given type used by the specific entity and all of its sub-entities in the hierarchy.


+-----------------------------------------------------------------------------------------------------------+
; Delay Chain Summary                                                                                       ;
+---------------------------+----------+---------------+---------------+-----------------------+-----+------+
; Name                      ; Pin Type ; Pad to Core 0 ; Pad to Core 1 ; Pad to Input Register ; TCO ; TCOE ;
+---------------------------+----------+---------------+---------------+-----------------------+-----+------+
; LED[0]                    ; Output   ; --            ; --            ; --                    ; --  ; --   ;
; LED[1]                    ; Output   ; --            ; --            ; --                    ; --  ; --   ;
; LED[2]                    ; Output   ; --            ; --            ; --                    ; --  ; --   ;
; LED[3]                    ; Output   ; --            ; --            ; --                    ; --  ; --   ;
; SEG_DATA[0]               ; Output   ; --            ; --            ; --                    ; --  ; --   ;
; SEG_DATA[1]               ; Output   ; --            ; --            ; --                    ; --  ; --   ;
; SEG_DATA[2]               ; Output   ; --            ; --            ; --                    ; --  ; --   ;
; SEG_DATA[3]               ; Output   ; --            ; --            ; --                    ; --  ; --   ;
; SEG_DATA[4]               ; Output   ; --            ; --            ; --                    ; --  ; --   ;
; SEG_DATA[5]               ; Output   ; --            ; --            ; --                    ; --  ; --   ;
; SEG_DATA[6]               ; Output   ; --            ; --            ; --                    ; --  ; --   ;
; SEG_DATA[7]               ; Output   ; --            ; --            ; --                    ; --  ; --   ;
; SEG_SEL[0]                ; Output   ; --            ; --            ; --                    ; --  ; --   ;
; SEG_SEL[1]                ; Output   ; --            ; --            ; --                    ; --  ; --   ;
; SEG_SEL[2]                ; Output   ; --            ; --            ; --                    ; --  ; --   ;
; SEG_SEL[3]                ; Output   ; --            ; --            ; --                    ; --  ; --   ;
; SEG_SEL[4]                ; Output   ; --            ; --            ; --                    ; --  ; --   ;
; SEG_SEL[5]                ; Output   ; --            ; --            ; --                    ; --  ; --   ;
; SEG_SEL[6]                ; Output   ; --            ; --            ; --                    ; --  ; --   ;
; SEG_SEL[7]                ; Output   ; --            ; --            ; --                    ; --  ; --   ;
; GPIO_0_out_zero_value[0]  ; Output   ; --            ; --            ; --                    ; --  ; --   ;
; GPIO_0_out_zero_value[1]  ; Output   ; --            ; --            ; --                    ; --  ; --   ;
; GPIO_0_out_zero_value[2]  ; Output   ; --            ; --            ; --                    ; --  ; --   ;
; GPIO_0_out_zero_value[3]  ; Output   ; --            ; --            ; --                    ; --  ; --   ;
; GPIO_0_out_zero_value[4]  ; Output   ; --            ; --            ; --                    ; --  ; --   ;
; GPIO_0_out_zero_value[5]  ; Output   ; --            ; --            ; --                    ; --  ; --   ;
; GPIO_0_out_zero_value[6]  ; Output   ; --            ; --            ; --                    ; --  ; --   ;
; GPIO_0_out_zero_value[7]  ; Output   ; --            ; --            ; --                    ; --  ; --   ;
; GPIO_0_out_zero_value[8]  ; Output   ; --            ; --            ; --                    ; --  ; --   ;
; GPIO_0_out_zero_value[9]  ; Output   ; --            ; --            ; --                    ; --  ; --   ;
; GPIO_0_out_zero_value[10] ; Output   ; --            ; --            ; --                    ; --  ; --   ;
; GPIO_0_out_zero_value[11] ; Output   ; --            ; --            ; --                    ; --  ; --   ;
; GPIO_0_out_zero_value[12] ; Output   ; --            ; --            ; --                    ; --  ; --   ;
; GPIO_0_out_zero_value[13] ; Output   ; --            ; --            ; --                    ; --  ; --   ;
; GPIO_0_out_zero_value[14] ; Output   ; --            ; --            ; --                    ; --  ; --   ;
; GPIO_0_out_zero_value[15] ; Output   ; --            ; --            ; --                    ; --  ; --   ;
; GPIO_0_out_zero_value[16] ; Output   ; --            ; --            ; --                    ; --  ; --   ;
; GPIO_0_input_pullup[16]   ; Input    ; --            ; --            ; --                    ; --  ; --   ;
; GPIO_1_out_zero_value[0]  ; Output   ; --            ; --            ; --                    ; --  ; --   ;
; GPIO_1_out_zero_value[1]  ; Output   ; --            ; --            ; --                    ; --  ; --   ;
; GPIO_1_out_zero_value[2]  ; Output   ; --            ; --            ; --                    ; --  ; --   ;
; GPIO_1_out_zero_value[3]  ; Output   ; --            ; --            ; --                    ; --  ; --   ;
; GPIO_1_out_zero_value[4]  ; Output   ; --            ; --            ; --                    ; --  ; --   ;
; GPIO_1_out_zero_value[5]  ; Output   ; --            ; --            ; --                    ; --  ; --   ;
; GPIO_1_out_zero_value[6]  ; Output   ; --            ; --            ; --                    ; --  ; --   ;
; GPIO_1_out_zero_value[7]  ; Output   ; --            ; --            ; --                    ; --  ; --   ;
; GPIO_1_out_zero_value[8]  ; Output   ; --            ; --            ; --                    ; --  ; --   ;
; GPIO_1_out_zero_value[9]  ; Output   ; --            ; --            ; --                    ; --  ; --   ;
; GPIO_1_out_zero_value[10] ; Output   ; --            ; --            ; --                    ; --  ; --   ;
; GPIO_1_out_zero_value[11] ; Output   ; --            ; --            ; --                    ; --  ; --   ;
; GPIO_1_out_zero_value[12] ; Output   ; --            ; --            ; --                    ; --  ; --   ;
; GPIO_1_out_zero_value[13] ; Output   ; --            ; --            ; --                    ; --  ; --   ;
; GPIO_1_out_zero_value[14] ; Output   ; --            ; --            ; --                    ; --  ; --   ;
; GPIO_1_out_zero_value[15] ; Output   ; --            ; --            ; --                    ; --  ; --   ;
; GPIO_1_out_zero_value[16] ; Output   ; --            ; --            ; --                    ; --  ; --   ;
; GPIO_1_input_pullup[0]    ; Input    ; --            ; --            ; --                    ; --  ; --   ;
; GPIO_1_input_pullup[1]    ; Input    ; --            ; --            ; --                    ; --  ; --   ;
; GPIO_1_input_pullup[2]    ; Input    ; --            ; --            ; --                    ; --  ; --   ;
; GPIO_1_input_pullup[3]    ; Input    ; --            ; --            ; --                    ; --  ; --   ;
; GPIO_1_input_pullup[4]    ; Input    ; --            ; --            ; --                    ; --  ; --   ;
; GPIO_1_input_pullup[5]    ; Input    ; --            ; --            ; --                    ; --  ; --   ;
; GPIO_1_input_pullup[6]    ; Input    ; --            ; --            ; --                    ; --  ; --   ;
; GPIO_1_input_pullup[7]    ; Input    ; --            ; --            ; --                    ; --  ; --   ;
; GPIO_1_input_pullup[8]    ; Input    ; --            ; --            ; --                    ; --  ; --   ;
; GPIO_1_input_pullup[9]    ; Input    ; --            ; --            ; --                    ; --  ; --   ;
; GPIO_1_input_pullup[10]   ; Input    ; --            ; --            ; --                    ; --  ; --   ;
; GPIO_1_input_pullup[11]   ; Input    ; --            ; --            ; --                    ; --  ; --   ;
; GPIO_1_input_pullup[12]   ; Input    ; --            ; --            ; --                    ; --  ; --   ;
; GPIO_1_input_pullup[13]   ; Input    ; --            ; --            ; --                    ; --  ; --   ;
; GPIO_1_input_pullup[14]   ; Input    ; --            ; --            ; --                    ; --  ; --   ;
; GPIO_1_input_pullup[15]   ; Input    ; --            ; --            ; --                    ; --  ; --   ;
; GPIO_1_input_pullup[16]   ; Input    ; --            ; --            ; --                    ; --  ; --   ;
; CLK                       ; Input    ; (0) 0 ps      ; --            ; --                    ; --  ; --   ;
; RST_N                     ; Input    ; --            ; (6) 1314 ps   ; --                    ; --  ; --   ;
; GPIO_0_input_pullup[12]   ; Input    ; (6) 1314 ps   ; --            ; --                    ; --  ; --   ;
; GPIO_0_input_pullup[4]    ; Input    ; --            ; (6) 1314 ps   ; --                    ; --  ; --   ;
; GPIO_0_input_pullup[13]   ; Input    ; --            ; (6) 1314 ps   ; --                    ; --  ; --   ;
; GPIO_0_input_pullup[5]    ; Input    ; (6) 1314 ps   ; --            ; --                    ; --  ; --   ;
; GPIO_0_input_pullup[14]   ; Input    ; --            ; (6) 1314 ps   ; --                    ; --  ; --   ;
; GPIO_0_input_pullup[6]    ; Input    ; (6) 1314 ps   ; --            ; --                    ; --  ; --   ;
; GPIO_0_input_pullup[15]   ; Input    ; (6) 1314 ps   ; --            ; --                    ; --  ; --   ;
; GPIO_0_input_pullup[7]    ; Input    ; (6) 1314 ps   ; --            ; --                    ; --  ; --   ;
; GPIO_0_input_pullup[8]    ; Input    ; (6) 1314 ps   ; --            ; --                    ; --  ; --   ;
; GPIO_0_input_pullup[0]    ; Input    ; (6) 1314 ps   ; --            ; --                    ; --  ; --   ;
; GPIO_0_input_pullup[9]    ; Input    ; (6) 1314 ps   ; --            ; --                    ; --  ; --   ;
; GPIO_0_input_pullup[1]    ; Input    ; --            ; (6) 1314 ps   ; --                    ; --  ; --   ;
; GPIO_0_input_pullup[10]   ; Input    ; (6) 1314 ps   ; --            ; --                    ; --  ; --   ;
; GPIO_0_input_pullup[2]    ; Input    ; --            ; (6) 1314 ps   ; --                    ; --  ; --   ;
; GPIO_0_input_pullup[11]   ; Input    ; (6) 1314 ps   ; --            ; --                    ; --  ; --   ;
; GPIO_0_input_pullup[3]    ; Input    ; (6) 1314 ps   ; --            ; --                    ; --  ; --   ;
; KEY2_N                    ; Input    ; (0) 0 ps      ; --            ; --                    ; --  ; --   ;
; KEY3_N                    ; Input    ; (0) 0 ps      ; --            ; --                    ; --  ; --   ;
; KEY4_N                    ; Input    ; (0) 0 ps      ; --            ; --                    ; --  ; --   ;
+---------------------------+----------+---------------+---------------+-----------------------+-----+------+


+-----------------------------------------------------------------------------+
; Pad To Core Delay Chain Fanout                                              ;
+-----------------------------------------------+-------------------+---------+
; Source Pin / Fanout                           ; Pad To Core Index ; Setting ;
+-----------------------------------------------+-------------------+---------+
; GPIO_0_input_pullup[16]                       ;                   ;         ;
; GPIO_1_input_pullup[0]                        ;                   ;         ;
; GPIO_1_input_pullup[1]                        ;                   ;         ;
; GPIO_1_input_pullup[2]                        ;                   ;         ;
; GPIO_1_input_pullup[3]                        ;                   ;         ;
; GPIO_1_input_pullup[4]                        ;                   ;         ;
; GPIO_1_input_pullup[5]                        ;                   ;         ;
; GPIO_1_input_pullup[6]                        ;                   ;         ;
; GPIO_1_input_pullup[7]                        ;                   ;         ;
; GPIO_1_input_pullup[8]                        ;                   ;         ;
; GPIO_1_input_pullup[9]                        ;                   ;         ;
; GPIO_1_input_pullup[10]                       ;                   ;         ;
; GPIO_1_input_pullup[11]                       ;                   ;         ;
; GPIO_1_input_pullup[12]                       ;                   ;         ;
; GPIO_1_input_pullup[13]                       ;                   ;         ;
; GPIO_1_input_pullup[14]                       ;                   ;         ;
; GPIO_1_input_pullup[15]                       ;                   ;         ;
; GPIO_1_input_pullup[16]                       ;                   ;         ;
; CLK                                           ;                   ;         ;
; RST_N                                         ;                   ;         ;
;      - display_value[8]                       ; 1                 ; 6       ;
;      - display_value[9]                       ; 1                 ; 6       ;
;      - display_value[10]                      ; 1                 ; 6       ;
;      - display_value[11]                      ; 1                 ; 6       ;
;      - display_value[12]                      ; 1                 ; 6       ;
;      - display_value[13]                      ; 1                 ; 6       ;
;      - display_value[14]                      ; 1                 ; 6       ;
;      - display_value[15]                      ; 1                 ; 6       ;
;      - display_value[16]                      ; 1                 ; 6       ;
;      - display_value[17]                      ; 1                 ; 6       ;
;      - display_value[18]                      ; 1                 ; 6       ;
;      - display_value[19]                      ; 1                 ; 6       ;
;      - display_value[20]                      ; 1                 ; 6       ;
;      - display_value[21]                      ; 1                 ; 6       ;
;      - display_value[22]                      ; 1                 ; 6       ;
;      - display_value[23]                      ; 1                 ; 6       ;
;      - key4_prev                              ; 1                 ; 6       ;
;      - key4_stable                            ; 1                 ; 6       ;
;      - key3_prev                              ; 1                 ; 6       ;
;      - key3_stable                            ; 1                 ; 6       ;
;      - key2_prev                              ; 1                 ; 6       ;
;      - key2_stable                            ; 1                 ; 6       ;
;      - seg_display_ctrl:seg_ctrl|digit_idx[0] ; 1                 ; 6       ;
;      - seg_display_ctrl:seg_ctrl|digit_idx[1] ; 1                 ; 6       ;
;      - seg_display_ctrl:seg_ctrl|digit_idx[2] ; 1                 ; 6       ;
;      - func:func_inst|busy                    ; 1                 ; 6       ;
;      - display_value[0]                       ; 1                 ; 6       ;
;      - display_value[4]                       ; 1                 ; 6       ;
;      - display_value[1]                       ; 1                 ; 6       ;
;      - display_value[5]                       ; 1                 ; 6       ;
;      - display_value[2]                       ; 1                 ; 6       ;
;      - display_value[6]                       ; 1                 ; 6       ;
;      - display_value[3]                       ; 1                 ; 6       ;
;      - display_value[7]                       ; 1                 ; 6       ;
;      - func:func_inst|mult16x8:mul|done       ; 1                 ; 6       ;
;      - func:func_inst|mult16x8:mul|state      ; 1                 ; 6       ;
;      - func:func_inst|m_start                 ; 1                 ; 6       ;
;      - func:func_inst|mult16x8:mul|b_reg[0]   ; 1                 ; 6       ;
;      - func:func_inst|mult16x8:mul|a_ext[15]  ; 1                 ; 6       ;
;      - func:func_inst|mult16x8:mul|a_ext[14]  ; 1                 ; 6       ;
;      - func:func_inst|mult16x8:mul|a_ext[13]  ; 1                 ; 6       ;
;      - func:func_inst|mult16x8:mul|a_ext[12]  ; 1                 ; 6       ;
;      - func:func_inst|mult16x8:mul|a_ext[11]  ; 1                 ; 6       ;
;      - func:func_inst|mult16x8:mul|a_ext[10]  ; 1                 ; 6       ;
;      - func:func_inst|mult16x8:mul|a_ext[9]   ; 1                 ; 6       ;
;      - func:func_inst|mult16x8:mul|a_ext[8]   ; 1                 ; 6       ;
;      - func:func_inst|mult16x8:mul|a_ext[7]   ; 1                 ; 6       ;
;      - func:func_inst|mult16x8:mul|a_ext[6]   ; 1                 ; 6       ;
;      - func:func_inst|mult16x8:mul|a_ext[5]   ; 1                 ; 6       ;
;      - func:func_inst|mult16x8:mul|a_ext[4]   ; 1                 ; 6       ;
;      - func:func_inst|mult16x8:mul|a_ext[3]   ; 1                 ; 6       ;
;      - func:func_inst|mult16x8:mul|a_ext[2]   ; 1                 ; 6       ;
;      - func:func_inst|mult16x8:mul|a_ext[1]   ; 1                 ; 6       ;
;      - func:func_inst|m_B[0]                  ; 1                 ; 6       ;
;      - func:func_inst|mult16x8:mul|b_reg[1]   ; 1                 ; 6       ;
;      - func:func_inst|m_A[7]                  ; 1                 ; 6       ;
;      - func:func_inst|m_A[6]                  ; 1                 ; 6       ;
;      - func:func_inst|m_A[5]                  ; 1                 ; 6       ;
;      - func:func_inst|m_A[4]                  ; 1                 ; 6       ;
;      - func:func_inst|m_A[3]                  ; 1                 ; 6       ;
;      - func:func_inst|m_A[2]                  ; 1                 ; 6       ;
;      - func:func_inst|m_A[1]                  ; 1                 ; 6       ;
;      - func:func_inst|m_A[0]                  ; 1                 ; 6       ;
;      - func:func_inst|m_B[1]                  ; 1                 ; 6       ;
;      - func:func_inst|mult16x8:mul|b_reg[2]   ; 1                 ; 6       ;
;      - func:func_inst|m_B[2]                  ; 1                 ; 6       ;
;      - func:func_inst|mult16x8:mul|b_reg[3]   ; 1                 ; 6       ;
;      - func:func_inst|m_B[3]                  ; 1                 ; 6       ;
;      - func:func_inst|mult16x8:mul|b_reg[4]   ; 1                 ; 6       ;
;      - func:func_inst|m_B[4]                  ; 1                 ; 6       ;
;      - func:func_inst|mult16x8:mul|b_reg[5]   ; 1                 ; 6       ;
;      - func:func_inst|m_B[5]                  ; 1                 ; 6       ;
;      - func:func_inst|mult16x8:mul|b_reg[6]   ; 1                 ; 6       ;
;      - func:func_inst|m_B[6]                  ; 1                 ; 6       ;
;      - func:func_inst|m_B[7]                  ; 1                 ; 6       ;
;      - display_mode.MODE_SHOW_A               ; 1                 ; 6       ;
;      - display_mode.MODE_SHOW_B               ; 1                 ; 6       ;
;      - display_mode.MODE_RESULT               ; 1                 ; 6       ;
;      - func:func_inst|st.S_AB                 ; 1                 ; 6       ;
;      - debounce_cnt2[0]                       ; 1                 ; 6       ;
;      - debounce_cnt2[1]                       ; 1                 ; 6       ;
;      - debounce_cnt2[2]                       ; 1                 ; 6       ;
;      - debounce_cnt2[3]                       ; 1                 ; 6       ;
;      - debounce_cnt2[4]                       ; 1                 ; 6       ;
;      - debounce_cnt2[5]                       ; 1                 ; 6       ;
;      - debounce_cnt2[6]                       ; 1                 ; 6       ;
;      - debounce_cnt2[7]                       ; 1                 ; 6       ;
;      - debounce_cnt2[8]                       ; 1                 ; 6       ;
;      - debounce_cnt2[9]                       ; 1                 ; 6       ;
;      - debounce_cnt2[10]                      ; 1                 ; 6       ;
;      - debounce_cnt2[11]                      ; 1                 ; 6       ;
;      - debounce_cnt2[12]                      ; 1                 ; 6       ;
;      - debounce_cnt2[13]                      ; 1                 ; 6       ;
;      - debounce_cnt2[14]                      ; 1                 ; 6       ;
;      - debounce_cnt2[15]                      ; 1                 ; 6       ;
;      - debounce_cnt2[16]                      ; 1                 ; 6       ;
;      - debounce_cnt2[17]                      ; 1                 ; 6       ;
;      - debounce_cnt2[18]                      ; 1                 ; 6       ;
;      - debounce_cnt2[19]                      ; 1                 ; 6       ;
;      - debounce_cnt3[0]                       ; 1                 ; 6       ;
;      - debounce_cnt3[1]                       ; 1                 ; 6       ;
;      - debounce_cnt3[2]                       ; 1                 ; 6       ;
;      - debounce_cnt3[3]                       ; 1                 ; 6       ;
;      - debounce_cnt3[4]                       ; 1                 ; 6       ;
;      - debounce_cnt3[5]                       ; 1                 ; 6       ;
;      - debounce_cnt3[6]                       ; 1                 ; 6       ;
;      - debounce_cnt3[7]                       ; 1                 ; 6       ;
;      - debounce_cnt3[8]                       ; 1                 ; 6       ;
;      - debounce_cnt3[9]                       ; 1                 ; 6       ;
;      - debounce_cnt3[10]                      ; 1                 ; 6       ;
;      - debounce_cnt3[11]                      ; 1                 ; 6       ;
;      - debounce_cnt3[12]                      ; 1                 ; 6       ;
;      - debounce_cnt3[13]                      ; 1                 ; 6       ;
;      - debounce_cnt3[14]                      ; 1                 ; 6       ;
;      - debounce_cnt3[15]                      ; 1                 ; 6       ;
;      - debounce_cnt3[16]                      ; 1                 ; 6       ;
;      - debounce_cnt3[17]                      ; 1                 ; 6       ;
;      - debounce_cnt3[18]                      ; 1                 ; 6       ;
;      - debounce_cnt3[19]                      ; 1                 ; 6       ;
;      - debounce_cnt4[0]                       ; 1                 ; 6       ;
;      - debounce_cnt4[1]                       ; 1                 ; 6       ;
;      - debounce_cnt4[2]                       ; 1                 ; 6       ;
;      - debounce_cnt4[3]                       ; 1                 ; 6       ;
;      - debounce_cnt4[4]                       ; 1                 ; 6       ;
;      - debounce_cnt4[5]                       ; 1                 ; 6       ;
;      - debounce_cnt4[6]                       ; 1                 ; 6       ;
;      - debounce_cnt4[7]                       ; 1                 ; 6       ;
;      - debounce_cnt4[8]                       ; 1                 ; 6       ;
;      - debounce_cnt4[9]                       ; 1                 ; 6       ;
;      - debounce_cnt4[10]                      ; 1                 ; 6       ;
;      - debounce_cnt4[11]                      ; 1                 ; 6       ;
;      - debounce_cnt4[12]                      ; 1                 ; 6       ;
;      - debounce_cnt4[13]                      ; 1                 ; 6       ;
;      - debounce_cnt4[14]                      ; 1                 ; 6       ;
;      - debounce_cnt4[15]                      ; 1                 ; 6       ;
;      - debounce_cnt4[16]                      ; 1                 ; 6       ;
;      - debounce_cnt4[17]                      ; 1                 ; 6       ;
;      - debounce_cnt4[18]                      ; 1                 ; 6       ;
;      - debounce_cnt4[19]                      ; 1                 ; 6       ;
;      - func:func_inst|y[8]                    ; 1                 ; 6       ;
;      - func:func_inst|y[4]                    ; 1                 ; 6       ;
;      - func:func_inst|y[0]                    ; 1                 ; 6       ;
;      - func:func_inst|y[12]                   ; 1                 ; 6       ;
;      - func:func_inst|y[16]                   ; 1                 ; 6       ;
;      - func:func_inst|y[20]                   ; 1                 ; 6       ;
;      - func:func_inst|y[5]                    ; 1                 ; 6       ;
;      - func:func_inst|y[9]                    ; 1                 ; 6       ;
;      - func:func_inst|y[1]                    ; 1                 ; 6       ;
;      - func:func_inst|y[13]                   ; 1                 ; 6       ;
;      - func:func_inst|y[17]                   ; 1                 ; 6       ;
;      - func:func_inst|y[21]                   ; 1                 ; 6       ;
;      - func:func_inst|y[10]                   ; 1                 ; 6       ;
;      - func:func_inst|y[6]                    ; 1                 ; 6       ;
;      - func:func_inst|y[2]                    ; 1                 ; 6       ;
;      - func:func_inst|y[14]                   ; 1                 ; 6       ;
;      - func:func_inst|y[18]                   ; 1                 ; 6       ;
;      - func:func_inst|y[22]                   ; 1                 ; 6       ;
;      - func:func_inst|y[7]                    ; 1                 ; 6       ;
;      - func:func_inst|y[11]                   ; 1                 ; 6       ;
;      - func:func_inst|y[3]                    ; 1                 ; 6       ;
;      - func:func_inst|y[15]                   ; 1                 ; 6       ;
;      - func:func_inst|y[19]                   ; 1                 ; 6       ;
;      - func:func_inst|y[23]                   ; 1                 ; 6       ;
;      - start_calc                             ; 1                 ; 6       ;
;      - func:func_inst|valid~0                 ; 1                 ; 6       ;
;      - seg_display_ctrl:seg_ctrl|scan_cnt[15] ; 1                 ; 6       ;
;      - seg_display_ctrl:seg_ctrl|scan_cnt[14] ; 1                 ; 6       ;
;      - seg_display_ctrl:seg_ctrl|scan_cnt[13] ; 1                 ; 6       ;
;      - seg_display_ctrl:seg_ctrl|scan_cnt[12] ; 1                 ; 6       ;
;      - seg_display_ctrl:seg_ctrl|scan_cnt[9]  ; 1                 ; 6       ;
;      - seg_display_ctrl:seg_ctrl|scan_cnt[8]  ; 1                 ; 6       ;
;      - seg_display_ctrl:seg_ctrl|scan_cnt[11] ; 1                 ; 6       ;
;      - seg_display_ctrl:seg_ctrl|scan_cnt[10] ; 1                 ; 6       ;
;      - seg_display_ctrl:seg_ctrl|scan_cnt[6]  ; 1                 ; 6       ;
;      - seg_display_ctrl:seg_ctrl|scan_cnt[7]  ; 1                 ; 6       ;
;      - seg_display_ctrl:seg_ctrl|scan_cnt[5]  ; 1                 ; 6       ;
;      - seg_display_ctrl:seg_ctrl|scan_cnt[4]  ; 1                 ; 6       ;
;      - seg_display_ctrl:seg_ctrl|scan_cnt[3]  ; 1                 ; 6       ;
;      - seg_display_ctrl:seg_ctrl|scan_cnt[2]  ; 1                 ; 6       ;
;      - seg_display_ctrl:seg_ctrl|scan_cnt[1]  ; 1                 ; 6       ;
;      - seg_display_ctrl:seg_ctrl|scan_cnt[0]  ; 1                 ; 6       ;
;      - last_result[8]                         ; 1                 ; 6       ;
;      - last_result[9]                         ; 1                 ; 6       ;
;      - last_result[10]                        ; 1                 ; 6       ;
;      - last_result[11]                        ; 1                 ; 6       ;
;      - last_result[4]                         ; 1                 ; 6       ;
;      - last_result[5]                         ; 1                 ; 6       ;
;      - last_result[6]                         ; 1                 ; 6       ;
;      - last_result[7]                         ; 1                 ; 6       ;
;      - last_result[16]                        ; 1                 ; 6       ;
;      - last_result[17]                        ; 1                 ; 6       ;
;      - last_result[18]                        ; 1                 ; 6       ;
;      - last_result[19]                        ; 1                 ; 6       ;
;      - last_result[20]                        ; 1                 ; 6       ;
;      - last_result[21]                        ; 1                 ; 6       ;
;      - last_result[22]                        ; 1                 ; 6       ;
;      - last_result[23]                        ; 1                 ; 6       ;
;      - last_result[12]                        ; 1                 ; 6       ;
;      - last_result[13]                        ; 1                 ; 6       ;
;      - last_result[14]                        ; 1                 ; 6       ;
;      - last_result[15]                        ; 1                 ; 6       ;
;      - last_result[0]                         ; 1                 ; 6       ;
;      - last_result[1]                         ; 1                 ; 6       ;
;      - last_result[2]                         ; 1                 ; 6       ;
;      - last_result[3]                         ; 1                 ; 6       ;
;      - func:func_inst|st~18                   ; 1                 ; 6       ;
;      - func:func_inst|st~19                   ; 1                 ; 6       ;
;      - func:func_inst|st~20                   ; 1                 ; 6       ;
;      - func:func_inst|y[5]~42                 ; 1                 ; 6       ;
;      - func:func_inst|st~21                   ; 1                 ; 6       ;
;      - func:func_inst|st~22                   ; 1                 ; 6       ;
;      - func:func_inst|ab24~0                  ; 1                 ; 6       ;
;      - func:func_inst|ab24[15]~1              ; 1                 ; 6       ;
;      - func:func_inst|a3_24[1]~0              ; 1                 ; 6       ;
;      - func:func_inst|ab24~2                  ; 1                 ; 6       ;
;      - func:func_inst|ab24~3                  ; 1                 ; 6       ;
;      - func:func_inst|ab24~4                  ; 1                 ; 6       ;
;      - func:func_inst|a3_24~1                 ; 1                 ; 6       ;
;      - func:func_inst|a3_24~2                 ; 1                 ; 6       ;
;      - func:func_inst|a3_24~3                 ; 1                 ; 6       ;
;      - func:func_inst|a3_24~4                 ; 1                 ; 6       ;
;      - func:func_inst|a3_24~5                 ; 1                 ; 6       ;
;      - func:func_inst|ab24~5                  ; 1                 ; 6       ;
;      - func:func_inst|ab24~6                  ; 1                 ; 6       ;
;      - func:func_inst|ab24~7                  ; 1                 ; 6       ;
;      - func:func_inst|ab24~8                  ; 1                 ; 6       ;
;      - func:func_inst|ab24~9                  ; 1                 ; 6       ;
;      - func:func_inst|ab24~10                 ; 1                 ; 6       ;
;      - func:func_inst|ab24~11                 ; 1                 ; 6       ;
;      - func:func_inst|ab24~12                 ; 1                 ; 6       ;
;      - func:func_inst|ab24~13                 ; 1                 ; 6       ;
;      - func:func_inst|ab24~14                 ; 1                 ; 6       ;
;      - func:func_inst|ab24~15                 ; 1                 ; 6       ;
;      - func:func_inst|ab24~16                 ; 1                 ; 6       ;
;      - func:func_inst|ab24~17                 ; 1                 ; 6       ;
;      - func:func_inst|ab24~18                 ; 1                 ; 6       ;
;      - func:func_inst|ab24~19                 ; 1                 ; 6       ;
;      - func:func_inst|mult16x8:mul|acc[23]~48 ; 1                 ; 6       ;
;      - func:func_inst|mult16x8:mul|acc[23]~49 ; 1                 ; 6       ;
;      - func:func_inst|st~23                   ; 1                 ; 6       ;
;      - func:func_inst|mult16x8:mul|Y~0        ; 1                 ; 6       ;
;      - func:func_inst|mult16x8:mul|Y[23]~1    ; 1                 ; 6       ;
;      - func:func_inst|mult16x8:mul|Y~2        ; 1                 ; 6       ;
;      - func:func_inst|mult16x8:mul|Y~3        ; 1                 ; 6       ;
;      - func:func_inst|mult16x8:mul|Y~4        ; 1                 ; 6       ;
;      - func:func_inst|mult16x8:mul|Y~5        ; 1                 ; 6       ;
;      - func:func_inst|mult16x8:mul|Y~6        ; 1                 ; 6       ;
;      - func:func_inst|mult16x8:mul|Y~7        ; 1                 ; 6       ;
;      - func:func_inst|mult16x8:mul|Y~8        ; 1                 ; 6       ;
;      - func:func_inst|mult16x8:mul|Y~9        ; 1                 ; 6       ;
;      - func:func_inst|mult16x8:mul|Y~10       ; 1                 ; 6       ;
;      - func:func_inst|mult16x8:mul|Y~11       ; 1                 ; 6       ;
;      - func:func_inst|mult16x8:mul|Y~12       ; 1                 ; 6       ;
;      - func:func_inst|mult16x8:mul|Y~13       ; 1                 ; 6       ;
;      - func:func_inst|mult16x8:mul|Y~14       ; 1                 ; 6       ;
;      - func:func_inst|mult16x8:mul|Y~15       ; 1                 ; 6       ;
;      - func:func_inst|mult16x8:mul|Y~16       ; 1                 ; 6       ;
;      - func:func_inst|mult16x8:mul|Y~17       ; 1                 ; 6       ;
;      - func:func_inst|mult16x8:mul|Y~18       ; 1                 ; 6       ;
;      - func:func_inst|mult16x8:mul|Y~19       ; 1                 ; 6       ;
;      - func:func_inst|mult16x8:mul|Y~20       ; 1                 ; 6       ;
;      - func:func_inst|mult16x8:mul|Y~21       ; 1                 ; 6       ;
;      - func:func_inst|mult16x8:mul|Y~22       ; 1                 ; 6       ;
;      - func:func_inst|mult16x8:mul|Y~23       ; 1                 ; 6       ;
;      - func:func_inst|mult16x8:mul|Y~24       ; 1                 ; 6       ;
;      - func:func_inst|mult16x8:mul|a_ext~8    ; 1                 ; 6       ;
;      - func:func_inst|mult16x8:mul|a_ext~12   ; 1                 ; 6       ;
;      - func:func_inst|mult16x8:mul|a_ext~17   ; 1                 ; 6       ;
;      - func:func_inst|mult16x8:mul|a_ext~18   ; 1                 ; 6       ;
;      - func:func_inst|mult16x8:mul|a_ext~19   ; 1                 ; 6       ;
;      - func:func_inst|mult16x8:mul|a_ext~20   ; 1                 ; 6       ;
;      - func:func_inst|mult16x8:mul|a_ext~21   ; 1                 ; 6       ;
;      - func:func_inst|mult16x8:mul|a_ext~22   ; 1                 ; 6       ;
;      - func:func_inst|mult16x8:mul|a_ext~23   ; 1                 ; 6       ;
;      - func:func_inst|m_B[7]~3                ; 1                 ; 6       ;
;      - func:func_inst|m_A~0                   ; 1                 ; 6       ;
;      - func:func_inst|m_A~9                   ; 1                 ; 6       ;
;      - func:func_inst|m_A~10                  ; 1                 ; 6       ;
;      - func:func_inst|m_A~11                  ; 1                 ; 6       ;
;      - func:func_inst|m_A~12                  ; 1                 ; 6       ;
;      - func:func_inst|m_A~13                  ; 1                 ; 6       ;
;      - func:func_inst|m_A~14                  ; 1                 ; 6       ;
;      - func:func_inst|m_A~15                  ; 1                 ; 6       ;
;      - func:func_inst|a_r~0                   ; 1                 ; 6       ;
;      - func:func_inst|a_r[5]~1                ; 1                 ; 6       ;
;      - func:func_inst|a_r~2                   ; 1                 ; 6       ;
;      - func:func_inst|a_r~3                   ; 1                 ; 6       ;
;      - func:func_inst|a_r~4                   ; 1                 ; 6       ;
;      - func:func_inst|a_r~5                   ; 1                 ; 6       ;
;      - func:func_inst|a_r~6                   ; 1                 ; 6       ;
;      - func:func_inst|a_r~7                   ; 1                 ; 6       ;
;      - func:func_inst|a_r~8                   ; 1                 ; 6       ;
;      - func:func_inst|mult16x8:mul|b_reg~7    ; 1                 ; 6       ;
;      - func:func_inst|mult16x8:mul|acc~50     ; 1                 ; 6       ;
;      - func:func_inst|mult16x8:mul|acc~51     ; 1                 ; 6       ;
;      - func:func_inst|mult16x8:mul|acc~52     ; 1                 ; 6       ;
;      - func:func_inst|mult16x8:mul|acc~53     ; 1                 ; 6       ;
;      - func:func_inst|mult16x8:mul|acc~54     ; 1                 ; 6       ;
;      - func:func_inst|mult16x8:mul|acc~55     ; 1                 ; 6       ;
;      - func:func_inst|mult16x8:mul|acc~56     ; 1                 ; 6       ;
;      - func:func_inst|mult16x8:mul|acc~57     ; 1                 ; 6       ;
;      - func:func_inst|mult16x8:mul|acc~58     ; 1                 ; 6       ;
;      - func:func_inst|mult16x8:mul|acc~59     ; 1                 ; 6       ;
;      - func:func_inst|mult16x8:mul|acc~60     ; 1                 ; 6       ;
;      - func:func_inst|mult16x8:mul|acc~61     ; 1                 ; 6       ;
;      - func:func_inst|mult16x8:mul|acc~62     ; 1                 ; 6       ;
;      - func:func_inst|mult16x8:mul|acc~63     ; 1                 ; 6       ;
;      - func:func_inst|mult16x8:mul|acc~64     ; 1                 ; 6       ;
;      - func:func_inst|mult16x8:mul|acc~65     ; 1                 ; 6       ;
;      - func:func_inst|mult16x8:mul|acc~66     ; 1                 ; 6       ;
;      - func:func_inst|mult16x8:mul|acc~67     ; 1                 ; 6       ;
;      - func:func_inst|mult16x8:mul|acc~68     ; 1                 ; 6       ;
;      - func:func_inst|mult16x8:mul|acc~69     ; 1                 ; 6       ;
;      - func:func_inst|mult16x8:mul|acc~70     ; 1                 ; 6       ;
;      - func:func_inst|mult16x8:mul|acc~71     ; 1                 ; 6       ;
;      - func:func_inst|mult16x8:mul|acc~72     ; 1                 ; 6       ;
;      - func:func_inst|mult16x8:mul|acc~73     ; 1                 ; 6       ;
; GPIO_0_input_pullup[12]                       ;                   ;         ;
;      - Selector3~0                            ; 0                 ; 6       ;
;      - func:func_inst|m_B~7                   ; 0                 ; 6       ;
; GPIO_0_input_pullup[4]                        ;                   ;         ;
;      - Selector3~0                            ; 1                 ; 6       ;
;      - func:func_inst|m_A~4                   ; 1                 ; 6       ;
;      - func:func_inst|a_r~5                   ; 1                 ; 6       ;
; GPIO_0_input_pullup[13]                       ;                   ;         ;
;      - Selector2~0                            ; 1                 ; 6       ;
;      - func:func_inst|m_B~8                   ; 1                 ; 6       ;
; GPIO_0_input_pullup[5]                        ;                   ;         ;
;      - Selector2~0                            ; 0                 ; 6       ;
;      - func:func_inst|m_A~3                   ; 0                 ; 6       ;
;      - func:func_inst|a_r~4                   ; 0                 ; 6       ;
; GPIO_0_input_pullup[14]                       ;                   ;         ;
;      - Selector1~0                            ; 1                 ; 6       ;
;      - func:func_inst|m_B~9                   ; 1                 ; 6       ;
; GPIO_0_input_pullup[6]                        ;                   ;         ;
;      - Selector1~0                            ; 0                 ; 6       ;
;      - func:func_inst|m_A~2                   ; 0                 ; 6       ;
;      - func:func_inst|a_r~3                   ; 0                 ; 6       ;
; GPIO_0_input_pullup[15]                       ;                   ;         ;
;      - Selector0~0                            ; 0                 ; 6       ;
;      - func:func_inst|m_B~10                  ; 0                 ; 6       ;
; GPIO_0_input_pullup[7]                        ;                   ;         ;
;      - Selector0~0                            ; 0                 ; 6       ;
;      - func:func_inst|m_A~1                   ; 0                 ; 6       ;
;      - func:func_inst|a_r~2                   ; 0                 ; 6       ;
; GPIO_0_input_pullup[8]                        ;                   ;         ;
;      - Selector7~0                            ; 0                 ; 6       ;
;      - func:func_inst|m_B~2                   ; 0                 ; 6       ;
; GPIO_0_input_pullup[0]                        ;                   ;         ;
;      - Selector7~0                            ; 0                 ; 6       ;
;      - func:func_inst|m_A~8                   ; 0                 ; 6       ;
;      - func:func_inst|a_r~0                   ; 0                 ; 6       ;
; GPIO_0_input_pullup[9]                        ;                   ;         ;
;      - Selector6~0                            ; 0                 ; 6       ;
;      - func:func_inst|m_B~4                   ; 0                 ; 6       ;
; GPIO_0_input_pullup[1]                        ;                   ;         ;
;      - Selector6~0                            ; 1                 ; 6       ;
;      - func:func_inst|m_A~7                   ; 1                 ; 6       ;
;      - func:func_inst|a_r~8                   ; 1                 ; 6       ;
; GPIO_0_input_pullup[10]                       ;                   ;         ;
;      - Selector5~0                            ; 0                 ; 6       ;
;      - func:func_inst|m_B~5                   ; 0                 ; 6       ;
; GPIO_0_input_pullup[2]                        ;                   ;         ;
;      - Selector5~0                            ; 1                 ; 6       ;
;      - func:func_inst|m_A~6                   ; 1                 ; 6       ;
;      - func:func_inst|a_r~7                   ; 1                 ; 6       ;
; GPIO_0_input_pullup[11]                       ;                   ;         ;
;      - Selector4~0                            ; 0                 ; 6       ;
;      - func:func_inst|m_B~6                   ; 0                 ; 6       ;
; GPIO_0_input_pullup[3]                        ;                   ;         ;
;      - Selector4~0                            ; 0                 ; 6       ;
;      - func:func_inst|m_A~5                   ; 0                 ; 6       ;
;      - func:func_inst|a_r~6                   ; 0                 ; 6       ;
; KEY2_N                                        ;                   ;         ;
; KEY3_N                                        ;                   ;         ;
; KEY4_N                                        ;                   ;         ;
+-----------------------------------------------+-------------------+---------+


+---------------------------------------------------------------------------------------------------------------------------------------------------------------------------------+
; Control Signals                                                                                                                                                                 ;
+----------------------------------------+-------------------+---------+---------------------------+--------+----------------------+------------------+---------------------------+
; Name                                   ; Location          ; Fan-Out ; Usage                     ; Global ; Global Resource Used ; Global Line Name ; Enable Signal Source Name ;
+----------------------------------------+-------------------+---------+---------------------------+--------+----------------------+------------------+---------------------------+
; CLK                                    ; PIN_E1            ; 340     ; Clock                     ; yes    ; Global Clock         ; GCLK2            ; --                        ;
; RST_N                                  ; PIN_N13           ; 317     ; Async. clear, Sync. clear ; no     ; --                   ; --               ; --                        ;
; debounce_cnt2[7]~54                    ; LCCOMB_X33_Y8_N6  ; 20      ; Sync. clear               ; no     ; --                   ; --               ; --                        ;
; debounce_cnt3[19]~54                   ; LCCOMB_X23_Y8_N2  ; 20      ; Sync. clear               ; no     ; --                   ; --               ; --                        ;
; debounce_cnt4[1]~54                    ; LCCOMB_X25_Y9_N2  ; 20      ; Sync. clear               ; no     ; --                   ; --               ; --                        ;
; display_mode.MODE_RESULT               ; FF_X24_Y8_N15     ; 26      ; Sync. load                ; no     ; --                   ; --               ; --                        ;
; func:func_inst|a3_24[1]~0              ; LCCOMB_X25_Y7_N22 ; 24      ; Clock enable              ; no     ; --                   ; --               ; --                        ;
; func:func_inst|a_r[5]~1                ; LCCOMB_X24_Y8_N4  ; 8       ; Clock enable              ; no     ; --                   ; --               ; --                        ;
; func:func_inst|ab24[15]~1              ; LCCOMB_X25_Y7_N0  ; 24      ; Clock enable              ; no     ; --                   ; --               ; --                        ;
; func:func_inst|m_B[7]~3                ; LCCOMB_X25_Y7_N20 ; 24      ; Clock enable              ; no     ; --                   ; --               ; --                        ;
; func:func_inst|mult16x8:mul|Y[23]~1    ; LCCOMB_X24_Y4_N18 ; 24      ; Clock enable              ; no     ; --                   ; --               ; --                        ;
; func:func_inst|mult16x8:mul|acc[23]~48 ; LCCOMB_X24_Y4_N16 ; 8       ; Sync. clear               ; no     ; --                   ; --               ; --                        ;
; func:func_inst|mult16x8:mul|acc[23]~49 ; LCCOMB_X24_Y4_N22 ; 64      ; Clock enable              ; no     ; --                   ; --               ; --                        ;
; func:func_inst|st.S_A2                 ; FF_X23_Y7_N27     ; 18      ; Sync. load                ; no     ; --                   ; --               ; --                        ;
; func:func_inst|st~22                   ; LCCOMB_X24_Y7_N20 ; 2       ; Clock enable              ; no     ; --                   ; --               ; --                        ;
; func:func_inst|valid                   ; FF_X24_Y8_N13     ; 27      ; Clock enable              ; no     ; --                   ; --               ; --                        ;
; func:func_inst|y[5]~42                 ; LCCOMB_X28_Y8_N30 ; 24      ; Clock enable              ; no     ; --                   ; --               ; --                        ;
+----------------------------------------+-------------------+---------+---------------------------+--------+----------------------+------------------+---------------------------+


+----------------------------------------------------------------------------------------------------------------------------------------+
; Global & Other Fast Signals                                                                                                            ;
+------+----------+---------+--------------------------------------+----------------------+------------------+---------------------------+
; Name ; Location ; Fan-Out ; Fan-Out Using Intentional Clock Skew ; Global Resource Used ; Global Line Name ; Enable Signal Source Name ;
+------+----------+---------+--------------------------------------+----------------------+------------------+---------------------------+
; CLK  ; PIN_E1   ; 340     ; 27                                   ; Global Clock         ; GCLK2            ; --                        ;
+------+----------+---------+--------------------------------------+----------------------+------------------+---------------------------+


+------------------------------------------------+
; Routing Usage Summary                          ;
+-----------------------+------------------------+
; Routing Resource Type ; Usage                  ;
+-----------------------+------------------------+
; Block interconnects   ; 536 / 32,401 ( 2 % )   ;
; C16 interconnects     ; 20 / 1,326 ( 2 % )     ;
; C4 interconnects      ; 201 / 21,816 ( < 1 % ) ;
; Direct links          ; 173 / 32,401 ( < 1 % ) ;
; Global clocks         ; 1 / 10 ( 10 % )        ;
; Local interconnects   ; 245 / 10,320 ( 2 % )   ;
; R24 interconnects     ; 17 / 1,289 ( 1 % )     ;
; R4 interconnects      ; 197 / 28,186 ( < 1 % ) ;
+-----------------------+------------------------+


+----------------------------------------------------------------------------+
; LAB Logic Elements                                                         ;
+---------------------------------------------+------------------------------+
; Number of Logic Elements  (Average = 13.22) ; Number of LABs  (Total = 37) ;
+---------------------------------------------+------------------------------+
; 1                                           ; 1                            ;
; 2                                           ; 1                            ;
; 3                                           ; 1                            ;
; 4                                           ; 2                            ;
; 5                                           ; 0                            ;
; 6                                           ; 0                            ;
; 7                                           ; 0                            ;
; 8                                           ; 1                            ;
; 9                                           ; 0                            ;
; 10                                          ; 0                            ;
; 11                                          ; 1                            ;
; 12                                          ; 1                            ;
; 13                                          ; 4                            ;
; 14                                          ; 2                            ;
; 15                                          ; 4                            ;
; 16                                          ; 19                           ;
+---------------------------------------------+------------------------------+


+-------------------------------------------------------------------+
; LAB-wide Signals                                                  ;
+------------------------------------+------------------------------+
; LAB-wide Signals  (Average = 2.38) ; Number of LABs  (Total = 37) ;
+------------------------------------+------------------------------+
; 1 Async. clear                     ; 14                           ;
; 1 Clock                            ; 36                           ;
; 1 Clock enable                     ; 9                            ;
; 1 Sync. clear                      ; 11                           ;
; 1 Sync. load                       ; 3                            ;
; 2 Clock enables                    ; 15                           ;
+------------------------------------+------------------------------+


+-----------------------------------------------------------------------------+
; LAB Signals Sourced                                                         ;
+----------------------------------------------+------------------------------+
; Number of Signals Sourced  (Average = 22.41) ; Number of LABs  (Total = 37) ;
+----------------------------------------------+------------------------------+
; 0                                            ; 0                            ;
; 1                                            ; 0                            ;
; 2                                            ; 1                            ;
; 3                                            ; 0                            ;
; 4                                            ; 1                            ;
; 5                                            ; 0                            ;
; 6                                            ; 1                            ;
; 7                                            ; 0                            ;
; 8                                            ; 2                            ;
; 9                                            ; 0                            ;
; 10                                           ; 0                            ;
; 11                                           ; 0                            ;
; 12                                           ; 0                            ;
; 13                                           ; 0                            ;
; 14                                           ; 0                            ;
; 15                                           ; 0                            ;
; 16                                           ; 2                            ;
; 17                                           ; 1                            ;
; 18                                           ; 1                            ;
; 19                                           ; 1                            ;
; 20                                           ; 2                            ;
; 21                                           ; 2                            ;
; 22                                           ; 3                            ;
; 23                                           ; 1                            ;
; 24                                           ; 0                            ;
; 25                                           ; 0                            ;
; 26                                           ; 6                            ;
; 27                                           ; 3                            ;
; 28                                           ; 1                            ;
; 29                                           ; 1                            ;
; 30                                           ; 2                            ;
; 31                                           ; 2                            ;
; 32                                           ; 4                            ;
+----------------------------------------------+------------------------------+


+--------------------------------------------------------------------------------+
; LAB Signals Sourced Out                                                        ;
+-------------------------------------------------+------------------------------+
; Number of Signals Sourced Out  (Average = 9.27) ; Number of LABs  (Total = 37) ;
+-------------------------------------------------+------------------------------+
; 0                                               ; 0                            ;
; 1                                               ; 1                            ;
; 2                                               ; 4                            ;
; 3                                               ; 2                            ;
; 4                                               ; 3                            ;
; 5                                               ; 0                            ;
; 6                                               ; 3                            ;
; 7                                               ; 2                            ;
; 8                                               ; 1                            ;
; 9                                               ; 1                            ;
; 10                                              ; 2                            ;
; 11                                              ; 2                            ;
; 12                                              ; 4                            ;
; 13                                              ; 4                            ;
; 14                                              ; 1                            ;
; 15                                              ; 2                            ;
; 16                                              ; 4                            ;
; 17                                              ; 1                            ;
+-------------------------------------------------+------------------------------+


+-----------------------------------------------------------------------------+
; LAB Distinct Inputs                                                         ;
+----------------------------------------------+------------------------------+
; Number of Distinct Inputs  (Average = 14.41) ; Number of LABs  (Total = 37) ;
+----------------------------------------------+------------------------------+
; 0                                            ; 0                            ;
; 1                                            ; 0                            ;
; 2                                            ; 0                            ;
; 3                                            ; 0                            ;
; 4                                            ; 3                            ;
; 5                                            ; 0                            ;
; 6                                            ; 7                            ;
; 7                                            ; 0                            ;
; 8                                            ; 4                            ;
; 9                                            ; 0                            ;
; 10                                           ; 0                            ;
; 11                                           ; 2                            ;
; 12                                           ; 1                            ;
; 13                                           ; 1                            ;
; 14                                           ; 2                            ;
; 15                                           ; 2                            ;
; 16                                           ; 2                            ;
; 17                                           ; 2                            ;
; 18                                           ; 0                            ;
; 19                                           ; 1                            ;
; 20                                           ; 1                            ;
; 21                                           ; 1                            ;
; 22                                           ; 1                            ;
; 23                                           ; 0                            ;
; 24                                           ; 0                            ;
; 25                                           ; 0                            ;
; 26                                           ; 2                            ;
; 27                                           ; 0                            ;
; 28                                           ; 3                            ;
; 29                                           ; 2                            ;
+----------------------------------------------+------------------------------+


+------------------------------------------+
; I/O Rules Summary                        ;
+----------------------------------+-------+
; I/O Rules Statistic              ; Total ;
+----------------------------------+-------+
; Total I/O Rules                  ; 30    ;
; Number of I/O Rules Passed       ; 11    ;
; Number of I/O Rules Failed       ; 0     ;
; Number of I/O Rules Unchecked    ; 0     ;
; Number of I/O Rules Inapplicable ; 19    ;
+----------------------------------+-------+


+-------------------------------------------------------------------------------------------------------------------------------------------------------------------------------------------------------------------------------------------------------------------+
; I/O Rules Details                                                                                                                                                                                                                                                 ;
+--------------+-----------+-----------------------------------+------------------------------------------------------------------------------------------------------+----------+-------------------------------------------------------+------+-------------------+
; Status       ; ID        ; Category                          ; Rule Description                                                                                     ; Severity ; Information                                           ; Area ; Extra Information ;
+--------------+-----------+-----------------------------------+------------------------------------------------------------------------------------------------------+----------+-------------------------------------------------------+------+-------------------+
; Pass         ; IO_000001 ; Capacity Checks                   ; Number of pins in an I/O bank should not exceed the number of locations available.                   ; Critical ; 0 such failures found.                                ; I/O  ;                   ;
; Inapplicable ; IO_000002 ; Capacity Checks                   ; Number of clocks in an I/O bank should not exceed the number of clocks available.                    ; Critical ; No Global Signal assignments found.                   ; I/O  ;                   ;
; Pass         ; IO_000003 ; Capacity Checks                   ; Number of pins in a Vrefgroup should not exceed the number of locations available.                   ; Critical ; 0 such failures found.                                ; I/O  ;                   ;
; Inapplicable ; IO_000004 ; Voltage Compatibility Checks      ; The I/O bank should support the requested VCCIO.                                                     ; Critical ; No IOBANK_VCCIO assignments found.                    ; I/O  ;                   ;
; Inapplicable ; IO_000005 ; Voltage Compatibility Checks      ; The I/O bank should not have competing VREF values.                                                  ; Critical ; No VREF I/O Standard assignments found.               ; I/O  ;                   ;
; Pass         ; IO_000006 ; Voltage Compatibility Checks      ; The I/O bank should not have competing VCCIO values.                                                 ; Critical ; 0 such failures found.                                ; I/O  ;                   ;
; Pass         ; IO_000007 ; Valid Location Checks             ; Checks for unavailable locations.                                                                    ; Critical ; 0 such failures found.                                ; I/O  ;                   ;
; Inapplicable ; IO_000008 ; Valid Location Checks             ; Checks for reserved locations.                                                                       ; Critical ; No reserved LogicLock region found.                   ; I/O  ;                   ;
; Pass         ; IO_000009 ; I/O Properties Checks for One I/O ; The location should support the requested I/O standard.                                              ; Critical ; 0 such failures found.                                ; I/O  ;                   ;
; Pass         ; IO_000010 ; I/O Properties Checks for One I/O ; The location should support the requested I/O direction.                                             ; Critical ; 0 such failures found.                                ; I/O  ;                   ;
; Inapplicable ; IO_000011 ; I/O Properties Checks for One I/O ; The location should support the requested Current Strength.                                          ; Critical ; No Current Strength assignments found.                ; I/O  ;                   ;
; Inapplicable ; IO_000012 ; I/O Properties Checks for One I/O ; The location should support the requested On Chip Termination value.                                 ; Critical ; No Termination assignments found.                     ; I/O  ;                   ;
; Inapplicable ; IO_000013 ; I/O Properties Checks for One I/O ; The location should support the requested Bus Hold value.                                            ; Critical ; No Enable Bus-Hold Circuitry assignments found.       ; I/O  ;                   ;
; Pass         ; IO_000014 ; I/O Properties Checks for One I/O ; The location should support the requested Weak Pull Up value.                                        ; Critical ; 0 such failures found.                                ; I/O  ;                   ;
; Pass         ; IO_000015 ; I/O Properties Checks for One I/O ; The location should support the requested PCI Clamp Diode.                                           ; Critical ; 0 such failures found.                                ; I/O  ;                   ;
; Inapplicable ; IO_000018 ; I/O Properties Checks for One I/O ; The I/O standard should support the requested Current Strength.                                      ; Critical ; No Current Strength assignments found.                ; I/O  ;                   ;
; Inapplicable ; IO_000019 ; I/O Properties Checks for One I/O ; The I/O standard should support the requested On Chip Termination value.                             ; Critical ; No Termination assignments found.                     ; I/O  ;                   ;
; Pass         ; IO_000020 ; I/O Properties Checks for One I/O ; The I/O standard should support the requested PCI Clamp Diode.                                       ; Critical ; 0 such failures found.                                ; I/O  ;                   ;
; Pass         ; IO_000021 ; I/O Properties Checks for One I/O ; The I/O standard should support the requested Weak Pull Up value.                                    ; Critical ; 0 such failures found.                                ; I/O  ;                   ;
; Inapplicable ; IO_000022 ; I/O Properties Checks for One I/O ; The I/O standard should support the requested Bus Hold value.                                        ; Critical ; No Enable Bus-Hold Circuitry assignments found.       ; I/O  ;                   ;
; Inapplicable ; IO_000023 ; I/O Properties Checks for One I/O ; The I/O standard should support the Open Drain value.                                                ; Critical ; No open drain assignments found.                      ; I/O  ;                   ;
; Inapplicable ; IO_000024 ; I/O Properties Checks for One I/O ; The I/O direction should support the On Chip Termination value.                                      ; Critical ; No Termination assignments found.                     ; I/O  ;                   ;
; Inapplicable ; IO_000026 ; I/O Properties Checks for One I/O ; On Chip Termination and Current Strength should not be used at the same time.                        ; Critical ; No Current Strength or Termination assignments found. ; I/O  ;                   ;
; Inapplicable ; IO_000027 ; I/O Properties Checks for One I/O ; Weak Pull Up and Bus Hold should not be used at the same time.                                       ; Critical ; No Enable Bus-Hold Circuitry assignments found.       ; I/O  ;                   ;
; Inapplicable ; IO_000045 ; I/O Properties Checks for One I/O ; The I/O standard should support the requested Slew Rate value.                                       ; Critical ; No Slew Rate assignments found.                       ; I/O  ;                   ;
; Inapplicable ; IO_000046 ; I/O Properties Checks for One I/O ; The location should support the requested Slew Rate value.                                           ; Critical ; No Slew Rate assignments found.                       ; I/O  ;                   ;
; Inapplicable ; IO_000047 ; I/O Properties Checks for One I/O ; On Chip Termination and Slew Rate should not be used at the same time.                               ; Critical ; No Slew Rate assignments found.                       ; I/O  ;                   ;
; Pass         ; IO_000033 ; Electromigration Checks           ; Current density for consecutive I/Os should not exceed 240mA for row I/Os and 240mA for column I/Os. ; Critical ; 0 such failures found.                                ; I/O  ;                   ;
; Inapplicable ; IO_000034 ; SI Related Distance Checks        ; Single-ended outputs should be 5 LAB row(s) away from a differential I/O.                            ; High     ; No Differential I/O Standard assignments found.       ; I/O  ;                   ;
; Inapplicable ; IO_000042 ; SI Related SSO Limit Checks       ; No more than 20 outputs are allowed in a VREF group when VREF is being read from.                    ; High     ; No VREF I/O Standard assignments found.               ; I/O  ;                   ;
+--------------+-----------+-----------------------------------+------------------------------------------------------------------------------------------------------+----------+-------------------------------------------------------+------+-------------------+


+------------------------------------------------------------------------------------------------------------------------------------------------------------------------------------------------------------------------------------------------------------------------------------------------------------------------------------------------------------------------------------------------------------------------------------------------------------------------+
; I/O Rules Matrix                                                                                                                                                                                                                                                                                                                                                                                                                                                       ;
+---------------------------+-----------+--------------+-----------+--------------+--------------+-----------+-----------+--------------+-----------+-----------+--------------+--------------+--------------+--------------+--------------+--------------+--------------+--------------+--------------+--------------+--------------+--------------+--------------+--------------+--------------+--------------+--------------+-----------+--------------+--------------+
; Pin/Rules                 ; IO_000001 ; IO_000002    ; IO_000003 ; IO_000004    ; IO_000005    ; IO_000006 ; IO_000007 ; IO_000008    ; IO_000009 ; IO_000010 ; IO_000011    ; IO_000012    ; IO_000013    ; IO_000014    ; IO_000015    ; IO_000018    ; IO_000019    ; IO_000020    ; IO_000021    ; IO_000022    ; IO_000023    ; IO_000024    ; IO_000026    ; IO_000027    ; IO_000045    ; IO_000046    ; IO_000047    ; IO_000033 ; IO_000034    ; IO_000042    ;
+---------------------------+-----------+--------------+-----------+--------------+--------------+-----------+-----------+--------------+-----------+-----------+--------------+--------------+--------------+--------------+--------------+--------------+--------------+--------------+--------------+--------------+--------------+--------------+--------------+--------------+--------------+--------------+--------------+-----------+--------------+--------------+
; Total Pass                ; 93        ; 0            ; 93        ; 0            ; 0            ; 93        ; 93        ; 0            ; 93        ; 93        ; 0            ; 0            ; 0            ; 34           ; 39           ; 0            ; 0            ; 39           ; 34           ; 0            ; 0            ; 0            ; 0            ; 0            ; 0            ; 0            ; 0            ; 93        ; 0            ; 0            ;
; Total Unchecked           ; 0         ; 0            ; 0         ; 0            ; 0            ; 0         ; 0         ; 0            ; 0         ; 0         ; 0            ; 0            ; 0            ; 0            ; 0            ; 0            ; 0            ; 0            ; 0            ; 0            ; 0            ; 0            ; 0            ; 0            ; 0            ; 0            ; 0            ; 0         ; 0            ; 0            ;
; Total Inapplicable        ; 0         ; 93           ; 0         ; 93           ; 93           ; 0         ; 0         ; 93           ; 0         ; 0         ; 93           ; 93           ; 93           ; 59           ; 54           ; 93           ; 93           ; 54           ; 59           ; 93           ; 93           ; 93           ; 93           ; 93           ; 93           ; 93           ; 93           ; 0         ; 93           ; 93           ;
; Total Fail                ; 0         ; 0            ; 0         ; 0            ; 0            ; 0         ; 0         ; 0            ; 0         ; 0         ; 0            ; 0            ; 0            ; 0            ; 0            ; 0            ; 0            ; 0            ; 0            ; 0            ; 0            ; 0            ; 0            ; 0            ; 0            ; 0            ; 0            ; 0         ; 0            ; 0            ;
; LED[0]                    ; Pass      ; Inapplicable ; Pass      ; Inapplicable ; Inapplicable ; Pass      ; Pass      ; Inapplicable ; Pass      ; Pass      ; Inapplicable ; Inapplicable ; Inapplicable ; Inapplicable ; Inapplicable ; Inapplicable ; Inapplicable ; Inapplicable ; Inapplicable ; Inapplicable ; Inapplicable ; Inapplicable ; Inapplicable ; Inapplicable ; Inapplicable ; Inapplicable ; Inapplicable ; Pass      ; Inapplicable ; Inapplicable ;
; LED[1]                    ; Pass      ; Inapplicable ; Pass      ; Inapplicable ; Inapplicable ; Pass      ; Pass      ; Inapplicable ; Pass      ; Pass      ; Inapplicable ; Inapplicable ; Inapplicable ; Inapplicable ; Inapplicable ; Inapplicable ; Inapplicable ; Inapplicable ; Inapplicable ; Inapplicable ; Inapplicable ; Inapplicable ; Inapplicable ; Inapplicable ; Inapplicable ; Inapplicable ; Inapplicable ; Pass      ; Inapplicable ; Inapplicable ;
; LED[2]                    ; Pass      ; Inapplicable ; Pass      ; Inapplicable ; Inapplicable ; Pass      ; Pass      ; Inapplicable ; Pass      ; Pass      ; Inapplicable ; Inapplicable ; Inapplicable ; Inapplicable ; Inapplicable ; Inapplicable ; Inapplicable ; Inapplicable ; Inapplicable ; Inapplicable ; Inapplicable ; Inapplicable ; Inapplicable ; Inapplicable ; Inapplicable ; Inapplicable ; Inapplicable ; Pass      ; Inapplicable ; Inapplicable ;
; LED[3]                    ; Pass      ; Inapplicable ; Pass      ; Inapplicable ; Inapplicable ; Pass      ; Pass      ; Inapplicable ; Pass      ; Pass      ; Inapplicable ; Inapplicable ; Inapplicable ; Inapplicable ; Inapplicable ; Inapplicable ; Inapplicable ; Inapplicable ; Inapplicable ; Inapplicable ; Inapplicable ; Inapplicable ; Inapplicable ; Inapplicable ; Inapplicable ; Inapplicable ; Inapplicable ; Pass      ; Inapplicable ; Inapplicable ;
; SEG_DATA[0]               ; Pass      ; Inapplicable ; Pass      ; Inapplicable ; Inapplicable ; Pass      ; Pass      ; Inapplicable ; Pass      ; Pass      ; Inapplicable ; Inapplicable ; Inapplicable ; Inapplicable ; Inapplicable ; Inapplicable ; Inapplicable ; Inapplicable ; Inapplicable ; Inapplicable ; Inapplicable ; Inapplicable ; Inapplicable ; Inapplicable ; Inapplicable ; Inapplicable ; Inapplicable ; Pass      ; Inapplicable ; Inapplicable ;
; SEG_DATA[1]               ; Pass      ; Inapplicable ; Pass      ; Inapplicable ; Inapplicable ; Pass      ; Pass      ; Inapplicable ; Pass      ; Pass      ; Inapplicable ; Inapplicable ; Inapplicable ; Inapplicable ; Inapplicable ; Inapplicable ; Inapplicable ; Inapplicable ; Inapplicable ; Inapplicable ; Inapplicable ; Inapplicable ; Inapplicable ; Inapplicable ; Inapplicable ; Inapplicable ; Inapplicable ; Pass      ; Inapplicable ; Inapplicable ;
; SEG_DATA[2]               ; Pass      ; Inapplicable ; Pass      ; Inapplicable ; Inapplicable ; Pass      ; Pass      ; Inapplicable ; Pass      ; Pass      ; Inapplicable ; Inapplicable ; Inapplicable ; Inapplicable ; Inapplicable ; Inapplicable ; Inapplicable ; Inapplicable ; Inapplicable ; Inapplicable ; Inapplicable ; Inapplicable ; Inapplicable ; Inapplicable ; Inapplicable ; Inapplicable ; Inapplicable ; Pass      ; Inapplicable ; Inapplicable ;
; SEG_DATA[3]               ; Pass      ; Inapplicable ; Pass      ; Inapplicable ; Inapplicable ; Pass      ; Pass      ; Inapplicable ; Pass      ; Pass      ; Inapplicable ; Inapplicable ; Inapplicable ; Inapplicable ; Inapplicable ; Inapplicable ; Inapplicable ; Inapplicable ; Inapplicable ; Inapplicable ; Inapplicable ; Inapplicable ; Inapplicable ; Inapplicable ; Inapplicable ; Inapplicable ; Inapplicable ; Pass      ; Inapplicable ; Inapplicable ;
; SEG_DATA[4]               ; Pass      ; Inapplicable ; Pass      ; Inapplicable ; Inapplicable ; Pass      ; Pass      ; Inapplicable ; Pass      ; Pass      ; Inapplicable ; Inapplicable ; Inapplicable ; Inapplicable ; Inapplicable ; Inapplicable ; Inapplicable ; Inapplicable ; Inapplicable ; Inapplicable ; Inapplicable ; Inapplicable ; Inapplicable ; Inapplicable ; Inapplicable ; Inapplicable ; Inapplicable ; Pass      ; Inapplicable ; Inapplicable ;
; SEG_DATA[5]               ; Pass      ; Inapplicable ; Pass      ; Inapplicable ; Inapplicable ; Pass      ; Pass      ; Inapplicable ; Pass      ; Pass      ; Inapplicable ; Inapplicable ; Inapplicable ; Inapplicable ; Inapplicable ; Inapplicable ; Inapplicable ; Inapplicable ; Inapplicable ; Inapplicable ; Inapplicable ; Inapplicable ; Inapplicable ; Inapplicable ; Inapplicable ; Inapplicable ; Inapplicable ; Pass      ; Inapplicable ; Inapplicable ;
; SEG_DATA[6]               ; Pass      ; Inapplicable ; Pass      ; Inapplicable ; Inapplicable ; Pass      ; Pass      ; Inapplicable ; Pass      ; Pass      ; Inapplicable ; Inapplicable ; Inapplicable ; Inapplicable ; Inapplicable ; Inapplicable ; Inapplicable ; Inapplicable ; Inapplicable ; Inapplicable ; Inapplicable ; Inapplicable ; Inapplicable ; Inapplicable ; Inapplicable ; Inapplicable ; Inapplicable ; Pass      ; Inapplicable ; Inapplicable ;
; SEG_DATA[7]               ; Pass      ; Inapplicable ; Pass      ; Inapplicable ; Inapplicable ; Pass      ; Pass      ; Inapplicable ; Pass      ; Pass      ; Inapplicable ; Inapplicable ; Inapplicable ; Inapplicable ; Inapplicable ; Inapplicable ; Inapplicable ; Inapplicable ; Inapplicable ; Inapplicable ; Inapplicable ; Inapplicable ; Inapplicable ; Inapplicable ; Inapplicable ; Inapplicable ; Inapplicable ; Pass      ; Inapplicable ; Inapplicable ;
; SEG_SEL[0]                ; Pass      ; Inapplicable ; Pass      ; Inapplicable ; Inapplicable ; Pass      ; Pass      ; Inapplicable ; Pass      ; Pass      ; Inapplicable ; Inapplicable ; Inapplicable ; Inapplicable ; Inapplicable ; Inapplicable ; Inapplicable ; Inapplicable ; Inapplicable ; Inapplicable ; Inapplicable ; Inapplicable ; Inapplicable ; Inapplicable ; Inapplicable ; Inapplicable ; Inapplicable ; Pass      ; Inapplicable ; Inapplicable ;
; SEG_SEL[1]                ; Pass      ; Inapplicable ; Pass      ; Inapplicable ; Inapplicable ; Pass      ; Pass      ; Inapplicable ; Pass      ; Pass      ; Inapplicable ; Inapplicable ; Inapplicable ; Inapplicable ; Inapplicable ; Inapplicable ; Inapplicable ; Inapplicable ; Inapplicable ; Inapplicable ; Inapplicable ; Inapplicable ; Inapplicable ; Inapplicable ; Inapplicable ; Inapplicable ; Inapplicable ; Pass      ; Inapplicable ; Inapplicable ;
; SEG_SEL[2]                ; Pass      ; Inapplicable ; Pass      ; Inapplicable ; Inapplicable ; Pass      ; Pass      ; Inapplicable ; Pass      ; Pass      ; Inapplicable ; Inapplicable ; Inapplicable ; Inapplicable ; Inapplicable ; Inapplicable ; Inapplicable ; Inapplicable ; Inapplicable ; Inapplicable ; Inapplicable ; Inapplicable ; Inapplicable ; Inapplicable ; Inapplicable ; Inapplicable ; Inapplicable ; Pass      ; Inapplicable ; Inapplicable ;
; SEG_SEL[3]                ; Pass      ; Inapplicable ; Pass      ; Inapplicable ; Inapplicable ; Pass      ; Pass      ; Inapplicable ; Pass      ; Pass      ; Inapplicable ; Inapplicable ; Inapplicable ; Inapplicable ; Inapplicable ; Inapplicable ; Inapplicable ; Inapplicable ; Inapplicable ; Inapplicable ; Inapplicable ; Inapplicable ; Inapplicable ; Inapplicable ; Inapplicable ; Inapplicable ; Inapplicable ; Pass      ; Inapplicable ; Inapplicable ;
; SEG_SEL[4]                ; Pass      ; Inapplicable ; Pass      ; Inapplicable ; Inapplicable ; Pass      ; Pass      ; Inapplicable ; Pass      ; Pass      ; Inapplicable ; Inapplicable ; Inapplicable ; Inapplicable ; Inapplicable ; Inapplicable ; Inapplicable ; Inapplicable ; Inapplicable ; Inapplicable ; Inapplicable ; Inapplicable ; Inapplicable ; Inapplicable ; Inapplicable ; Inapplicable ; Inapplicable ; Pass      ; Inapplicable ; Inapplicable ;
; SEG_SEL[5]                ; Pass      ; Inapplicable ; Pass      ; Inapplicable ; Inapplicable ; Pass      ; Pass      ; Inapplicable ; Pass      ; Pass      ; Inapplicable ; Inapplicable ; Inapplicable ; Inapplicable ; Inapplicable ; Inapplicable ; Inapplicable ; Inapplicable ; Inapplicable ; Inapplicable ; Inapplicable ; Inapplicable ; Inapplicable ; Inapplicable ; Inapplicable ; Inapplicable ; Inapplicable ; Pass      ; Inapplicable ; Inapplicable ;
; SEG_SEL[6]                ; Pass      ; Inapplicable ; Pass      ; Inapplicable ; Inapplicable ; Pass      ; Pass      ; Inapplicable ; Pass      ; Pass      ; Inapplicable ; Inapplicable ; Inapplicable ; Inapplicable ; Inapplicable ; Inapplicable ; Inapplicable ; Inapplicable ; Inapplicable ; Inapplicable ; Inapplicable ; Inapplicable ; Inapplicable ; Inapplicable ; Inapplicable ; Inapplicable ; Inapplicable ; Pass      ; Inapplicable ; Inapplicable ;
; SEG_SEL[7]                ; Pass      ; Inapplicable ; Pass      ; Inapplicable ; Inapplicable ; Pass      ; Pass      ; Inapplicable ; Pass      ; Pass      ; Inapplicable ; Inapplicable ; Inapplicable ; Inapplicable ; Inapplicable ; Inapplicable ; Inapplicable ; Inapplicable ; Inapplicable ; Inapplicable ; Inapplicable ; Inapplicable ; Inapplicable ; Inapplicable ; Inapplicable ; Inapplicable ; Inapplicable ; Pass      ; Inapplicable ; Inapplicable ;
; GPIO_0_out_zero_value[0]  ; Pass      ; Inapplicable ; Pass      ; Inapplicable ; Inapplicable ; Pass      ; Pass      ; Inapplicable ; Pass      ; Pass      ; Inapplicable ; Inapplicable ; Inapplicable ; Inapplicable ; Inapplicable ; Inapplicable ; Inapplicable ; Inapplicable ; Inapplicable ; Inapplicable ; Inapplicable ; Inapplicable ; Inapplicable ; Inapplicable ; Inapplicable ; Inapplicable ; Inapplicable ; Pass      ; Inapplicable ; Inapplicable ;
; GPIO_0_out_zero_value[1]  ; Pass      ; Inapplicable ; Pass      ; Inapplicable ; Inapplicable ; Pass      ; Pass      ; Inapplicable ; Pass      ; Pass      ; Inapplicable ; Inapplicable ; Inapplicable ; Inapplicable ; Inapplicable ; Inapplicable ; Inapplicable ; Inapplicable ; Inapplicable ; Inapplicable ; Inapplicable ; Inapplicable ; Inapplicable ; Inapplicable ; Inapplicable ; Inapplicable ; Inapplicable ; Pass      ; Inapplicable ; Inapplicable ;
; GPIO_0_out_zero_value[2]  ; Pass      ; Inapplicable ; Pass      ; Inapplicable ; Inapplicable ; Pass      ; Pass      ; Inapplicable ; Pass      ; Pass      ; Inapplicable ; Inapplicable ; Inapplicable ; Inapplicable ; Inapplicable ; Inapplicable ; Inapplicable ; Inapplicable ; Inapplicable ; Inapplicable ; Inapplicable ; Inapplicable ; Inapplicable ; Inapplicable ; Inapplicable ; Inapplicable ; Inapplicable ; Pass      ; Inapplicable ; Inapplicable ;
; GPIO_0_out_zero_value[3]  ; Pass      ; Inapplicable ; Pass      ; Inapplicable ; Inapplicable ; Pass      ; Pass      ; Inapplicable ; Pass      ; Pass      ; Inapplicable ; Inapplicable ; Inapplicable ; Inapplicable ; Inapplicable ; Inapplicable ; Inapplicable ; Inapplicable ; Inapplicable ; Inapplicable ; Inapplicable ; Inapplicable ; Inapplicable ; Inapplicable ; Inapplicable ; Inapplicable ; Inapplicable ; Pass      ; Inapplicable ; Inapplicable ;
; GPIO_0_out_zero_value[4]  ; Pass      ; Inapplicable ; Pass      ; Inapplicable ; Inapplicable ; Pass      ; Pass      ; Inapplicable ; Pass      ; Pass      ; Inapplicable ; Inapplicable ; Inapplicable ; Inapplicable ; Inapplicable ; Inapplicable ; Inapplicable ; Inapplicable ; Inapplicable ; Inapplicable ; Inapplicable ; Inapplicable ; Inapplicable ; Inapplicable ; Inapplicable ; Inapplicable ; Inapplicable ; Pass      ; Inapplicable ; Inapplicable ;
; GPIO_0_out_zero_value[5]  ; Pass      ; Inapplicable ; Pass      ; Inapplicable ; Inapplicable ; Pass      ; Pass      ; Inapplicable ; Pass      ; Pass      ; Inapplicable ; Inapplicable ; Inapplicable ; Inapplicable ; Inapplicable ; Inapplicable ; Inapplicable ; Inapplicable ; Inapplicable ; Inapplicable ; Inapplicable ; Inapplicable ; Inapplicable ; Inapplicable ; Inapplicable ; Inapplicable ; Inapplicable ; Pass      ; Inapplicable ; Inapplicable ;
; GPIO_0_out_zero_value[6]  ; Pass      ; Inapplicable ; Pass      ; Inapplicable ; Inapplicable ; Pass      ; Pass      ; Inapplicable ; Pass      ; Pass      ; Inapplicable ; Inapplicable ; Inapplicable ; Inapplicable ; Inapplicable ; Inapplicable ; Inapplicable ; Inapplicable ; Inapplicable ; Inapplicable ; Inapplicable ; Inapplicable ; Inapplicable ; Inapplicable ; Inapplicable ; Inapplicable ; Inapplicable ; Pass      ; Inapplicable ; Inapplicable ;
; GPIO_0_out_zero_value[7]  ; Pass      ; Inapplicable ; Pass      ; Inapplicable ; Inapplicable ; Pass      ; Pass      ; Inapplicable ; Pass      ; Pass      ; Inapplicable ; Inapplicable ; Inapplicable ; Inapplicable ; Inapplicable ; Inapplicable ; Inapplicable ; Inapplicable ; Inapplicable ; Inapplicable ; Inapplicable ; Inapplicable ; Inapplicable ; Inapplicable ; Inapplicable ; Inapplicable ; Inapplicable ; Pass      ; Inapplicable ; Inapplicable ;
; GPIO_0_out_zero_value[8]  ; Pass      ; Inapplicable ; Pass      ; Inapplicable ; Inapplicable ; Pass      ; Pass      ; Inapplicable ; Pass      ; Pass      ; Inapplicable ; Inapplicable ; Inapplicable ; Inapplicable ; Inapplicable ; Inapplicable ; Inapplicable ; Inapplicable ; Inapplicable ; Inapplicable ; Inapplicable ; Inapplicable ; Inapplicable ; Inapplicable ; Inapplicable ; Inapplicable ; Inapplicable ; Pass      ; Inapplicable ; Inapplicable ;
; GPIO_0_out_zero_value[9]  ; Pass      ; Inapplicable ; Pass      ; Inapplicable ; Inapplicable ; Pass      ; Pass      ; Inapplicable ; Pass      ; Pass      ; Inapplicable ; Inapplicable ; Inapplicable ; Inapplicable ; Inapplicable ; Inapplicable ; Inapplicable ; Inapplicable ; Inapplicable ; Inapplicable ; Inapplicable ; Inapplicable ; Inapplicable ; Inapplicable ; Inapplicable ; Inapplicable ; Inapplicable ; Pass      ; Inapplicable ; Inapplicable ;
; GPIO_0_out_zero_value[10] ; Pass      ; Inapplicable ; Pass      ; Inapplicable ; Inapplicable ; Pass      ; Pass      ; Inapplicable ; Pass      ; Pass      ; Inapplicable ; Inapplicable ; Inapplicable ; Inapplicable ; Inapplicable ; Inapplicable ; Inapplicable ; Inapplicable ; Inapplicable ; Inapplicable ; Inapplicable ; Inapplicable ; Inapplicable ; Inapplicable ; Inapplicable ; Inapplicable ; Inapplicable ; Pass      ; Inapplicable ; Inapplicable ;
; GPIO_0_out_zero_value[11] ; Pass      ; Inapplicable ; Pass      ; Inapplicable ; Inapplicable ; Pass      ; Pass      ; Inapplicable ; Pass      ; Pass      ; Inapplicable ; Inapplicable ; Inapplicable ; Inapplicable ; Inapplicable ; Inapplicable ; Inapplicable ; Inapplicable ; Inapplicable ; Inapplicable ; Inapplicable ; Inapplicable ; Inapplicable ; Inapplicable ; Inapplicable ; Inapplicable ; Inapplicable ; Pass      ; Inapplicable ; Inapplicable ;
; GPIO_0_out_zero_value[12] ; Pass      ; Inapplicable ; Pass      ; Inapplicable ; Inapplicable ; Pass      ; Pass      ; Inapplicable ; Pass      ; Pass      ; Inapplicable ; Inapplicable ; Inapplicable ; Inapplicable ; Inapplicable ; Inapplicable ; Inapplicable ; Inapplicable ; Inapplicable ; Inapplicable ; Inapplicable ; Inapplicable ; Inapplicable ; Inapplicable ; Inapplicable ; Inapplicable ; Inapplicable ; Pass      ; Inapplicable ; Inapplicable ;
; GPIO_0_out_zero_value[13] ; Pass      ; Inapplicable ; Pass      ; Inapplicable ; Inapplicable ; Pass      ; Pass      ; Inapplicable ; Pass      ; Pass      ; Inapplicable ; Inapplicable ; Inapplicable ; Inapplicable ; Inapplicable ; Inapplicable ; Inapplicable ; Inapplicable ; Inapplicable ; Inapplicable ; Inapplicable ; Inapplicable ; Inapplicable ; Inapplicable ; Inapplicable ; Inapplicable ; Inapplicable ; Pass      ; Inapplicable ; Inapplicable ;
; GPIO_0_out_zero_value[14] ; Pass      ; Inapplicable ; Pass      ; Inapplicable ; Inapplicable ; Pass      ; Pass      ; Inapplicable ; Pass      ; Pass      ; Inapplicable ; Inapplicable ; Inapplicable ; Inapplicable ; Inapplicable ; Inapplicable ; Inapplicable ; Inapplicable ; Inapplicable ; Inapplicable ; Inapplicable ; Inapplicable ; Inapplicable ; Inapplicable ; Inapplicable ; Inapplicable ; Inapplicable ; Pass      ; Inapplicable ; Inapplicable ;
; GPIO_0_out_zero_value[15] ; Pass      ; Inapplicable ; Pass      ; Inapplicable ; Inapplicable ; Pass      ; Pass      ; Inapplicable ; Pass      ; Pass      ; Inapplicable ; Inapplicable ; Inapplicable ; Inapplicable ; Inapplicable ; Inapplicable ; Inapplicable ; Inapplicable ; Inapplicable ; Inapplicable ; Inapplicable ; Inapplicable ; Inapplicable ; Inapplicable ; Inapplicable ; Inapplicable ; Inapplicable ; Pass      ; Inapplicable ; Inapplicable ;
; GPIO_0_out_zero_value[16] ; Pass      ; Inapplicable ; Pass      ; Inapplicable ; Inapplicable ; Pass      ; Pass      ; Inapplicable ; Pass      ; Pass      ; Inapplicable ; Inapplicable ; Inapplicable ; Inapplicable ; Inapplicable ; Inapplicable ; Inapplicable ; Inapplicable ; Inapplicable ; Inapplicable ; Inapplicable ; Inapplicable ; Inapplicable ; Inapplicable ; Inapplicable ; Inapplicable ; Inapplicable ; Pass      ; Inapplicable ; Inapplicable ;
; GPIO_0_input_pullup[16]   ; Pass      ; Inapplicable ; Pass      ; Inapplicable ; Inapplicable ; Pass      ; Pass      ; Inapplicable ; Pass      ; Pass      ; Inapplicable ; Inapplicable ; Inapplicable ; Pass         ; Pass         ; Inapplicable ; Inapplicable ; Pass         ; Pass         ; Inapplicable ; Inapplicable ; Inapplicable ; Inapplicable ; Inapplicable ; Inapplicable ; Inapplicable ; Inapplicable ; Pass      ; Inapplicable ; Inapplicable ;
; GPIO_1_out_zero_value[0]  ; Pass      ; Inapplicable ; Pass      ; Inapplicable ; Inapplicable ; Pass      ; Pass      ; Inapplicable ; Pass      ; Pass      ; Inapplicable ; Inapplicable ; Inapplicable ; Inapplicable ; Inapplicable ; Inapplicable ; Inapplicable ; Inapplicable ; Inapplicable ; Inapplicable ; Inapplicable ; Inapplicable ; Inapplicable ; Inapplicable ; Inapplicable ; Inapplicable ; Inapplicable ; Pass      ; Inapplicable ; Inapplicable ;
; GPIO_1_out_zero_value[1]  ; Pass      ; Inapplicable ; Pass      ; Inapplicable ; Inapplicable ; Pass      ; Pass      ; Inapplicable ; Pass      ; Pass      ; Inapplicable ; Inapplicable ; Inapplicable ; Inapplicable ; Inapplicable ; Inapplicable ; Inapplicable ; Inapplicable ; Inapplicable ; Inapplicable ; Inapplicable ; Inapplicable ; Inapplicable ; Inapplicable ; Inapplicable ; Inapplicable ; Inapplicable ; Pass      ; Inapplicable ; Inapplicable ;
; GPIO_1_out_zero_value[2]  ; Pass      ; Inapplicable ; Pass      ; Inapplicable ; Inapplicable ; Pass      ; Pass      ; Inapplicable ; Pass      ; Pass      ; Inapplicable ; Inapplicable ; Inapplicable ; Inapplicable ; Inapplicable ; Inapplicable ; Inapplicable ; Inapplicable ; Inapplicable ; Inapplicable ; Inapplicable ; Inapplicable ; Inapplicable ; Inapplicable ; Inapplicable ; Inapplicable ; Inapplicable ; Pass      ; Inapplicable ; Inapplicable ;
; GPIO_1_out_zero_value[3]  ; Pass      ; Inapplicable ; Pass      ; Inapplicable ; Inapplicable ; Pass      ; Pass      ; Inapplicable ; Pass      ; Pass      ; Inapplicable ; Inapplicable ; Inapplicable ; Inapplicable ; Inapplicable ; Inapplicable ; Inapplicable ; Inapplicable ; Inapplicable ; Inapplicable ; Inapplicable ; Inapplicable ; Inapplicable ; Inapplicable ; Inapplicable ; Inapplicable ; Inapplicable ; Pass      ; Inapplicable ; Inapplicable ;
; GPIO_1_out_zero_value[4]  ; Pass      ; Inapplicable ; Pass      ; Inapplicable ; Inapplicable ; Pass      ; Pass      ; Inapplicable ; Pass      ; Pass      ; Inapplicable ; Inapplicable ; Inapplicable ; Inapplicable ; Inapplicable ; Inapplicable ; Inapplicable ; Inapplicable ; Inapplicable ; Inapplicable ; Inapplicable ; Inapplicable ; Inapplicable ; Inapplicable ; Inapplicable ; Inapplicable ; Inapplicable ; Pass      ; Inapplicable ; Inapplicable ;
; GPIO_1_out_zero_value[5]  ; Pass      ; Inapplicable ; Pass      ; Inapplicable ; Inapplicable ; Pass      ; Pass      ; Inapplicable ; Pass      ; Pass      ; Inapplicable ; Inapplicable ; Inapplicable ; Inapplicable ; Inapplicable ; Inapplicable ; Inapplicable ; Inapplicable ; Inapplicable ; Inapplicable ; Inapplicable ; Inapplicable ; Inapplicable ; Inapplicable ; Inapplicable ; Inapplicable ; Inapplicable ; Pass      ; Inapplicable ; Inapplicable ;
; GPIO_1_out_zero_value[6]  ; Pass      ; Inapplicable ; Pass      ; Inapplicable ; Inapplicable ; Pass      ; Pass      ; Inapplicable ; Pass      ; Pass      ; Inapplicable ; Inapplicable ; Inapplicable ; Inapplicable ; Inapplicable ; Inapplicable ; Inapplicable ; Inapplicable ; Inapplicable ; Inapplicable ; Inapplicable ; Inapplicable ; Inapplicable ; Inapplicable ; Inapplicable ; Inapplicable ; Inapplicable ; Pass      ; Inapplicable ; Inapplicable ;
; GPIO_1_out_zero_value[7]  ; Pass      ; Inapplicable ; Pass      ; Inapplicable ; Inapplicable ; Pass      ; Pass      ; Inapplicable ; Pass      ; Pass      ; Inapplicable ; Inapplicable ; Inapplicable ; Inapplicable ; Inapplicable ; Inapplicable ; Inapplicable ; Inapplicable ; Inapplicable ; Inapplicable ; Inapplicable ; Inapplicable ; Inapplicable ; Inapplicable ; Inapplicable ; Inapplicable ; Inapplicable ; Pass      ; Inapplicable ; Inapplicable ;
; GPIO_1_out_zero_value[8]  ; Pass      ; Inapplicable ; Pass      ; Inapplicable ; Inapplicable ; Pass      ; Pass      ; Inapplicable ; Pass      ; Pass      ; Inapplicable ; Inapplicable ; Inapplicable ; Inapplicable ; Inapplicable ; Inapplicable ; Inapplicable ; Inapplicable ; Inapplicable ; Inapplicable ; Inapplicable ; Inapplicable ; Inapplicable ; Inapplicable ; Inapplicable ; Inapplicable ; Inapplicable ; Pass      ; Inapplicable ; Inapplicable ;
; GPIO_1_out_zero_value[9]  ; Pass      ; Inapplicable ; Pass      ; Inapplicable ; Inapplicable ; Pass      ; Pass      ; Inapplicable ; Pass      ; Pass      ; Inapplicable ; Inapplicable ; Inapplicable ; Inapplicable ; Inapplicable ; Inapplicable ; Inapplicable ; Inapplicable ; Inapplicable ; Inapplicable ; Inapplicable ; Inapplicable ; Inapplicable ; Inapplicable ; Inapplicable ; Inapplicable ; Inapplicable ; Pass      ; Inapplicable ; Inapplicable ;
; GPIO_1_out_zero_value[10] ; Pass      ; Inapplicable ; Pass      ; Inapplicable ; Inapplicable ; Pass      ; Pass      ; Inapplicable ; Pass      ; Pass      ; Inapplicable ; Inapplicable ; Inapplicable ; Inapplicable ; Inapplicable ; Inapplicable ; Inapplicable ; Inapplicable ; Inapplicable ; Inapplicable ; Inapplicable ; Inapplicable ; Inapplicable ; Inapplicable ; Inapplicable ; Inapplicable ; Inapplicable ; Pass      ; Inapplicable ; Inapplicable ;
; GPIO_1_out_zero_value[11] ; Pass      ; Inapplicable ; Pass      ; Inapplicable ; Inapplicable ; Pass      ; Pass      ; Inapplicable ; Pass      ; Pass      ; Inapplicable ; Inapplicable ; Inapplicable ; Inapplicable ; Inapplicable ; Inapplicable ; Inapplicable ; Inapplicable ; Inapplicable ; Inapplicable ; Inapplicable ; Inapplicable ; Inapplicable ; Inapplicable ; Inapplicable ; Inapplicable ; Inapplicable ; Pass      ; Inapplicable ; Inapplicable ;
; GPIO_1_out_zero_value[12] ; Pass      ; Inapplicable ; Pass      ; Inapplicable ; Inapplicable ; Pass      ; Pass      ; Inapplicable ; Pass      ; Pass      ; Inapplicable ; Inapplicable ; Inapplicable ; Inapplicable ; Inapplicable ; Inapplicable ; Inapplicable ; Inapplicable ; Inapplicable ; Inapplicable ; Inapplicable ; Inapplicable ; Inapplicable ; Inapplicable ; Inapplicable ; Inapplicable ; Inapplicable ; Pass      ; Inapplicable ; Inapplicable ;
; GPIO_1_out_zero_value[13] ; Pass      ; Inapplicable ; Pass      ; Inapplicable ; Inapplicable ; Pass      ; Pass      ; Inapplicable ; Pass      ; Pass      ; Inapplicable ; Inapplicable ; Inapplicable ; Inapplicable ; Inapplicable ; Inapplicable ; Inapplicable ; Inapplicable ; Inapplicable ; Inapplicable ; Inapplicable ; Inapplicable ; Inapplicable ; Inapplicable ; Inapplicable ; Inapplicable ; Inapplicable ; Pass      ; Inapplicable ; Inapplicable ;
; GPIO_1_out_zero_value[14] ; Pass      ; Inapplicable ; Pass      ; Inapplicable ; Inapplicable ; Pass      ; Pass      ; Inapplicable ; Pass      ; Pass      ; Inapplicable ; Inapplicable ; Inapplicable ; Inapplicable ; Inapplicable ; Inapplicable ; Inapplicable ; Inapplicable ; Inapplicable ; Inapplicable ; Inapplicable ; Inapplicable ; Inapplicable ; Inapplicable ; Inapplicable ; Inapplicable ; Inapplicable ; Pass      ; Inapplicable ; Inapplicable ;
; GPIO_1_out_zero_value[15] ; Pass      ; Inapplicable ; Pass      ; Inapplicable ; Inapplicable ; Pass      ; Pass      ; Inapplicable ; Pass      ; Pass      ; Inapplicable ; Inapplicable ; Inapplicable ; Inapplicable ; Inapplicable ; Inapplicable ; Inapplicable ; Inapplicable ; Inapplicable ; Inapplicable ; Inapplicable ; Inapplicable ; Inapplicable ; Inapplicable ; Inapplicable ; Inapplicable ; Inapplicable ; Pass      ; Inapplicable ; Inapplicable ;
; GPIO_1_out_zero_value[16] ; Pass      ; Inapplicable ; Pass      ; Inapplicable ; Inapplicable ; Pass      ; Pass      ; Inapplicable ; Pass      ; Pass      ; Inapplicable ; Inapplicable ; Inapplicable ; Inapplicable ; Inapplicable ; Inapplicable ; Inapplicable ; Inapplicable ; Inapplicable ; Inapplicable ; Inapplicable ; Inapplicable ; Inapplicable ; Inapplicable ; Inapplicable ; Inapplicable ; Inapplicable ; Pass      ; Inapplicable ; Inapplicable ;
; GPIO_1_input_pullup[0]    ; Pass      ; Inapplicable ; Pass      ; Inapplicable ; Inapplicable ; Pass      ; Pass      ; Inapplicable ; Pass      ; Pass      ; Inapplicable ; Inapplicable ; Inapplicable ; Pass         ; Pass         ; Inapplicable ; Inapplicable ; Pass         ; Pass         ; Inapplicable ; Inapplicable ; Inapplicable ; Inapplicable ; Inapplicable ; Inapplicable ; Inapplicable ; Inapplicable ; Pass      ; Inapplicable ; Inapplicable ;
; GPIO_1_input_pullup[1]    ; Pass      ; Inapplicable ; Pass      ; Inapplicable ; Inapplicable ; Pass      ; Pass      ; Inapplicable ; Pass      ; Pass      ; Inapplicable ; Inapplicable ; Inapplicable ; Pass         ; Pass         ; Inapplicable ; Inapplicable ; Pass         ; Pass         ; Inapplicable ; Inapplicable ; Inapplicable ; Inapplicable ; Inapplicable ; Inapplicable ; Inapplicable ; Inapplicable ; Pass      ; Inapplicable ; Inapplicable ;
; GPIO_1_input_pullup[2]    ; Pass      ; Inapplicable ; Pass      ; Inapplicable ; Inapplicable ; Pass      ; Pass      ; Inapplicable ; Pass      ; Pass      ; Inapplicable ; Inapplicable ; Inapplicable ; Pass         ; Pass         ; Inapplicable ; Inapplicable ; Pass         ; Pass         ; Inapplicable ; Inapplicable ; Inapplicable ; Inapplicable ; Inapplicable ; Inapplicable ; Inapplicable ; Inapplicable ; Pass      ; Inapplicable ; Inapplicable ;
; GPIO_1_input_pullup[3]    ; Pass      ; Inapplicable ; Pass      ; Inapplicable ; Inapplicable ; Pass      ; Pass      ; Inapplicable ; Pass      ; Pass      ; Inapplicable ; Inapplicable ; Inapplicable ; Pass         ; Pass         ; Inapplicable ; Inapplicable ; Pass         ; Pass         ; Inapplicable ; Inapplicable ; Inapplicable ; Inapplicable ; Inapplicable ; Inapplicable ; Inapplicable ; Inapplicable ; Pass      ; Inapplicable ; Inapplicable ;
; GPIO_1_input_pullup[4]    ; Pass      ; Inapplicable ; Pass      ; Inapplicable ; Inapplicable ; Pass      ; Pass      ; Inapplicable ; Pass      ; Pass      ; Inapplicable ; Inapplicable ; Inapplicable ; Pass         ; Pass         ; Inapplicable ; Inapplicable ; Pass         ; Pass         ; Inapplicable ; Inapplicable ; Inapplicable ; Inapplicable ; Inapplicable ; Inapplicable ; Inapplicable ; Inapplicable ; Pass      ; Inapplicable ; Inapplicable ;
; GPIO_1_input_pullup[5]    ; Pass      ; Inapplicable ; Pass      ; Inapplicable ; Inapplicable ; Pass      ; Pass      ; Inapplicable ; Pass      ; Pass      ; Inapplicable ; Inapplicable ; Inapplicable ; Pass         ; Pass         ; Inapplicable ; Inapplicable ; Pass         ; Pass         ; Inapplicable ; Inapplicable ; Inapplicable ; Inapplicable ; Inapplicable ; Inapplicable ; Inapplicable ; Inapplicable ; Pass      ; Inapplicable ; Inapplicable ;
; GPIO_1_input_pullup[6]    ; Pass      ; Inapplicable ; Pass      ; Inapplicable ; Inapplicable ; Pass      ; Pass      ; Inapplicable ; Pass      ; Pass      ; Inapplicable ; Inapplicable ; Inapplicable ; Pass         ; Pass         ; Inapplicable ; Inapplicable ; Pass         ; Pass         ; Inapplicable ; Inapplicable ; Inapplicable ; Inapplicable ; Inapplicable ; Inapplicable ; Inapplicable ; Inapplicable ; Pass      ; Inapplicable ; Inapplicable ;
; GPIO_1_input_pullup[7]    ; Pass      ; Inapplicable ; Pass      ; Inapplicable ; Inapplicable ; Pass      ; Pass      ; Inapplicable ; Pass      ; Pass      ; Inapplicable ; Inapplicable ; Inapplicable ; Pass         ; Pass         ; Inapplicable ; Inapplicable ; Pass         ; Pass         ; Inapplicable ; Inapplicable ; Inapplicable ; Inapplicable ; Inapplicable ; Inapplicable ; Inapplicable ; Inapplicable ; Pass      ; Inapplicable ; Inapplicable ;
; GPIO_1_input_pullup[8]    ; Pass      ; Inapplicable ; Pass      ; Inapplicable ; Inapplicable ; Pass      ; Pass      ; Inapplicable ; Pass      ; Pass      ; Inapplicable ; Inapplicable ; Inapplicable ; Pass         ; Pass         ; Inapplicable ; Inapplicable ; Pass         ; Pass         ; Inapplicable ; Inapplicable ; Inapplicable ; Inapplicable ; Inapplicable ; Inapplicable ; Inapplicable ; Inapplicable ; Pass      ; Inapplicable ; Inapplicable ;
; GPIO_1_input_pullup[9]    ; Pass      ; Inapplicable ; Pass      ; Inapplicable ; Inapplicable ; Pass      ; Pass      ; Inapplicable ; Pass      ; Pass      ; Inapplicable ; Inapplicable ; Inapplicable ; Pass         ; Pass         ; Inapplicable ; Inapplicable ; Pass         ; Pass         ; Inapplicable ; Inapplicable ; Inapplicable ; Inapplicable ; Inapplicable ; Inapplicable ; Inapplicable ; Inapplicable ; Pass      ; Inapplicable ; Inapplicable ;
; GPIO_1_input_pullup[10]   ; Pass      ; Inapplicable ; Pass      ; Inapplicable ; Inapplicable ; Pass      ; Pass      ; Inapplicable ; Pass      ; Pass      ; Inapplicable ; Inapplicable ; Inapplicable ; Pass         ; Pass         ; Inapplicable ; Inapplicable ; Pass         ; Pass         ; Inapplicable ; Inapplicable ; Inapplicable ; Inapplicable ; Inapplicable ; Inapplicable ; Inapplicable ; Inapplicable ; Pass      ; Inapplicable ; Inapplicable ;
; GPIO_1_input_pullup[11]   ; Pass      ; Inapplicable ; Pass      ; Inapplicable ; Inapplicable ; Pass      ; Pass      ; Inapplicable ; Pass      ; Pass      ; Inapplicable ; Inapplicable ; Inapplicable ; Pass         ; Pass         ; Inapplicable ; Inapplicable ; Pass         ; Pass         ; Inapplicable ; Inapplicable ; Inapplicable ; Inapplicable ; Inapplicable ; Inapplicable ; Inapplicable ; Inapplicable ; Pass      ; Inapplicable ; Inapplicable ;
; GPIO_1_input_pullup[12]   ; Pass      ; Inapplicable ; Pass      ; Inapplicable ; Inapplicable ; Pass      ; Pass      ; Inapplicable ; Pass      ; Pass      ; Inapplicable ; Inapplicable ; Inapplicable ; Pass         ; Pass         ; Inapplicable ; Inapplicable ; Pass         ; Pass         ; Inapplicable ; Inapplicable ; Inapplicable ; Inapplicable ; Inapplicable ; Inapplicable ; Inapplicable ; Inapplicable ; Pass      ; Inapplicable ; Inapplicable ;
; GPIO_1_input_pullup[13]   ; Pass      ; Inapplicable ; Pass      ; Inapplicable ; Inapplicable ; Pass      ; Pass      ; Inapplicable ; Pass      ; Pass      ; Inapplicable ; Inapplicable ; Inapplicable ; Pass         ; Pass         ; Inapplicable ; Inapplicable ; Pass         ; Pass         ; Inapplicable ; Inapplicable ; Inapplicable ; Inapplicable ; Inapplicable ; Inapplicable ; Inapplicable ; Inapplicable ; Pass      ; Inapplicable ; Inapplicable ;
; GPIO_1_input_pullup[14]   ; Pass      ; Inapplicable ; Pass      ; Inapplicable ; Inapplicable ; Pass      ; Pass      ; Inapplicable ; Pass      ; Pass      ; Inapplicable ; Inapplicable ; Inapplicable ; Pass         ; Pass         ; Inapplicable ; Inapplicable ; Pass         ; Pass         ; Inapplicable ; Inapplicable ; Inapplicable ; Inapplicable ; Inapplicable ; Inapplicable ; Inapplicable ; Inapplicable ; Pass      ; Inapplicable ; Inapplicable ;
; GPIO_1_input_pullup[15]   ; Pass      ; Inapplicable ; Pass      ; Inapplicable ; Inapplicable ; Pass      ; Pass      ; Inapplicable ; Pass      ; Pass      ; Inapplicable ; Inapplicable ; Inapplicable ; Pass         ; Pass         ; Inapplicable ; Inapplicable ; Pass         ; Pass         ; Inapplicable ; Inapplicable ; Inapplicable ; Inapplicable ; Inapplicable ; Inapplicable ; Inapplicable ; Inapplicable ; Pass      ; Inapplicable ; Inapplicable ;
; GPIO_1_input_pullup[16]   ; Pass      ; Inapplicable ; Pass      ; Inapplicable ; Inapplicable ; Pass      ; Pass      ; Inapplicable ; Pass      ; Pass      ; Inapplicable ; Inapplicable ; Inapplicable ; Pass         ; Pass         ; Inapplicable ; Inapplicable ; Pass         ; Pass         ; Inapplicable ; Inapplicable ; Inapplicable ; Inapplicable ; Inapplicable ; Inapplicable ; Inapplicable ; Inapplicable ; Pass      ; Inapplicable ; Inapplicable ;
; CLK                       ; Pass      ; Inapplicable ; Pass      ; Inapplicable ; Inapplicable ; Pass      ; Pass      ; Inapplicable ; Pass      ; Pass      ; Inapplicable ; Inapplicable ; Inapplicable ; Inapplicable ; Pass         ; Inapplicable ; Inapplicable ; Pass         ; Inapplicable ; Inapplicable ; Inapplicable ; Inapplicable ; Inapplicable ; Inapplicable ; Inapplicable ; Inapplicable ; Inapplicable ; Pass      ; Inapplicable ; Inapplicable ;
; RST_N                     ; Pass      ; Inapplicable ; Pass      ; Inapplicable ; Inapplicable ; Pass      ; Pass      ; Inapplicable ; Pass      ; Pass      ; Inapplicable ; Inapplicable ; Inapplicable ; Inapplicable ; Pass         ; Inapplicable ; Inapplicable ; Pass         ; Inapplicable ; Inapplicable ; Inapplicable ; Inapplicable ; Inapplicable ; Inapplicable ; Inapplicable ; Inapplicable ; Inapplicable ; Pass      ; Inapplicable ; Inapplicable ;
; GPIO_0_input_pullup[12]   ; Pass      ; Inapplicable ; Pass      ; Inapplicable ; Inapplicable ; Pass      ; Pass      ; Inapplicable ; Pass      ; Pass      ; Inapplicable ; Inapplicable ; Inapplicable ; Pass         ; Pass         ; Inapplicable ; Inapplicable ; Pass         ; Pass         ; Inapplicable ; Inapplicable ; Inapplicable ; Inapplicable ; Inapplicable ; Inapplicable ; Inapplicable ; Inapplicable ; Pass      ; Inapplicable ; Inapplicable ;
; GPIO_0_input_pullup[4]    ; Pass      ; Inapplicable ; Pass      ; Inapplicable ; Inapplicable ; Pass      ; Pass      ; Inapplicable ; Pass      ; Pass      ; Inapplicable ; Inapplicable ; Inapplicable ; Pass         ; Pass         ; Inapplicable ; Inapplicable ; Pass         ; Pass         ; Inapplicable ; Inapplicable ; Inapplicable ; Inapplicable ; Inapplicable ; Inapplicable ; Inapplicable ; Inapplicable ; Pass      ; Inapplicable ; Inapplicable ;
; GPIO_0_input_pullup[13]   ; Pass      ; Inapplicable ; Pass      ; Inapplicable ; Inapplicable ; Pass      ; Pass      ; Inapplicable ; Pass      ; Pass      ; Inapplicable ; Inapplicable ; Inapplicable ; Pass         ; Pass         ; Inapplicable ; Inapplicable ; Pass         ; Pass         ; Inapplicable ; Inapplicable ; Inapplicable ; Inapplicable ; Inapplicable ; Inapplicable ; Inapplicable ; Inapplicable ; Pass      ; Inapplicable ; Inapplicable ;
; GPIO_0_input_pullup[5]    ; Pass      ; Inapplicable ; Pass      ; Inapplicable ; Inapplicable ; Pass      ; Pass      ; Inapplicable ; Pass      ; Pass      ; Inapplicable ; Inapplicable ; Inapplicable ; Pass         ; Pass         ; Inapplicable ; Inapplicable ; Pass         ; Pass         ; Inapplicable ; Inapplicable ; Inapplicable ; Inapplicable ; Inapplicable ; Inapplicable ; Inapplicable ; Inapplicable ; Pass      ; Inapplicable ; Inapplicable ;
; GPIO_0_input_pullup[14]   ; Pass      ; Inapplicable ; Pass      ; Inapplicable ; Inapplicable ; Pass      ; Pass      ; Inapplicable ; Pass      ; Pass      ; Inapplicable ; Inapplicable ; Inapplicable ; Pass         ; Pass         ; Inapplicable ; Inapplicable ; Pass         ; Pass         ; Inapplicable ; Inapplicable ; Inapplicable ; Inapplicable ; Inapplicable ; Inapplicable ; Inapplicable ; Inapplicable ; Pass      ; Inapplicable ; Inapplicable ;
; GPIO_0_input_pullup[6]    ; Pass      ; Inapplicable ; Pass      ; Inapplicable ; Inapplicable ; Pass      ; Pass      ; Inapplicable ; Pass      ; Pass      ; Inapplicable ; Inapplicable ; Inapplicable ; Pass         ; Pass         ; Inapplicable ; Inapplicable ; Pass         ; Pass         ; Inapplicable ; Inapplicable ; Inapplicable ; Inapplicable ; Inapplicable ; Inapplicable ; Inapplicable ; Inapplicable ; Pass      ; Inapplicable ; Inapplicable ;
; GPIO_0_input_pullup[15]   ; Pass      ; Inapplicable ; Pass      ; Inapplicable ; Inapplicable ; Pass      ; Pass      ; Inapplicable ; Pass      ; Pass      ; Inapplicable ; Inapplicable ; Inapplicable ; Pass         ; Pass         ; Inapplicable ; Inapplicable ; Pass         ; Pass         ; Inapplicable ; Inapplicable ; Inapplicable ; Inapplicable ; Inapplicable ; Inapplicable ; Inapplicable ; Inapplicable ; Pass      ; Inapplicable ; Inapplicable ;
; GPIO_0_input_pullup[7]    ; Pass      ; Inapplicable ; Pass      ; Inapplicable ; Inapplicable ; Pass      ; Pass      ; Inapplicable ; Pass      ; Pass      ; Inapplicable ; Inapplicable ; Inapplicable ; Pass         ; Pass         ; Inapplicable ; Inapplicable ; Pass         ; Pass         ; Inapplicable ; Inapplicable ; Inapplicable ; Inapplicable ; Inapplicable ; Inapplicable ; Inapplicable ; Inapplicable ; Pass      ; Inapplicable ; Inapplicable ;
; GPIO_0_input_pullup[8]    ; Pass      ; Inapplicable ; Pass      ; Inapplicable ; Inapplicable ; Pass      ; Pass      ; Inapplicable ; Pass      ; Pass      ; Inapplicable ; Inapplicable ; Inapplicable ; Pass         ; Pass         ; Inapplicable ; Inapplicable ; Pass         ; Pass         ; Inapplicable ; Inapplicable ; Inapplicable ; Inapplicable ; Inapplicable ; Inapplicable ; Inapplicable ; Inapplicable ; Pass      ; Inapplicable ; Inapplicable ;
; GPIO_0_input_pullup[0]    ; Pass      ; Inapplicable ; Pass      ; Inapplicable ; Inapplicable ; Pass      ; Pass      ; Inapplicable ; Pass      ; Pass      ; Inapplicable ; Inapplicable ; Inapplicable ; Pass         ; Pass         ; Inapplicable ; Inapplicable ; Pass         ; Pass         ; Inapplicable ; Inapplicable ; Inapplicable ; Inapplicable ; Inapplicable ; Inapplicable ; Inapplicable ; Inapplicable ; Pass      ; Inapplicable ; Inapplicable ;
; GPIO_0_input_pullup[9]    ; Pass      ; Inapplicable ; Pass      ; Inapplicable ; Inapplicable ; Pass      ; Pass      ; Inapplicable ; Pass      ; Pass      ; Inapplicable ; Inapplicable ; Inapplicable ; Pass         ; Pass         ; Inapplicable ; Inapplicable ; Pass         ; Pass         ; Inapplicable ; Inapplicable ; Inapplicable ; Inapplicable ; Inapplicable ; Inapplicable ; Inapplicable ; Inapplicable ; Pass      ; Inapplicable ; Inapplicable ;
; GPIO_0_input_pullup[1]    ; Pass      ; Inapplicable ; Pass      ; Inapplicable ; Inapplicable ; Pass      ; Pass      ; Inapplicable ; Pass      ; Pass      ; Inapplicable ; Inapplicable ; Inapplicable ; Pass         ; Pass         ; Inapplicable ; Inapplicable ; Pass         ; Pass         ; Inapplicable ; Inapplicable ; Inapplicable ; Inapplicable ; Inapplicable ; Inapplicable ; Inapplicable ; Inapplicable ; Pass      ; Inapplicable ; Inapplicable ;
; GPIO_0_input_pullup[10]   ; Pass      ; Inapplicable ; Pass      ; Inapplicable ; Inapplicable ; Pass      ; Pass      ; Inapplicable ; Pass      ; Pass      ; Inapplicable ; Inapplicable ; Inapplicable ; Pass         ; Pass         ; Inapplicable ; Inapplicable ; Pass         ; Pass         ; Inapplicable ; Inapplicable ; Inapplicable ; Inapplicable ; Inapplicable ; Inapplicable ; Inapplicable ; Inapplicable ; Pass      ; Inapplicable ; Inapplicable ;
; GPIO_0_input_pullup[2]    ; Pass      ; Inapplicable ; Pass      ; Inapplicable ; Inapplicable ; Pass      ; Pass      ; Inapplicable ; Pass      ; Pass      ; Inapplicable ; Inapplicable ; Inapplicable ; Pass         ; Pass         ; Inapplicable ; Inapplicable ; Pass         ; Pass         ; Inapplicable ; Inapplicable ; Inapplicable ; Inapplicable ; Inapplicable ; Inapplicable ; Inapplicable ; Inapplicable ; Pass      ; Inapplicable ; Inapplicable ;
; GPIO_0_input_pullup[11]   ; Pass      ; Inapplicable ; Pass      ; Inapplicable ; Inapplicable ; Pass      ; Pass      ; Inapplicable ; Pass      ; Pass      ; Inapplicable ; Inapplicable ; Inapplicable ; Pass         ; Pass         ; Inapplicable ; Inapplicable ; Pass         ; Pass         ; Inapplicable ; Inapplicable ; Inapplicable ; Inapplicable ; Inapplicable ; Inapplicable ; Inapplicable ; Inapplicable ; Pass      ; Inapplicable ; Inapplicable ;
; GPIO_0_input_pullup[3]    ; Pass      ; Inapplicable ; Pass      ; Inapplicable ; Inapplicable ; Pass      ; Pass      ; Inapplicable ; Pass      ; Pass      ; Inapplicable ; Inapplicable ; Inapplicable ; Pass         ; Pass         ; Inapplicable ; Inapplicable ; Pass         ; Pass         ; Inapplicable ; Inapplicable ; Inapplicable ; Inapplicable ; Inapplicable ; Inapplicable ; Inapplicable ; Inapplicable ; Pass      ; Inapplicable ; Inapplicable ;
; KEY2_N                    ; Pass      ; Inapplicable ; Pass      ; Inapplicable ; Inapplicable ; Pass      ; Pass      ; Inapplicable ; Pass      ; Pass      ; Inapplicable ; Inapplicable ; Inapplicable ; Inapplicable ; Pass         ; Inapplicable ; Inapplicable ; Pass         ; Inapplicable ; Inapplicable ; Inapplicable ; Inapplicable ; Inapplicable ; Inapplicable ; Inapplicable ; Inapplicable ; Inapplicable ; Pass      ; Inapplicable ; Inapplicable ;
; KEY3_N                    ; Pass      ; Inapplicable ; Pass      ; Inapplicable ; Inapplicable ; Pass      ; Pass      ; Inapplicable ; Pass      ; Pass      ; Inapplicable ; Inapplicable ; Inapplicable ; Inapplicable ; Pass         ; Inapplicable ; Inapplicable ; Pass         ; Inapplicable ; Inapplicable ; Inapplicable ; Inapplicable ; Inapplicable ; Inapplicable ; Inapplicable ; Inapplicable ; Inapplicable ; Pass      ; Inapplicable ; Inapplicable ;
; KEY4_N                    ; Pass      ; Inapplicable ; Pass      ; Inapplicable ; Inapplicable ; Pass      ; Pass      ; Inapplicable ; Pass      ; Pass      ; Inapplicable ; Inapplicable ; Inapplicable ; Inapplicable ; Pass         ; Inapplicable ; Inapplicable ; Pass         ; Inapplicable ; Inapplicable ; Inapplicable ; Inapplicable ; Inapplicable ; Inapplicable ; Inapplicable ; Inapplicable ; Inapplicable ; Pass      ; Inapplicable ; Inapplicable ;
+---------------------------+-----------+--------------+-----------+--------------+--------------+-----------+-----------+--------------+-----------+-----------+--------------+--------------+--------------+--------------+--------------+--------------+--------------+--------------+--------------+--------------+--------------+--------------+--------------+--------------+--------------+--------------+--------------+-----------+--------------+--------------+


+---------------------------------------------------------------------------------------------+
; Fitter Device Options                                                                       ;
+------------------------------------------------------------------+--------------------------+
; Option                                                           ; Setting                  ;
+------------------------------------------------------------------+--------------------------+
; Enable user-supplied start-up clock (CLKUSR)                     ; Off                      ;
; Enable device-wide reset (DEV_CLRn)                              ; Off                      ;
; Enable device-wide output enable (DEV_OE)                        ; Off                      ;
; Enable INIT_DONE output                                          ; Off                      ;
; Configuration scheme                                             ; Active Serial            ;
; Error detection CRC                                              ; Off                      ;
; Enable open drain on CRC_ERROR pin                               ; Off                      ;
; Enable input tri-state on active configuration pins in user mode ; Off                      ;
; Configuration Voltage Level                                      ; Auto                     ;
; Force Configuration Voltage Level                                ; Off                      ;
; nCEO                                                             ; Unreserved               ;
; Data[0]                                                          ; As input tri-stated      ;
; Data[1]/ASDO                                                     ; As input tri-stated      ;
; Data[7..2]                                                       ; Unreserved               ;
; FLASH_nCE/nCSO                                                   ; As input tri-stated      ;
; Other Active Parallel pins                                       ; Unreserved               ;
; DCLK                                                             ; As output driving ground ;
+------------------------------------------------------------------+--------------------------+


+------------------------------------+
; Operating Settings and Conditions  ;
+---------------------------+--------+
; Setting                   ; Value  ;
+---------------------------+--------+
; Nominal Core Voltage      ; 1.20 V ;
; Low Junction Temperature  ; 0 ∞C   ;
; High Junction Temperature ; 85 ∞C  ;
+---------------------------+--------+


+------------------------------------------------------------+
; Estimated Delay Added for Hold Timing Summary              ;
+-----------------+----------------------+-------------------+
; Source Clock(s) ; Destination Clock(s) ; Delay Added in ns ;
+-----------------+----------------------+-------------------+
Note: For more information on problematic transfers, consider running the Fitter again with the Optimize hold timing option (Settings Menu) turned off.
This will disable optimization of problematic paths and expose them for further analysis using the Timing Analyzer.


+------------------------------------------------------------+
; Estimated Delay Added for Hold Timing Details              ;
+-----------------+----------------------+-------------------+
; Source Register ; Destination Register ; Delay Added in ns ;
+-----------------+----------------------+-------------------+
; last_result[20] ; display_value[20]    ; 0.013             ;
; last_result[19] ; display_value[19]    ; 0.013             ;
; last_result[18] ; display_value[18]    ; 0.013             ;
; last_result[17] ; display_value[17]    ; 0.013             ;
; last_result[11] ; display_value[11]    ; 0.013             ;
+-----------------+----------------------+-------------------+
Note: This table only shows the top 5 path(s) that have the largest delay added for hold.


+-----------------+
; Fitter Messages ;
+-----------------+
Warning (18236): Number of processors has not been specified which may cause overloading on shared machines.  Set the global assignment NUM_PARALLEL_PROCESSORS in your QSF to an appropriate value for best performance.
Info (20030): Parallel compilation is enabled and will use 16 of the 16 processors detected
Info (119006): Selected device EP4CE6F17C8 for design "fec_saylinx_board_top"
Info (21077): Low junction temperature is 0 degrees C
Info (21077): High junction temperature is 85 degrees C
Info (171003): Fitter is performing an Auto Fit compilation, which may decrease Fitter effort to reduce compilation time
Warning (292013): Feature LogicLock is only available with a valid subscription license. You can purchase a software subscription to gain full access to this feature.
Info (176444): Device migration not selected. If you intend to use device migration later, you may need to change the pin assignments as they may be incompatible with other devices
    Info (176445): Device EP4CE10F17C8 is compatible
    Info (176445): Device EP4CE15F17C8 is compatible
    Info (176445): Device EP4CE22F17C8 is compatible
Info (169124): Fitter converted 4 user pins into dedicated programming pins
    Info (169125): Pin ~ALTERA_ASDO_DATA1~ is reserved at location C1
    Info (169125): Pin ~ALTERA_FLASH_nCE_nCSO~ is reserved at location D2
    Info (169125): Pin ~ALTERA_DCLK~ is reserved at location H1
    Info (169125): Pin ~ALTERA_DATA0~ is reserved at location H2
Warning (15714): Some pins have incomplete I/O assignments. Refer to the I/O Assignment Warnings report for details
Critical Warning (332012): Synopsys Design Constraints File file not found: 'fec_saylinx_board_top.sdc'. A Synopsys Design Constraints File is required by the Timing Analyzer to get proper timing constraints. Without it, the Compiler will not properly optimize the design.
Info (332144): No user constrained base clocks found in the design
Info (332143): No user constrained clock uncertainty found in the design. Calling "derive_clock_uncertainty"
Info (332154): The derive_clock_uncertainty command did not apply clock uncertainty to any clock-to-clock transfers.
Info (332130): Timing requirements not specified -- quality metrics such as performance may be sacrificed to reduce compilation time.
Info (176353): Automatically promoted node CLK~input (placed in PIN E1 (CLK1, DIFFCLK_0n)) File: C:/Users/antip/OneDrive/Desktop/Ўкола/‘ункциональна —хемотехника/lab3/fec_saylinx_board_top.v Line: 3
    Info (176355): Automatically promoted destinations to use location or clock signal Global Clock CLKCTRL_G2
Info (176233): Starting register packing
Info (176235): Finished register packing
    Extra Info (176219): No registers were packed into other blocks
Info (171121): Fitter preparation operations ending: elapsed time is 00:00:01
Info (14896): Fitter has disabled Advanced Physical Optimization because it is not supported for the current family.
Info (170189): Fitter placement preparation operations beginning
Info (170190): Fitter placement preparation operations ending: elapsed time is 00:00:00
Info (170191): Fitter placement operations beginning
Info (170137): Fitter placement was successful
Info (170192): Fitter placement operations ending: elapsed time is 00:00:01
Info (170193): Fitter routing operations beginning
Info (170195): Router estimated average interconnect usage is 0% of the available device resources
    Info (170196): Router estimated peak interconnect usage is 3% of the available device resources in the region that extends from location X23_Y0 to location X34_Y11
Info (170199): The Fitter performed an Auto Fit compilation.  Optimizations were skipped to reduce compilation time.
    Info (170201): Optimizations that may affect the design's routability were skipped
Info (170194): Fitter routing operations ending: elapsed time is 00:00:00
Info (11888): Total time spent on timing analysis during the Fitter is 0.30 seconds.
Info (334003): Started post-fitting delay annotation
Info (334004): Delay annotation completed successfully
Info (334003): Started post-fitting delay annotation
Info (334004): Delay annotation completed successfully
Info (11218): Fitter post-fit operations ending: elapsed time is 00:00:01
Warning (169177): 39 pins must meet Intel FPGA requirements for 3.3-, 3.0-, and 2.5-V interfaces. For more information, refer to AN 447: Interfacing Cyclone IV E Devices with 3.3/3.0/2.5-V LVTTL/LVCMOS I/O Systems.
    Info (169178): Pin GPIO_0_input_pullup[16] uses I/O standard 3.3-V LVTTL at T14 File: C:/Users/antip/OneDrive/Desktop/Ўкола/‘ункциональна —хемотехника/lab3/fec_saylinx_board_top.v Line: 16
    Info (169178): Pin GPIO_1_input_pullup[0] uses I/O standard 3.3-V LVTTL at B1 File: C:/Users/antip/OneDrive/Desktop/Ўкола/‘ункциональна —хемотехника/lab3/fec_saylinx_board_top.v Line: 20
    Info (169178): Pin GPIO_1_input_pullup[1] uses I/O standard 3.3-V LVTTL at B3 File: C:/Users/antip/OneDrive/Desktop/Ўкола/‘ункциональна —хемотехника/lab3/fec_saylinx_board_top.v Line: 20
    Info (169178): Pin GPIO_1_input_pullup[2] uses I/O standard 3.3-V LVTTL at B4 File: C:/Users/antip/OneDrive/Desktop/Ўкола/‘ункциональна —хемотехника/lab3/fec_saylinx_board_top.v Line: 20
    Info (169178): Pin GPIO_1_input_pullup[3] uses I/O standard 3.3-V LVTTL at B5 File: C:/Users/antip/OneDrive/Desktop/Ўкола/‘ункциональна —хемотехника/lab3/fec_saylinx_board_top.v Line: 20
    Info (169178): Pin GPIO_1_input_pullup[4] uses I/O standard 3.3-V LVTTL at B6 File: C:/Users/antip/OneDrive/Desktop/Ўкола/‘ункциональна —хемотехника/lab3/fec_saylinx_board_top.v Line: 20
    Info (169178): Pin GPIO_1_input_pullup[5] uses I/O standard 3.3-V LVTTL at B7 File: C:/Users/antip/OneDrive/Desktop/Ўкола/‘ункциональна —хемотехника/lab3/fec_saylinx_board_top.v Line: 20
    Info (169178): Pin GPIO_1_input_pullup[6] uses I/O standard 3.3-V LVTTL at B8 File: C:/Users/antip/OneDrive/Desktop/Ўкола/‘ункциональна —хемотехника/lab3/fec_saylinx_board_top.v Line: 20
    Info (169178): Pin GPIO_1_input_pullup[7] uses I/O standard 3.3-V LVTTL at B9 File: C:/Users/antip/OneDrive/Desktop/Ўкола/‘ункциональна —хемотехника/lab3/fec_saylinx_board_top.v Line: 20
    Info (169178): Pin GPIO_1_input_pullup[8] uses I/O standard 3.3-V LVTTL at B10 File: C:/Users/antip/OneDrive/Desktop/Ўкола/‘ункциональна —хемотехника/lab3/fec_saylinx_board_top.v Line: 20
    Info (169178): Pin GPIO_1_input_pullup[9] uses I/O standard 3.3-V LVTTL at B11 File: C:/Users/antip/OneDrive/Desktop/Ўкола/‘ункциональна —хемотехника/lab3/fec_saylinx_board_top.v Line: 20
    Info (169178): Pin GPIO_1_input_pullup[10] uses I/O standard 3.3-V LVTTL at B12 File: C:/Users/antip/OneDrive/Desktop/Ўкола/‘ункциональна —хемотехника/lab3/fec_saylinx_board_top.v Line: 20
    Info (169178): Pin GPIO_1_input_pullup[11] uses I/O standard 3.3-V LVTTL at B13 File: C:/Users/antip/OneDrive/Desktop/Ўкола/‘ункциональна —хемотехника/lab3/fec_saylinx_board_top.v Line: 20
    Info (169178): Pin GPIO_1_input_pullup[12] uses I/O standard 3.3-V LVTTL at D5 File: C:/Users/antip/OneDrive/Desktop/Ўкола/‘ункциональна —хемотехника/lab3/fec_saylinx_board_top.v Line: 20
    Info (169178): Pin GPIO_1_input_pullup[13] uses I/O standard 3.3-V LVTTL at C6 File: C:/Users/antip/OneDrive/Desktop/Ўкола/‘ункциональна —хемотехника/lab3/fec_saylinx_board_top.v Line: 20
    Info (169178): Pin GPIO_1_input_pullup[14] uses I/O standard 3.3-V LVTTL at F8 File: C:/Users/antip/OneDrive/Desktop/Ўкола/‘ункциональна —хемотехника/lab3/fec_saylinx_board_top.v Line: 20
    Info (169178): Pin GPIO_1_input_pullup[15] uses I/O standard 3.3-V LVTTL at D8 File: C:/Users/antip/OneDrive/Desktop/Ўкола/‘ункциональна —хемотехника/lab3/fec_saylinx_board_top.v Line: 20
    Info (169178): Pin GPIO_1_input_pullup[16] uses I/O standard 3.3-V LVTTL at E9 File: C:/Users/antip/OneDrive/Desktop/Ўкола/‘ункциональна —хемотехника/lab3/fec_saylinx_board_top.v Line: 20
    Info (169178): Pin CLK uses I/O standard 3.3-V LVTTL at E1 File: C:/Users/antip/OneDrive/Desktop/Ўкола/‘ункциональна —хемотехника/lab3/fec_saylinx_board_top.v Line: 3
    Info (169178): Pin RST_N uses I/O standard 3.3-V LVTTL at N13 File: C:/Users/antip/OneDrive/Desktop/Ўкола/‘ункциональна —хемотехника/lab3/fec_saylinx_board_top.v Line: 4
    Info (169178): Pin GPIO_0_input_pullup[12] uses I/O standard 3.3-V LVTTL at T10 File: C:/Users/antip/OneDrive/Desktop/Ўкола/‘ункциональна —хемотехника/lab3/fec_saylinx_board_top.v Line: 16
    Info (169178): Pin GPIO_0_input_pullup[4] uses I/O standard 3.3-V LVTTL at T2 File: C:/Users/antip/OneDrive/Desktop/Ўкола/‘ункциональна —хемотехника/lab3/fec_saylinx_board_top.v Line: 16
    Info (169178): Pin GPIO_0_input_pullup[13] uses I/O standard 3.3-V LVTTL at T11 File: C:/Users/antip/OneDrive/Desktop/Ўкола/‘ункциональна —хемотехника/lab3/fec_saylinx_board_top.v Line: 16
    Info (169178): Pin GPIO_0_input_pullup[5] uses I/O standard 3.3-V LVTTL at T3 File: C:/Users/antip/OneDrive/Desktop/Ўкола/‘ункциональна —хемотехника/lab3/fec_saylinx_board_top.v Line: 16
    Info (169178): Pin GPIO_0_input_pullup[14] uses I/O standard 3.3-V LVTTL at T12 File: C:/Users/antip/OneDrive/Desktop/Ўкола/‘ункциональна —хемотехника/lab3/fec_saylinx_board_top.v Line: 16
    Info (169178): Pin GPIO_0_input_pullup[6] uses I/O standard 3.3-V LVTTL at T4 File: C:/Users/antip/OneDrive/Desktop/Ўкола/‘ункциональна —хемотехника/lab3/fec_saylinx_board_top.v Line: 16
    Info (169178): Pin GPIO_0_input_pullup[15] uses I/O standard 3.3-V LVTTL at T13 File: C:/Users/antip/OneDrive/Desktop/Ўкола/‘ункциональна —хемотехника/lab3/fec_saylinx_board_top.v Line: 16
    Info (169178): Pin GPIO_0_input_pullup[7] uses I/O standard 3.3-V LVTTL at T5 File: C:/Users/antip/OneDrive/Desktop/Ўкола/‘ункциональна —хемотехника/lab3/fec_saylinx_board_top.v Line: 16
    Info (169178): Pin GPIO_0_input_pullup[8] uses I/O standard 3.3-V LVTTL at T6 File: C:/Users/antip/OneDrive/Desktop/Ўкола/‘ункциональна —хемотехника/lab3/fec_saylinx_board_top.v Line: 16
    Info (169178): Pin GPIO_0_input_pullup[0] uses I/O standard 3.3-V LVTTL at P1 File: C:/Users/antip/OneDrive/Desktop/Ўкола/‘ункциональна —хемотехника/lab3/fec_saylinx_board_top.v Line: 16
    Info (169178): Pin GPIO_0_input_pullup[9] uses I/O standard 3.3-V LVTTL at T7 File: C:/Users/antip/OneDrive/Desktop/Ўкола/‘ункциональна —хемотехника/lab3/fec_saylinx_board_top.v Line: 16
    Info (169178): Pin GPIO_0_input_pullup[1] uses I/O standard 3.3-V LVTTL at R1 File: C:/Users/antip/OneDrive/Desktop/Ўкола/‘ункциональна —хемотехника/lab3/fec_saylinx_board_top.v Line: 16
    Info (169178): Pin GPIO_0_input_pullup[10] uses I/O standard 3.3-V LVTTL at T8 File: C:/Users/antip/OneDrive/Desktop/Ўкола/‘ункциональна —хемотехника/lab3/fec_saylinx_board_top.v Line: 16
    Info (169178): Pin GPIO_0_input_pullup[2] uses I/O standard 3.3-V LVTTL at K9 File: C:/Users/antip/OneDrive/Desktop/Ўкола/‘ункциональна —хемотехника/lab3/fec_saylinx_board_top.v Line: 16
    Info (169178): Pin GPIO_0_input_pullup[11] uses I/O standard 3.3-V LVTTL at T9 File: C:/Users/antip/OneDrive/Desktop/Ўкола/‘ункциональна —хемотехника/lab3/fec_saylinx_board_top.v Line: 16
    Info (169178): Pin GPIO_0_input_pullup[3] uses I/O standard 3.3-V LVTTL at L10 File: C:/Users/antip/OneDrive/Desktop/Ўкола/‘ункциональна —хемотехника/lab3/fec_saylinx_board_top.v Line: 16
    Info (169178): Pin KEY2_N uses I/O standard 3.3-V LVTTL at M15 File: C:/Users/antip/OneDrive/Desktop/Ўкола/‘ункциональна —хемотехника/lab3/fec_saylinx_board_top.v Line: 6
    Info (169178): Pin KEY3_N uses I/O standard 3.3-V LVTTL at M16 File: C:/Users/antip/OneDrive/Desktop/Ўкола/‘ункциональна —хемотехника/lab3/fec_saylinx_board_top.v Line: 7
    Info (169178): Pin KEY4_N uses I/O standard 3.3-V LVTTL at E16 File: C:/Users/antip/OneDrive/Desktop/Ўкола/‘ункциональна —хемотехника/lab3/fec_saylinx_board_top.v Line: 8
Info (144001): Generated suppressed messages file C:/Users/antip/OneDrive/Desktop/Ўкола/‘ункциональна —хемотехника/lab3/output_files/fec_saylinx_board_top.fit.smsg
Info: Quartus Prime Fitter was successful. 0 errors, 5 warnings
    Info: Peak virtual memory: 6516 megabytes
    Info: Processing ended: Mon Dec  8 15:01:50 2025
    Info: Elapsed time: 00:00:05
    Info: Total CPU time (on all processors): 00:00:07


+----------------------------+
; Fitter Suppressed Messages ;
+----------------------------+
The suppressed messages can be found in C:/Users/antip/OneDrive/Desktop/Ўкола/‘ункциональна€ —хемотехника/lab3/output_files/fec_saylinx_board_top.fit.smsg.


